-- phpMyAdmin SQL Dump
-- version 5.0.1
-- https://www.phpmyadmin.net/
--
-- Host: 127.0.0.1
-- Generation Time: May 30, 2022 at 04:08 PM
-- Server version: 10.4.11-MariaDB
-- PHP Version: 7.4.1

SET SQL_MODE = "NO_AUTO_VALUE_ON_ZERO";
SET AUTOCOMMIT = 0;
START TRANSACTION;
SET time_zone = "+00:00";


/*!40101 SET @OLD_CHARACTER_SET_CLIENT=@@CHARACTER_SET_CLIENT */;
/*!40101 SET @OLD_CHARACTER_SET_RESULTS=@@CHARACTER_SET_RESULTS */;
/*!40101 SET @OLD_COLLATION_CONNECTION=@@COLLATION_CONNECTION */;
/*!40101 SET NAMES utf8mb4 */;

--
-- Database: `sharaf_agro`
--

-- --------------------------------------------------------

--
-- Table structure for table `categories`
--

CREATE TABLE `categories` (
  `id` bigint(20) UNSIGNED NOT NULL,
  `name` varchar(225) COLLATE utf8mb4_unicode_ci NOT NULL,
  `created_at` timestamp NULL DEFAULT NULL,
  `updated_at` timestamp NULL DEFAULT NULL
) ENGINE=InnoDB DEFAULT CHARSET=utf8mb4 COLLATE=utf8mb4_unicode_ci;

--
-- Dumping data for table `categories`
--

INSERT INTO `categories` (`id`, `name`, `created_at`, `updated_at`) VALUES
(21, 'مبيدات زراعية', '2022-05-08 17:39:16', '2022-05-08 17:39:16'),
(22, 'اسمدة زراعية', '2022-05-08 17:41:08', '2022-05-08 17:41:08'),
(23, 'صحة عامة', '2022-05-08 18:18:34', '2022-05-08 18:18:34'),
(24, 'مبيدات بيطرية', '2022-05-08 18:18:41', '2022-05-10 02:35:17'),
(25, 'اوراق الشركة', '2022-05-18 17:41:30', '2022-05-18 17:41:30');

-- --------------------------------------------------------

--
-- Table structure for table `customers_balance`
--

CREATE TABLE `customers_balance` (
  `id` bigint(20) UNSIGNED NOT NULL,
  `user_id` bigint(20) UNSIGNED NOT NULL,
  `balance` double NOT NULL,
  `created_at` timestamp NULL DEFAULT NULL,
  `updated_at` timestamp NULL DEFAULT NULL
) ENGINE=InnoDB DEFAULT CHARSET=utf8mb4 COLLATE=utf8mb4_unicode_ci;

--
-- Dumping data for table `customers_balance`
--

INSERT INTO `customers_balance` (`id`, `user_id`, `balance`, `created_at`, `updated_at`) VALUES
(13, 34, 0, '2022-05-11 12:38:13', '2022-05-11 12:38:45'),
(14, 35, -1000, '2022-05-18 17:34:25', '2022-05-18 17:38:58');

-- --------------------------------------------------------

--
-- Table structure for table `customers_responsible`
--

CREATE TABLE `customers_responsible` (
  `id` bigint(20) UNSIGNED NOT NULL,
  `user_id` bigint(20) UNSIGNED NOT NULL,
  `name` varchar(225) COLLATE utf8mb4_unicode_ci NOT NULL,
  `phone` varchar(225) COLLATE utf8mb4_unicode_ci NOT NULL,
  `created_at` timestamp NULL DEFAULT NULL,
  `updated_at` timestamp NULL DEFAULT NULL
) ENGINE=InnoDB DEFAULT CHARSET=utf8mb4 COLLATE=utf8mb4_unicode_ci;

--
-- Dumping data for table `customers_responsible`
--

INSERT INTO `customers_responsible` (`id`, `user_id`, `name`, `phone`, `created_at`, `updated_at`) VALUES
(27, 48, 'ممدوح سراج', '01023335070', '2022-05-12 21:13:31', '2022-05-12 21:13:31'),
(30, 34, 'هدي ممدوح', '01152552777', '2022-05-14 20:47:13', '2022-05-14 20:47:13'),
(31, 49, 'احمد شرف', '01004813784', '2022-05-14 20:49:31', '2022-05-14 20:49:31'),
(32, 35, 'الاء', '01000733075', '2022-05-15 01:24:21', '2022-05-15 01:24:21'),
(33, 47, 'محمد الفرجانى', '01096949563', '2022-05-15 01:27:13', '2022-05-15 01:27:13'),
(34, 39, 'محمد عادل', '01000350263', '2022-05-15 01:28:37', '2022-05-15 01:28:37'),
(35, 50, 'محمد عادل', '01202778838', '2022-05-15 14:56:31', '2022-05-15 14:56:31'),
(36, 51, 'هانى غريب', '01019808175', '2022-05-15 15:00:00', '2022-05-15 15:00:00'),
(37, 51, 'محمد الفرجانى', '01096949563', '2022-05-15 15:00:00', '2022-05-15 15:00:00'),
(38, 52, 'مروه', '01006661689', '2022-05-15 15:05:40', '2022-05-15 15:05:40'),
(39, 52, 'حسن التونى', '01092003264', '2022-05-15 15:05:40', '2022-05-15 15:05:40'),
(40, 53, 'احمد فؤاد', '01118481864', '2022-05-15 15:07:46', '2022-05-15 15:07:46'),
(43, 54, 'مها', '01111203134', '2022-05-15 15:10:57', '2022-05-15 15:10:57'),
(44, 55, 'عبد الرسول', '01020629379', '2022-05-15 15:13:32', '2022-05-15 15:13:32'),
(45, 56, 'تامر', '01004379107', '2022-05-15 15:15:51', '2022-05-15 15:15:51'),
(46, 56, 'رضوى', '01095202389', '2022-05-15 15:15:51', '2022-05-15 15:15:51'),
(47, 57, 'رضوى', '01095202389', '2022-05-15 15:18:15', '2022-05-15 15:18:15'),
(48, 57, 'تامر', '01004379107', '2022-05-15 15:18:15', '2022-05-15 15:18:15'),
(49, 58, 'محمد سمير', '01018084595', '2022-05-15 15:24:06', '2022-05-15 15:24:06'),
(50, 58, 'محمد سلومه', '01003931240', '2022-05-15 15:24:07', '2022-05-15 15:24:07'),
(51, 61, 'كريم', '01270104524', '2022-05-15 15:29:24', '2022-05-15 15:29:24'),
(52, 62, 'كريم', '01270104524', '2022-05-15 15:31:05', '2022-05-15 15:31:05'),
(53, 63, 'امانى', '01024142093', '2022-05-15 15:33:54', '2022-05-15 15:33:54'),
(54, 64, 'امانى', '01024142093', '2022-05-15 15:37:35', '2022-05-15 15:37:35'),
(55, 65, 'عمار', '01111988674', '2022-05-15 15:39:45', '2022-05-15 15:39:45'),
(56, 67, 'ريم', '01122701749', '2022-05-15 15:45:28', '2022-05-15 15:45:28'),
(57, 72, 'كريم', '01022121120', '2022-05-15 15:55:07', '2022-05-15 15:55:07'),
(58, 73, 'ندا', '01062766078', '2022-05-15 15:57:45', '2022-05-15 15:57:45'),
(59, 74, 'ندا', '01062766078', '2022-05-15 15:59:29', '2022-05-15 15:59:29'),
(60, 75, 'عبد الرحمن غازى', '01271103551', '2022-05-15 16:04:53', '2022-05-15 16:04:53'),
(61, 76, 'هبه', '01117002534', '2022-05-15 16:06:12', '2022-05-15 16:06:12'),
(62, 77, 'عبد الحميد عويان', '01201278858', '2022-05-16 12:56:39', '2022-05-16 12:56:39'),
(63, 78, 'سعد عويان', '01000003782', '2022-05-16 13:00:15', '2022-05-16 13:00:15'),
(64, 78, 'مصطفى', '01014886887', '2022-05-16 13:00:15', '2022-05-16 13:00:15'),
(65, 79, 'محمد على', '01221033261', '2022-05-16 13:02:08', '2022-05-16 13:02:08'),
(66, 79, 'محمد علاء', '01550214886', '2022-05-16 13:02:08', '2022-05-16 13:02:08'),
(67, 79, 'احمد على', '01093879241', '2022-05-16 13:02:08', '2022-05-16 13:02:08'),
(68, 80, 'محمد الامير', '01112287962', '2022-05-16 13:04:09', '2022-05-16 13:04:09'),
(69, 81, 'عبد الرحمن', '01006220189', '2022-05-16 13:10:55', '2022-05-16 13:10:55'),
(70, 82, 'احمد نور', '01093334923', '2022-05-16 13:45:05', '2022-05-16 13:45:05'),
(71, 83, 'اسامة حنفى', '01002555110', '2022-05-16 13:46:58', '2022-05-16 13:46:58'),
(72, 83, 'رامى', '01000038174', '2022-05-16 13:46:58', '2022-05-16 13:46:58'),
(73, 84, 'جهاد', '01000038723', '2022-05-16 13:50:20', '2022-05-16 13:50:20'),
(74, 84, 'محمد', '01000038730', '2022-05-16 13:50:20', '2022-05-16 13:50:20'),
(75, 85, 'جهاد', '01000038723', '2022-05-16 14:18:04', '2022-05-16 14:18:04'),
(76, 85, 'محمد', '01000038730', '2022-05-16 14:18:04', '2022-05-16 14:18:04'),
(77, 86, 'احمد نجيب', '01001120460', '2022-05-16 14:20:23', '2022-05-16 14:20:23'),
(78, 87, 'ياسر الحديدى', '01101178181', '2022-05-16 14:26:12', '2022-05-16 14:26:12'),
(79, 87, 'محمد فوزى', '01116223444', '2022-05-16 14:26:12', '2022-05-16 14:26:12'),
(80, 88, 'احمد الغزالى', '01007989020', '2022-05-16 14:29:19', '2022-05-16 14:29:19'),
(81, 88, 'خالد', '01010006785', '2022-05-16 14:29:19', '2022-05-16 14:29:19'),
(82, 88, 'شعبان', '01005767670', '2022-05-16 14:29:19', '2022-05-16 14:29:19'),
(83, 89, 'محمود عبد القادر', '01012292887', '2022-05-16 14:41:11', '2022-05-16 14:41:11'),
(84, 89, 'امنيه', '01122778080', '2022-05-16 14:41:11', '2022-05-16 14:41:11'),
(85, 90, 'راضى شاور', '01030602225', '2022-05-16 14:46:34', '2022-05-16 14:46:34'),
(86, 91, 'محمود', '01101107008', '2022-05-16 14:48:29', '2022-05-16 14:48:29'),
(87, 92, 'رامى خطاب', '01005550405', '2022-05-16 14:50:42', '2022-05-16 14:50:42'),
(88, 92, 'ايمان', '01032167104', '2022-05-16 14:50:42', '2022-05-16 14:50:42'),
(89, 93, 'احمد جمال', '01000015277', '2022-05-16 14:53:22', '2022-05-16 14:53:22'),
(90, 94, 'صبحى البتانونى', '01010111067', '2022-05-16 14:55:01', '2022-05-16 14:55:01'),
(91, 94, 'ماهر', '01204142464', '2022-05-16 14:55:01', '2022-05-16 14:55:01'),
(92, 95, 'قطب عبد المنعم', '01003684605', '2022-05-16 15:02:15', '2022-05-16 15:02:15'),
(93, 96, 'محمد حسين', '01000236660', '2022-05-16 15:06:01', '2022-05-16 15:06:01'),
(94, 97, 'احمد العواد', '01222100650', '2022-05-16 15:08:03', '2022-05-16 15:08:03'),
(95, 98, 'علاء عبد المجيد', '01099888024', '2022-05-16 15:12:18', '2022-05-16 15:12:18'),
(96, 98, 'عمرو', '01000647850', '2022-05-16 15:12:18', '2022-05-16 15:12:18'),
(97, 99, 'احمد', '01066683884', '2022-05-16 15:27:49', '2022-05-16 15:27:49'),
(98, 99, 'محمد عباس', '01017115370', '2022-05-16 15:27:49', '2022-05-16 15:27:49'),
(99, 100, 'امير حامد', '01157735378', '2022-05-16 15:31:09', '2022-05-16 15:31:09'),
(100, 100, 'حسن درويش', '01010506307', '2022-05-16 15:31:09', '2022-05-16 15:31:09'),
(103, 102, 'سامى عرابي', '01020952952', '2022-05-16 15:34:29', '2022-05-16 15:34:29'),
(104, 102, 'تغريد', '01116917781', '2022-05-16 15:34:29', '2022-05-16 15:34:29'),
(105, 103, 'محمد سلامه', '01000080475', '2022-05-16 15:35:46', '2022-05-16 15:35:46'),
(106, 104, 'محمد سليط', '01120030090', '2022-05-16 15:38:02', '2022-05-16 15:38:02'),
(107, 105, 'احمد ماضى', '01005510855', '2022-05-16 15:39:16', '2022-05-16 15:39:16'),
(108, 106, 'محمد الامير', '01112287962', '2022-05-16 15:40:24', '2022-05-16 15:40:24'),
(109, 107, 'احمد فوزى', '01016909257', '2022-05-16 15:41:58', '2022-05-16 15:41:58'),
(110, 109, 'ادهم عبد الرازق', '01151555115', '2022-05-16 15:45:26', '2022-05-16 15:45:26'),
(111, 110, 'جابر الشافعى', '01002434192', '2022-05-16 15:47:07', '2022-05-16 15:47:07'),
(112, 111, 'فواز محمود', '01016167755', '2022-05-16 15:49:03', '2022-05-16 15:49:03'),
(113, 112, 'خالد فتحى عنانى', '0121552704', '2022-05-16 15:51:34', '2022-05-16 15:51:34'),
(114, 113, 'مدحت السايح', '01015437840', '2022-05-16 15:53:23', '2022-05-16 15:53:23'),
(115, 114, 'احمد سويدان', '01000032295', '2022-05-16 15:55:55', '2022-05-16 15:55:55'),
(116, 115, 'فتحى خليل', '01121175764', '2022-05-16 15:58:08', '2022-05-16 15:58:08'),
(117, 116, 'احمد فراج', '0100599408', '2022-05-16 16:00:19', '2022-05-16 16:00:19'),
(118, 117, 'محمود حمدى', '01093900491', '2022-05-16 16:02:19', '2022-05-16 16:02:19'),
(119, 118, 'محمود موسى', '01147333111', '2022-05-16 16:04:17', '2022-05-16 16:04:17'),
(120, 119, 'محمود ورد', '01553232361', '2022-05-16 16:05:23', '2022-05-16 16:05:23'),
(121, 120, 'حسن جويد', '01009996788', '2022-05-16 16:06:51', '2022-05-16 16:06:51'),
(122, 120, 'شيرين', '01019008472', '2022-05-16 16:06:51', '2022-05-16 16:06:51'),
(123, 121, 'على ابو طالب', '01012744412', '2022-05-16 16:10:47', '2022-05-16 16:10:47'),
(124, 122, 'اسماعيل مقرب', '01060902827', '2022-05-16 16:14:29', '2022-05-16 16:14:29'),
(125, 123, 'هبه العشرى', '01117669198', '2022-05-16 16:19:58', '2022-05-16 16:19:58'),
(126, 124, 'الدسوقى اسماعيل', '01009076961', '2022-05-16 16:21:08', '2022-05-16 16:21:08'),
(127, 125, 'احمد عبد المنعم', '01020041003', '2022-05-16 16:22:14', '2022-05-16 16:22:14'),
(128, 126, 'حازم غباشي', '01020041003', '2022-05-16 16:29:52', '2022-05-16 16:29:52'),
(129, 127, 'عبد الرحمن زايد', '01061781022', '2022-05-16 16:31:22', '2022-05-16 16:31:22'),
(130, 128, 'حمادة', '01152319888', '2022-05-16 16:33:21', '2022-05-16 16:33:21'),
(131, 129, 'احمد البراشي', '01060810666', '2022-05-16 16:34:41', '2022-05-16 16:34:41'),
(132, 130, 'سعد نوفل', '01003099479', '2022-05-16 16:36:11', '2022-05-16 16:36:11'),
(133, 131, 'نادى عبد الرؤوف', '01100009476', '2022-05-16 16:38:45', '2022-05-16 16:38:45'),
(134, 132, 'جمال مرزوق', '01004720136', '2022-05-16 16:40:13', '2022-05-16 16:40:13'),
(135, 132, 'وليد', '01028255992', '2022-05-16 16:40:13', '2022-05-16 16:40:13'),
(136, 133, 'عمرو موسي', '01000710705', '2022-05-16 16:41:45', '2022-05-16 16:41:45'),
(137, 133, 'محمود بدوى', '01203215912', '2022-05-16 16:41:45', '2022-05-16 16:41:45'),
(138, 134, 'احمد صلاح', '01006506477', '2022-05-16 16:43:07', '2022-05-16 16:43:07'),
(139, 134, 'حمادة', '01152319888', '2022-05-16 16:43:07', '2022-05-16 16:43:07'),
(140, 135, 'احمد حسن', '01015156800', '2022-05-16 16:44:59', '2022-05-16 16:44:59'),
(141, 136, 'ايهاب', '01005731458', '2022-05-16 16:46:18', '2022-05-16 16:46:18'),
(142, 137, 'محمد الامير', '01112287962', '2022-05-16 16:47:25', '2022-05-16 16:47:25'),
(143, 138, 'خالد', '01000606215', '2022-05-16 16:50:56', '2022-05-16 16:50:56'),
(144, 138, 'محمود', '01000534085', '2022-05-16 16:50:56', '2022-05-16 16:50:56'),
(145, 139, 'احمد عماره', '01228931929', '2022-05-16 16:54:47', '2022-05-16 16:54:47'),
(146, 139, 'احمد فؤاد', '01005367569', '2022-05-16 16:54:47', '2022-05-16 16:54:47'),
(147, 101, 'محمد عبده', '01015156157', '2022-05-17 18:22:10', '2022-05-17 18:22:10'),
(148, 101, 'عبد الرحمن', '01015156158', '2022-05-17 18:22:10', '2022-05-17 18:22:10'),
(149, 142, 'احمد سامى', '01229457542', '2022-05-18 19:07:06', '2022-05-18 19:07:06'),
(150, 143, 'محمد الامير', '01112287962', '2022-05-18 19:47:15', '2022-05-18 19:47:15'),
(151, 144, 'ممدوح سراج', '01023335070', '2022-05-19 15:29:27', '2022-05-19 15:29:27'),
(152, 145, 'ممدوح سراج', '01023335070', '2022-05-19 15:40:10', '2022-05-19 15:40:10'),
(154, 146, 'محمد الامير', '01112287962', '2022-05-19 19:53:46', '2022-05-19 19:53:46'),
(155, 147, 'تامر فوزى', '01069919701', '2022-05-19 19:57:46', '2022-05-19 19:57:46'),
(157, 148, 'محمد الامير', '01112287962', '2022-05-19 20:45:08', '2022-05-19 20:45:08'),
(179, 150, 'محمود', '012454545545', '2022-05-22 12:28:39', '2022-05-22 12:28:39'),
(180, 150, 'محمود', '012312312313', '2022-05-22 12:28:39', '2022-05-22 12:28:39');

-- --------------------------------------------------------

--
-- Table structure for table `entry_and_exit`
--

CREATE TABLE `entry_and_exit` (
  `id` bigint(20) UNSIGNED NOT NULL,
  `user_id` bigint(20) UNSIGNED NOT NULL,
  `current_date` date DEFAULT NULL,
  `entry` datetime DEFAULT NULL,
  `exit` datetime DEFAULT NULL,
  `is_enter` tinyint(1) NOT NULL DEFAULT 0,
  `is_exit` tinyint(1) NOT NULL DEFAULT 0,
  `latitude` varchar(225) COLLATE utf8mb4_unicode_ci NOT NULL,
  `longitude` varchar(225) COLLATE utf8mb4_unicode_ci NOT NULL,
  `created_at` timestamp NULL DEFAULT NULL,
  `updated_at` timestamp NULL DEFAULT NULL
) ENGINE=InnoDB DEFAULT CHARSET=utf8mb4 COLLATE=utf8mb4_unicode_ci;

--
-- Dumping data for table `entry_and_exit`
--

INSERT INTO `entry_and_exit` (`id`, `user_id`, `current_date`, `entry`, `exit`, `is_enter`, `is_exit`, `latitude`, `longitude`, `created_at`, `updated_at`) VALUES
(2, 152, '2022-05-28', '2022-05-28 06:00:00', NULL, 1, 0, '29.9772568', '31.2511796', '2022-05-28 04:00:31', '2022-05-28 04:00:31'),
(3, 152, '2022-05-28', NULL, '2022-05-28 14:00:00', 0, 1, '29.9772568', '31.2511796', '2022-05-28 12:00:52', '2022-05-28 12:00:52'),
(4, 151, '2022-05-28', '2022-05-28 06:05:00', NULL, 1, 0, '29.9772568', '31.2511796', '2022-05-28 04:05:20', '2022-05-28 04:05:20'),
(5, 151, '2022-05-28', NULL, '2022-05-28 13:31:00', 0, 1, '29.9772568', '31.2511796', '2022-05-28 11:31:37', '2022-05-28 11:31:37'),
(6, 152, '2022-05-29', '2022-05-29 07:30:00', NULL, 1, 0, '29.9772568', '31.2511796', '2022-05-29 05:30:32', '2022-05-29 05:30:32'),
(7, 152, '2022-05-29', NULL, '2022-05-29 14:31:00', 0, 1, '29.9772568', '31.2511796', '2022-05-29 12:31:08', '2022-05-29 12:31:08'),
(8, 151, '2022-05-30', '2022-05-30 00:00:00', NULL, 1, 0, '29.9772568', '31.123456456', '2022-05-29 22:00:03', '2022-05-29 22:00:03');

-- --------------------------------------------------------

--
-- Table structure for table `failed_jobs`
--

CREATE TABLE `failed_jobs` (
  `id` bigint(20) UNSIGNED NOT NULL,
  `connection` text COLLATE utf8mb4_unicode_ci NOT NULL,
  `queue` text COLLATE utf8mb4_unicode_ci NOT NULL,
  `payload` longtext COLLATE utf8mb4_unicode_ci NOT NULL,
  `exception` longtext COLLATE utf8mb4_unicode_ci NOT NULL,
  `failed_at` timestamp NOT NULL DEFAULT current_timestamp()
) ENGINE=InnoDB DEFAULT CHARSET=utf8mb4 COLLATE=utf8mb4_unicode_ci;

-- --------------------------------------------------------

--
-- Table structure for table `firebase_tokens`
--

CREATE TABLE `firebase_tokens` (
  `id` bigint(20) UNSIGNED NOT NULL,
  `user_id` bigint(20) UNSIGNED NOT NULL,
  `token` varchar(200) COLLATE utf8mb4_unicode_ci NOT NULL,
  `created_at` timestamp NULL DEFAULT NULL,
  `updated_at` timestamp NULL DEFAULT NULL
) ENGINE=InnoDB DEFAULT CHARSET=utf8mb4 COLLATE=utf8mb4_unicode_ci;

--
-- Dumping data for table `firebase_tokens`
--

INSERT INTO `firebase_tokens` (`id`, `user_id`, `token`, `created_at`, `updated_at`) VALUES
(17, 1, 'ffce06wGWGC-NKaARc_SUW:APA91bHjsiZhFE9NrAtQSFKL8tZlg_rtvMBxixHc_IqLsWxBxDIgujIfygOaTVeo6LpX31tHrMZnSpod5euhYChKGXb9DbDF0U4Mvv0dY9KW3EBMXaUEZIJKudoFKt3pAI9_BV6-dhjP', '2022-04-30 11:59:28', '2022-04-30 11:59:28'),
(21, 1, 'dEd8mPKTq9ycNm29hsnX9a:APA91bH0G7KUzOvsM1WWvSoiV81KuLKaUGjcOpPZYq5DuMYfBpSbPcpgK5JDQ6yXnclwwOTsZysO9rzFhsbBk8sd4XQg6qugfe4010Zkk1aeRUyHaQgN1vH7jSWZbH4h8M22MNdyuwTU', '2022-05-01 10:55:41', '2022-05-01 10:55:41'),
(22, 1, 'dEd8mPKTq9ycNm29hsnX9a:APA91bF8_lj3-2gjj0ngtMYJGU7LNVDQ4h5cX6xnG0Tc_q0dDsulsJPbfwrXdhn1IP41hZ3F7H7xqOd3kwhcOHBo-d9M5fKjgC8zO1GUdhIZqSZenMuGeiJcx6016DMtow58akOkm784', '2022-05-01 10:57:02', '2022-05-01 10:57:02');

-- --------------------------------------------------------

--
-- Table structure for table `inquires_histories`
--

CREATE TABLE `inquires_histories` (
  `id` bigint(20) UNSIGNED NOT NULL,
  `inquire_id` bigint(20) UNSIGNED NOT NULL,
  `user_id` bigint(20) UNSIGNED NOT NULL,
  `created_at` timestamp NULL DEFAULT NULL,
  `updated_at` timestamp NULL DEFAULT NULL
) ENGINE=InnoDB DEFAULT CHARSET=utf8mb4 COLLATE=utf8mb4_unicode_ci;

--
-- Dumping data for table `inquires_histories`
--

INSERT INTO `inquires_histories` (`id`, `inquire_id`, `user_id`, `created_at`, `updated_at`) VALUES
(1, 24, 1, '2022-05-22 10:19:51', '2022-05-22 10:19:51');

-- --------------------------------------------------------

--
-- Table structure for table `inquires_view`
--

CREATE TABLE `inquires_view` (
  `id` bigint(20) UNSIGNED NOT NULL,
  `inquire_id` bigint(20) UNSIGNED NOT NULL,
  `user_id` bigint(20) UNSIGNED NOT NULL,
  `viewed` tinyint(1) NOT NULL,
  `created_at` timestamp NULL DEFAULT NULL,
  `updated_at` timestamp NULL DEFAULT NULL
) ENGINE=InnoDB DEFAULT CHARSET=utf8mb4 COLLATE=utf8mb4_unicode_ci;

--
-- Dumping data for table `inquires_view`
--

INSERT INTO `inquires_view` (`id`, `inquire_id`, `user_id`, `viewed`, `created_at`, `updated_at`) VALUES
(38, 21, 37, 1, '2022-05-19 14:53:21', '2022-05-19 14:53:21'),
(39, 23, 1, 1, '2022-05-21 15:24:22', '2022-05-21 15:24:22'),
(40, 23, 149, 1, '2022-05-22 09:27:28', '2022-05-22 09:27:28'),
(41, 24, 1, 1, '2022-05-22 10:24:29', '2022-05-22 10:24:29'),
(42, 22, 151, 1, '2022-05-23 09:01:25', '2022-05-23 09:01:25');

-- --------------------------------------------------------

--
-- Table structure for table `inquiries`
--

CREATE TABLE `inquiries` (
  `id` bigint(20) UNSIGNED NOT NULL,
  `category_id` bigint(20) UNSIGNED NOT NULL,
  `sub_category_id` bigint(20) UNSIGNED DEFAULT NULL,
  `customer_id` bigint(20) UNSIGNED NOT NULL,
  `sender_name` varchar(255) COLLATE utf8mb4_unicode_ci NOT NULL,
  `sender_phone` varchar(255) COLLATE utf8mb4_unicode_ci NOT NULL,
  `details` text COLLATE utf8mb4_unicode_ci NOT NULL,
  `reply` text COLLATE utf8mb4_unicode_ci DEFAULT NULL,
  `created_at` timestamp NULL DEFAULT NULL,
  `updated_at` timestamp NULL DEFAULT NULL
) ENGINE=InnoDB DEFAULT CHARSET=utf8mb4 COLLATE=utf8mb4_unicode_ci;

--
-- Dumping data for table `inquiries`
--

INSERT INTO `inquiries` (`id`, `category_id`, `sub_category_id`, `customer_id`, `sender_name`, `sender_phone`, `details`, `reply`, `created_at`, `updated_at`) VALUES
(21, 21, 34, 34, '', '', 'ايه اخبار موافقة تكلو', NULL, '2022-05-19 14:37:28', '2022-05-19 14:44:29'),
(22, 21, 34, 149, 'mohamed', '02251604506405', 'askldjlkasjdaskldjaskldjaskldldasjkldjasdasdjkls', NULL, '2022-05-21 15:16:32', '2022-05-22 09:36:46'),
(23, 23, 52, 149, 'محسن', '0564056456', 'يشسنميشستمنينشس', NULL, '2022-05-21 15:17:58', '2022-05-22 09:39:28'),
(24, 23, 48, 149, 'مجدى', 'asdqwe21123123', 'asdasfafgasfa', 'asdasfasfafasfasf', '2022-05-22 09:38:26', '2022-05-22 10:19:38');

-- --------------------------------------------------------

--
-- Table structure for table `migrations`
--

CREATE TABLE `migrations` (
  `id` int(10) UNSIGNED NOT NULL,
  `migration` varchar(225) COLLATE utf8mb4_unicode_ci NOT NULL,
  `batch` int(11) NOT NULL
) ENGINE=InnoDB DEFAULT CHARSET=utf8mb4 COLLATE=utf8mb4_unicode_ci;

--
-- Dumping data for table `migrations`
--

INSERT INTO `migrations` (`id`, `migration`, `batch`) VALUES
(12, '2014_10_12_000000_create_users_table', 1),
(13, '2014_10_12_100000_create_password_resets_table', 1),
(14, '2019_08_19_000000_create_failed_jobs_table', 1),
(15, '2022_02_09_101308_create_categories_table', 1),
(16, '2022_02_09_101309_create_sub_categories_table', 1),
(17, '2022_02_10_115931_create_settings_table', 1),
(18, '2022_02_11_143944_create_permessions_table', 1),
(19, '2022_02_11_144056_create_roles_table', 1),
(20, '2022_02_11_144149_create_roles_permessions_table', 1),
(21, '2022_02_11_144255_create_users_roles_table', 1),
(22, '2022_02_15_121001_create_statuses_table', 1),
(26, '2022_04_19_144849_create_user_categories_table', 2),
(27, '2022_04_20_111015_create_user_sub_categories_table', 2),
(28, '2022_04_20_124307_create_customers_responsible_table', 3),
(30, '2022_04_20_133601_create_customers_balance_table', 4),
(33, '2022_04_21_124331_create_orders_table', 5),
(36, '2022_04_22_021421_create_orders_under_work_table', 6),
(37, '2022_04_23_134454_create_orders_under_work_viewers_table', 7),
(42, '2022_04_23_152151_create_inquiries_table', 8),
(43, '2022_04_23_175043_create_inquires_view_table', 8),
(44, '2022_04_24_002131_create_news_table', 9),
(45, '2022_04_24_015735_create_news_view_table', 10),
(46, '2022_04_25_010443_orders_view_table', 11),
(48, '2022_04_26_172836_create_firebase_tokens_table', 12),
(49, '2022_05_22_114443_create_orders_under_work_histories_table', 13),
(50, '2022_05_22_121143_create_inquires_histories_table', 14),
(52, '2022_05_22_122532_create_orders_histories_table', 15),
(59, '2022_05_26_121513_create_entry_and_exit_table', 16);

-- --------------------------------------------------------

--
-- Table structure for table `news`
--

CREATE TABLE `news` (
  `id` bigint(20) UNSIGNED NOT NULL,
  `name` varchar(225) COLLATE utf8mb4_unicode_ci NOT NULL,
  `images` text COLLATE utf8mb4_unicode_ci NOT NULL,
  `details` text COLLATE utf8mb4_unicode_ci NOT NULL,
  `send_notify` tinyint(1) NOT NULL,
  `created_at` timestamp NULL DEFAULT NULL,
  `updated_at` timestamp NULL DEFAULT NULL
) ENGINE=InnoDB DEFAULT CHARSET=utf8mb4 COLLATE=utf8mb4_unicode_ci;

-- --------------------------------------------------------

--
-- Table structure for table `news_view`
--

CREATE TABLE `news_view` (
  `id` bigint(20) UNSIGNED NOT NULL,
  `new_id` bigint(20) UNSIGNED NOT NULL,
  `user_id` bigint(20) UNSIGNED NOT NULL,
  `viewed` tinyint(1) NOT NULL,
  `created_at` timestamp NULL DEFAULT NULL,
  `updated_at` timestamp NULL DEFAULT NULL
) ENGINE=InnoDB DEFAULT CHARSET=utf8mb4 COLLATE=utf8mb4_unicode_ci;

-- --------------------------------------------------------

--
-- Table structure for table `orders`
--

CREATE TABLE `orders` (
  `id` bigint(20) UNSIGNED NOT NULL,
  `category_id` bigint(20) UNSIGNED NOT NULL,
  `sub_category_id` bigint(20) UNSIGNED DEFAULT NULL,
  `customer_id` bigint(20) UNSIGNED NOT NULL,
  `employee_id` bigint(20) UNSIGNED NOT NULL,
  `status_id` bigint(20) UNSIGNED NOT NULL,
  `name` varchar(225) COLLATE utf8mb4_unicode_ci NOT NULL,
  `details` text COLLATE utf8mb4_unicode_ci NOT NULL,
  `files` text COLLATE utf8mb4_unicode_ci DEFAULT NULL,
  `submission_date` date DEFAULT NULL,
  `expected_date` date DEFAULT NULL,
  `expiry_date` date DEFAULT NULL,
  `expiry_date_notify` date DEFAULT NULL,
  `expected_notify` tinyint(1) NOT NULL DEFAULT 0,
  `show_details` tinyint(1) NOT NULL DEFAULT 0,
  `created_at` timestamp NULL DEFAULT NULL,
  `updated_at` timestamp NULL DEFAULT NULL
) ENGINE=InnoDB DEFAULT CHARSET=utf8mb4 COLLATE=utf8mb4_unicode_ci;

--
-- Dumping data for table `orders`
--

INSERT INTO `orders` (`id`, `category_id`, `sub_category_id`, `customer_id`, `employee_id`, `status_id`, `name`, `details`, `files`, `submission_date`, `expected_date`, `expiry_date`, `expiry_date_notify`, `expected_notify`, `show_details`, `created_at`, `updated_at`) VALUES
(86, 23, 48, 34, 41, 3, 'اى جى لاوجون', 'تم التقديم soft  بانتظار المراجعة', NULL, '2022-04-22', '2022-05-22', NULL, NULL, 1, 0, '2022-05-11 12:41:32', '2022-05-13 11:40:07'),
(87, 23, 53, 34, 41, 3, 'لاوجين سائل', 'تم ارسال استكمال فى 13/4/2022: تم استلام الملف بتاريخ  28/4/2022 وجارى التقييم فى الثبات', NULL, '2022-04-28', '2022-05-28', NULL, NULL, 1, 0, '2022-05-11 12:48:34', '2022-05-13 11:40:14'),
(88, 21, 42, 34, 37, 2, 'تكلو', 'شهادة تسجيل', '[\"uploads\\/orders\\/ \\u062a\\u0633\\u062c\\u064a\\u0644 \\u062a\\u0643\\u0644\\u0648-1652259423.pdf\"]', NULL, NULL, '2026-11-02', NULL, 0, 0, '2022-05-11 12:52:05', '2022-05-11 12:57:03'),
(89, 21, 46, 34, 37, 2, 'تكلو', 'شهادة فترة ماقبل الحصاد', '[\"uploads\\/orders\\/PHI\\u062a\\u0643\\u0644\\u0648-1652259349.pdf\"]', NULL, NULL, '2026-11-21', NULL, 0, 0, '2022-05-11 12:55:50', '2022-05-11 12:57:45'),
(90, 21, 34, 34, 37, 3, 'تكلو', 'بطاقة استدلالية لصالح ايفرجرين + تفويض بالاستيراد', '[\"uploads\\/orders\\/ \\u062a\\u0643\\u0644\\u0648-1652259706.pdf\",\"uploads\\/orders\\/ \\u0628\\u0637\\u0627\\u0642\\u0629 \\u062a\\u0643\\u0644\\u0648-1652259706.pdf\"]', '2022-04-21', '2022-05-21', NULL, NULL, 1, 0, '2022-05-11 13:01:46', '2022-05-13 11:40:19'),
(91, 21, 44, 34, 37, 2, 'تكلو', 'شهادة تحليل تجريب سنوات سابقة', '[\"uploads\\/orders\\/ \\u062a\\u062d\\u0644\\u064a\\u0644 \\u062a\\u062c\\u0631\\u064a\\u0628 \\u062a\\u0643\\u0644\\u0648-1652259812.pdf\"]', NULL, NULL, NULL, NULL, 0, 0, '2022-05-11 13:03:32', '2022-05-11 13:03:32'),
(92, 22, 54, 34, 45, 2, 'سولفيد 5-5-45 بلس', '0', '[\"uploads\\/orders\\/ 5-5-45 \\u0628\\u0644\\u0633-1652282935.jpg\"]', NULL, NULL, '2023-07-01', NULL, 0, 0, '2022-05-11 19:28:55', '2022-05-11 19:28:55'),
(93, 22, 54, 34, 45, 2, 'سولفيد 15/30/15', '0', '[\"uploads\\/orders\\/ 15-30-15-1652283273.jpg\"]', NULL, NULL, '2026-06-25', NULL, 0, 0, '2022-05-11 19:34:33', '2022-05-11 19:35:53'),
(94, 22, 54, 34, 40, 3, 'سولفيد', 'رقم الدفتر 2022-20202', NULL, '2022-05-11', '2022-08-11', NULL, NULL, 0, 0, '2022-05-11 21:36:57', '2022-05-11 21:36:57'),
(95, 22, 54, 34, 40, 2, 'سولفيد', 'رقم الدفتر 2022', NULL, NULL, NULL, '2030-10-15', NULL, 0, 0, '2022-05-11 21:44:08', '2022-05-11 21:44:08'),
(97, 24, 38, 34, 42, 2, 'زينون فيت', '1', '[\"uploads\\/orders\\/ \\u0632\\u0627\\u064a\\u0646\\u0648\\u0646 \\u0641\\u064a\\u062a-1652362307.pdf\"]', NULL, NULL, '2023-06-02', NULL, 0, 0, '2022-05-12 17:31:47', '2022-05-12 17:31:47'),
(98, 24, 38, 34, 42, 2, 'سايبر فيت', 'موافقة سير', '[\"uploads\\/orders\\/ \\u0633\\u064a\\u0631 \\u0633\\u064a\\u0628\\u0631\\u0641\\u064a\\u062a-1652362942.jpg\"]', NULL, NULL, '2019-12-31', NULL, 0, 0, '2022-05-12 17:40:50', '2022-05-12 17:42:22'),
(99, 22, 54, 34, 45, 2, 'اكسترا بوتينتات بلس', '0', '[\"uploads\\/orders\\/ \\u0628\\u0648\\u062a\\u064a\\u0646\\u062a\\u0627\\u062a \\u0628\\u0644\\u0633-1652363884.pdf\"]', NULL, NULL, '2023-07-30', NULL, 0, 0, '2022-05-12 17:58:04', '2022-05-12 17:58:04'),
(100, 22, 54, 34, 45, 2, 'سولفيد 20-20-20', '0', '[\"uploads\\/orders\\/ 20-20-20-1652364127.jpg\"]', NULL, NULL, '2030-03-01', NULL, 0, 0, '2022-05-12 18:02:07', '2022-05-12 18:02:07'),
(101, 22, 54, 34, 45, 2, 'سولفيد اى جى كاب', '0', '[\"uploads\\/orders\\/ \\u0627\\u0649 \\u062c\\u0649 \\u0643\\u0627\\u0628-1652364388.pdf\"]', NULL, NULL, '2027-11-05', NULL, 0, 0, '2022-05-12 18:06:28', '2022-05-12 18:06:28'),
(102, 22, 54, 34, 45, 2, 'سولفيد بلانسر', '0', '[\"uploads\\/orders\\/ \\u0628\\u0644\\u0627\\u0646\\u0633\\u0631 \\u0645\\u0639\\u062f\\u0644\\u0647-1652364551.jpg\"]', NULL, NULL, '2023-09-29', NULL, 0, 0, '2022-05-12 18:09:11', '2022-05-17 18:48:35'),
(103, 22, 54, 34, 45, 2, 'سولفيد حديد 6%ايدها', '0', '[\"uploads\\/orders\\/ \\u062d\\u062f\\u064a\\u062f 6 \\u0627\\u064a\\u062f\\u0647\\u0627 \\u062c\\u062f\\u064a\\u062f\\u0629-1652903108.jpg\"]', NULL, NULL, '2027-02-13', NULL, 0, 0, '2022-05-12 18:11:25', '2022-05-18 23:45:08'),
(104, 22, 54, 34, 45, 2, 'سولفيد حديد13%ايديتا', '0', '[\"uploads\\/orders\\/ \\u062d\\u062f\\u064a\\u062f 13 \\u0627\\u064a\\u062f\\u064a\\u062a\\u0627-1652903003.jpg\"]', NULL, NULL, '2032-01-09', NULL, 0, 0, '2022-05-12 18:19:17', '2022-05-18 23:43:23'),
(105, 22, 54, 34, 45, 2, 'سولفيد راير بلس اى جى', '0', '[\"uploads\\/orders\\/ \\u0631\\u0627\\u064a\\u0631 \\u0628\\u0644\\u0633-1652365387.jpg\"]', NULL, NULL, '2023-08-28', NULL, 0, 0, '2022-05-12 18:23:07', '2022-05-12 18:23:07'),
(106, 22, 54, 34, 45, 2, 'سولفيد زنك 14%ايديتا', '0', '[\"uploads\\/orders\\/ \\u0632\\u0646\\u0643 14 \\u0627\\u064a\\u062f\\u064a\\u062a\\u0627-1652903636.jpg\"]', NULL, NULL, '2032-02-13', NULL, 0, 0, '2022-05-12 18:25:57', '2022-05-18 23:53:56'),
(107, 22, 54, 34, 45, 2, 'سولفيد سارو ميكس', '0', '[\"uploads\\/orders\\/ \\u0633\\u0627\\u0631\\u0648 \\u0645\\u064a\\u0643\\u0633-1652365812.pdf\"]', NULL, NULL, '2031-10-17', NULL, 0, 0, '2022-05-12 18:30:12', '2022-05-12 18:30:12'),
(108, 21, 34, 34, 37, 2, 'يوروماك', 'شهادة تسجيل سارية', '[\"uploads\\/orders\\/ \\u062a\\u0633\\u062c\\u064a\\u0644 \\u064a\\u0648\\u0631\\u0648\\u0645\\u0627\\u0643-1652366144.pdf\"]', NULL, NULL, '2024-12-22', NULL, 0, 0, '2022-05-12 18:35:44', '2022-05-12 18:35:44'),
(109, 22, 54, 34, 45, 2, 'سولفيد فو كال اى جى', '0', '[\"uploads\\/orders\\/ \\u0641\\u0648 \\u0643\\u0627\\u0644 \\u0627\\u0649 \\u062c\\u0649-1652366317.pdf\"]', NULL, NULL, '2032-01-03', NULL, 0, 0, '2022-05-12 18:38:37', '2022-05-12 18:38:37'),
(110, 22, 54, 34, 45, 2, 'سولفيد كابتين', '0', '[\"uploads\\/orders\\/ \\u0643\\u0627\\u0628\\u062a\\u064a\\u0646-1652366446.jpg\"]', NULL, NULL, '2023-09-29', NULL, 0, 0, '2022-05-12 18:40:46', '2022-05-12 18:40:46'),
(111, 21, 46, 34, 37, 2, 'يوروماك', 'شهادة فترة ماقبل الحصاد', '[\"uploads\\/orders\\/phi \\u064a\\u0648\\u0631\\u0648\\u0645\\u0627\\u0643-1652366579.pdf\"]', NULL, NULL, '2026-03-01', NULL, 0, 0, '2022-05-12 18:42:59', '2022-05-12 18:42:59'),
(112, 22, 54, 34, 45, 2, 'سولفيد كيبكس', '0', '[\"uploads\\/orders\\/ \\u0643\\u064a\\u0628\\u0643\\u0633-1652366614.jpg\"]', NULL, NULL, '2027-11-05', NULL, 0, 0, '2022-05-12 18:43:34', '2022-05-12 18:43:34'),
(113, 22, 54, 34, 45, 2, 'سولفيد منجنيز 13%ايدتا', '0', '[\"uploads\\/orders\\/ \\u0645\\u0646\\u062c\\u0646\\u064a\\u0632 13 \\u0627\\u064a\\u062f\\u064a\\u062a\\u0627-1652707008.jpg\"]', NULL, NULL, '2027-01-15', NULL, 0, 0, '2022-05-12 18:45:31', '2022-05-16 17:16:48'),
(114, 21, 58, 34, 37, 2, 'يوروماك', '100سم + 250سم +10 لتر لصالح شركة ايفرجرين', '[\"uploads\\/orders\\/ \\u064a\\u0648\\u0631\\u0648\\u0645\\u0627\\u0643 (1)-1652366822.pdf\",\"uploads\\/orders\\/ \\u064a\\u0648\\u0631\\u0648\\u0645\\u0627\\u0643 (2)-1652366822.pdf\",\"uploads\\/orders\\/ \\u064a\\u0648\\u0631\\u0648\\u0645\\u0627\\u0643 10 \\u0644\\u062a\\u0631-1652366822.pdf\"]', NULL, NULL, NULL, NULL, 0, 0, '2022-05-12 18:47:02', '2022-05-12 18:47:02'),
(115, 22, 54, 34, 45, 2, 'سولفيد نحاس 14%ايدتا', '0', '[\"uploads\\/orders\\/ \\u0646\\u062d\\u0627\\u0633 14 \\u0627\\u064a\\u062f\\u062a\\u0627-1652902515.jpg\"]', NULL, NULL, '2023-07-30', NULL, 0, 0, '2022-05-12 18:47:23', '2022-05-18 23:35:15'),
(116, 22, 54, 34, 45, 2, 'سولفيد هاى بي اى جى', '0', '[\"uploads\\/orders\\/ \\u0647\\u0627\\u0649 \\u0628\\u0649-1652367004.jpg\"]', NULL, NULL, '2023-08-28', NULL, 0, 0, '2022-05-12 18:50:04', '2022-05-13 11:24:37'),
(117, 21, 42, 34, 37, 2, 'يوروزول', 'شهادة تسجيل سارية', '[\"uploads\\/orders\\/ \\u062a\\u0633\\u062c\\u064a\\u0644 \\u064a\\u0648\\u0631\\u0648\\u0632\\u0648\\u0644-1652367011.pdf\"]', NULL, NULL, '2026-01-18', NULL, 0, 0, '2022-05-12 18:50:11', '2022-05-12 18:50:11'),
(118, 21, 46, 34, 37, 2, 'يوروزول', 'شهادة فترة ماقبل الحصاد', '[\"uploads\\/orders\\/phi \\u064a\\u0648\\u0631\\u0648\\u0632\\u0648\\u0644-1652367169.pdf\"]', NULL, NULL, '2027-07-07', NULL, 0, 0, '2022-05-12 18:52:49', '2022-05-12 18:52:49'),
(119, 21, 58, 34, 37, 2, 'يوروزول', '5لتر + 100سم لصالح ايفرجرين', NULL, NULL, NULL, '2023-01-18', NULL, 0, 0, '2022-05-12 18:57:31', '2022-05-12 19:00:14'),
(120, 21, 59, 34, 37, 2, 'تكلو', 'تم التقديم لاجتياز اخر لتعديل الشركة المنتجة', '[\"uploads\\/orders\\/ \\u062a\\u0643\\u0644\\u0648-1652368869.pdf\"]', NULL, NULL, '2023-09-02', NULL, 0, 0, '2022-05-12 19:21:09', '2022-05-12 19:21:09'),
(121, 21, 34, 34, 37, 2, 'يوروماك', 'اجتياز', '[\"uploads\\/orders\\/ \\u064a\\u0648\\u0631\\u0648\\u0645\\u0627\\u0643-1652369259.pdf\"]', NULL, NULL, '2024-10-04', NULL, 0, 0, '2022-05-12 19:27:39', '2022-05-12 19:27:39'),
(122, 21, 59, 34, 37, 2, 'يوروزول', 'اجتياز', '[\"uploads\\/orders\\/ \\u064a\\u0648\\u0631\\u0648\\u0632\\u0648\\u0644-1652369519.pdf\"]', NULL, NULL, '2022-11-03', NULL, 0, 0, '2022-05-12 19:31:59', '2022-05-12 19:31:59'),
(123, 21, 42, 34, 37, 2, 'يوروسات', 'شهادة تسجيل', '[\"uploads\\/orders\\/ \\u064a\\u0648\\u0631\\u0648\\u0633\\u0627\\u062a-1652369771.pdf\"]', NULL, NULL, '2022-12-15', NULL, 0, 0, '2022-05-12 19:36:11', '2022-05-12 19:36:11'),
(124, 21, 46, 34, 37, 2, 'يوروسات', 'شهادة فترة ماقبل الحصاد', '[\"uploads\\/orders\\/phi \\u0627\\u0644\\u062c\\u062f\\u064a\\u062f\\u0629-1652369904.pdf\"]', NULL, NULL, '2026-05-01', NULL, 0, 0, '2022-05-12 19:38:24', '2022-05-12 19:38:24'),
(125, 21, 58, 34, 37, 2, 'يوروسات', '1 لتر لصالح ايفر جرين', '[\"uploads\\/orders\\/ \\u064a\\u0648\\u0631\\u0648\\u0633\\u0627\\u062a-1652370053.pdf\"]', NULL, NULL, '2022-12-15', NULL, 0, 0, '2022-05-12 19:40:53', '2022-05-12 19:40:53'),
(126, 21, 59, 34, 37, 2, 'يوروسات', 'اجتياز', '[\"uploads\\/orders\\/ \\u064a\\u0648\\u0631\\u0648\\u0633\\u0627\\u062a (2)-1652370170.pdf\"]', NULL, NULL, '2022-12-15', NULL, 0, 0, '2022-05-12 19:42:50', '2022-05-12 19:42:50'),
(127, 21, 42, 34, 37, 2, 'زون اي جي', 'شهادة تسجيل', '[\"uploads\\/orders\\/ \\u062a\\u0633\\u062c\\u064a\\u0644 \\u0632\\u0648\\u0646 \\u0627\\u064a \\u062c\\u064a-1652626480.pdf\"]', NULL, NULL, '2027-02-01', NULL, 0, 0, '2022-05-15 18:54:40', '2022-05-15 18:56:23'),
(128, 21, 46, 34, 37, 2, 'زون اي جي', 'شهادة فترة ماقبل الحصاد', '[\"uploads\\/orders\\/PHI-1652626691.pdf\"]', NULL, NULL, '2026-06-06', NULL, 0, 0, '2022-05-15 18:58:11', '2022-05-15 18:58:11'),
(129, 21, 58, 34, 37, 2, 'زون اي جي', 'بطاقة 500 سم لصالح ايفرجرين', '[\"uploads\\/orders\\/ \\u0632\\u0648\\u0646 \\u0627\\u064a \\u062c\\u064a 500\\u0633\\u0645-1652627312.pdf\"]', NULL, NULL, '2023-02-01', NULL, 0, 0, '2022-05-15 18:58:58', '2022-05-15 19:08:32'),
(130, 21, 59, 34, 37, 2, 'زون اي جي', 'اجتياز', '[\"uploads\\/orders\\/ \\u0632\\u0648\\u0646 \\u0627\\u0649 \\u062c\\u0649-1652626818.pdf\"]', NULL, NULL, '2024-02-01', NULL, 0, 0, '2022-05-15 19:00:18', '2022-05-15 19:00:18'),
(131, 21, 42, 34, 37, 2, 'يوروتك', 'شهادة تسجيل', '[\"uploads\\/orders\\/ \\u062a\\u0633\\u062c\\u064a\\u0644 \\u062c\\u062f\\u064a\\u062f EURO TECH-1652628422.pdf\"]', NULL, NULL, '2026-01-08', NULL, 0, 0, '2022-05-15 19:27:02', '2022-05-15 19:27:02'),
(132, 21, 46, 34, 37, 2, 'يوروتك', 'شهادة ماقبل الحصاد منتهي 2020', '[\"uploads\\/orders\\/PHI Eurozeb-1652630316.pdf\"]', NULL, NULL, '2020-01-01', NULL, 0, 0, '2022-05-15 19:58:36', '2022-05-15 20:06:26'),
(133, 21, 58, 34, 37, 2, 'يوروتك', 'بطاقات لصالح ايفرجرين سعه 250جم +750جم + 1 كجم +5 كجم +10 كجم', '[\"uploads\\/orders\\/ \\u064a\\u0648\\u0631\\u0648\\u062a\\u0643-1652630730.pdf\"]', NULL, NULL, '2024-01-18', NULL, 0, 0, '2022-05-15 20:05:30', '2022-05-15 20:05:30'),
(134, 21, 59, 34, 37, 2, 'يوروتك', 'اجتياز', '[\"uploads\\/orders\\/ \\u064a\\u0648\\u0631\\u0648\\u062a\\u0643-1652630927.pdf\"]', NULL, NULL, '2022-11-04', NULL, 0, 0, '2022-05-15 20:08:47', '2022-05-15 20:08:47'),
(135, 21, 34, 34, 37, 2, 'يوروستار', 'شهادة تسجيل', '[\"uploads\\/orders\\/ \\u062a\\u0633\\u062c\\u064a\\u0644 \\u064a\\u0648\\u0631\\u0648\\u0633\\u062a\\u0627\\u0631-1652631102.pdf\"]', NULL, NULL, '2026-11-02', NULL, 0, 0, '2022-05-15 20:11:42', '2022-05-15 20:11:42'),
(136, 21, 58, 34, 37, 2, 'يوروستار', '50 جم +60جم +10 كجم لصالح ايفر جرين + 10 كجم لصالح المصرية', '[\"uploads\\/orders\\/ \\u064a\\u0648\\u0631\\u0648\\u0633\\u062a\\u0627\\u0631 \\u0627\\u064a\\u0641\\u0631\\u062c\\u0631\\u064a\\u0646-1652631629.pdf\",\"uploads\\/orders\\/ \\u064a\\u0648\\u0631\\u0648\\u0633\\u062a\\u0627\\u0631 10 \\u0643\\u062c\\u0645-1652631629.pdf\"]', NULL, NULL, '2023-11-02', NULL, 0, 0, '2022-05-15 20:20:29', '2022-05-15 20:20:29'),
(137, 21, 46, 34, 37, 2, 'يوروستار', 'شهادة فترة ماقبل الحصاد مؤقتة لم يتم استلام شهادة محلية بعد', '[\"uploads\\/orders\\/phi \\u0645\\u0624\\u0642\\u062a\\u0629 (2)-1652632917.pdf\"]', NULL, NULL, NULL, NULL, 0, 0, '2022-05-15 20:41:57', '2022-05-16 21:05:02'),
(139, 21, 42, 34, 37, 2, 'شيستر', 'شهادة تسجيل', '[\"uploads\\/orders\\/ \\u062a\\u0633\\u062c\\u064a\\u0644 \\u0634\\u064a\\u0633\\u062a\\u0631-1652633993.pdf\"]', NULL, NULL, '2026-11-02', NULL, 0, 0, '2022-05-15 20:59:53', '2022-05-15 20:59:53'),
(140, 21, 46, 34, 37, 2, 'شيستر', 'شهادة فترة ماقبل الحصاد', '[\"uploads\\/orders\\/phi \\u0634\\u064a\\u0633\\u062a\\u0631-1652634412.pdf\"]', NULL, NULL, '2026-10-20', NULL, 0, 0, '2022-05-15 21:06:52', '2022-05-15 21:06:52'),
(142, 22, 54, 34, 45, 2, 'سولفيد 10/52/10', '0', '[\"uploads\\/orders\\/10-52-10-1652708784.jpg\"]', NULL, NULL, '2030-03-12', NULL, 0, 0, '2022-05-16 17:46:24', '2022-05-16 17:46:24'),
(143, 22, 54, 34, 45, 2, 'سولفيد 19/19/19+2مغ أ', '0', '[\"uploads\\/orders\\/19-19-19+2\\u0645\\u063a \\u0623 \\u0627\\u0644\\u062c\\u062f\\u064a\\u062f\\u0629-1652709061.pdf\"]', NULL, NULL, '2031-03-31', NULL, 0, 0, '2022-05-16 17:51:01', '2022-05-16 17:51:01'),
(144, 22, 54, 34, 45, 2, 'سولفيد 10/10/30', '0', '[\"uploads\\/orders\\/30-10-10-1652709390.jpg\"]', NULL, NULL, '2030-03-01', NULL, 0, 0, '2022-05-16 17:56:30', '2022-05-16 17:56:30'),
(145, 22, 54, 34, 45, 2, 'سولو فيت', '0', '[\"uploads\\/orders\\/-1652709450.pdf\"]', NULL, NULL, '2029-07-04', NULL, 0, 0, '2022-05-16 17:57:30', '2022-05-16 17:57:30'),
(146, 22, 54, 34, 45, 2, 'سولفيد هوموبلس', '0', '[\"uploads\\/orders\\/ \\u0647\\u0648\\u0645\\u0648 \\u0628\\u0644\\u0633-1652709525.jpg\"]', NULL, NULL, '2023-07-30', NULL, 0, 0, '2022-05-16 17:58:45', '2022-05-16 17:58:45'),
(147, 22, 54, 34, 45, 2, 'سولفيد فوليار ميكس', '0', '[\"uploads\\/orders\\/ \\u0645\\u064a\\u0643\\u0633-1652709602.jpg\"]', NULL, NULL, '2023-09-17', NULL, 0, 0, '2022-05-16 18:00:02', '2022-05-16 18:00:02'),
(148, 22, 54, 34, 45, 2, 'كريموفيت', '0', '[\"uploads\\/orders\\/-1652709671.pdf\"]', NULL, NULL, '2030-03-29', NULL, 0, 0, '2022-05-16 18:01:11', '2022-05-16 18:01:11'),
(149, 22, 54, 34, 45, 2, 'نيمواكسترا', '0', '[\"uploads\\/orders\\/ \\u0627\\u0643\\u0633\\u062a\\u0631\\u0627-1652709736.jpg\"]', NULL, NULL, '2024-02-20', NULL, 0, 0, '2022-05-16 18:02:16', '2022-05-16 18:02:16'),
(150, 22, 54, 34, 45, 2, 'هاى فوسفورس معدلة', '0', '[\"uploads\\/orders\\/ \\u0641\\u0648\\u0633\\u0641\\u0648\\u0631\\u0633 - \\u0645\\u0639\\u062f\\u0644\\u0629-1652709840.jpg\"]', NULL, NULL, '2023-08-28', NULL, 0, 0, '2022-05-16 18:04:00', '2022-05-16 18:04:00'),
(151, 21, 58, 34, 37, 2, 'شيستر', '500سم + 1لتر لصالح ايفرجرين', '[\"uploads\\/orders\\/ \\u0634\\u064a\\u0633\\u062a\\u0631 1 \\u0644\\u062a\\u0631-1652718586.pdf\",\"uploads\\/orders\\/ \\u0634\\u064a\\u0633\\u062a\\u0631 500\\u0633\\u0645-1652718586.pdf\"]', NULL, NULL, '2023-01-04', NULL, 0, 0, '2022-05-16 20:29:46', '2022-05-16 20:29:46'),
(152, 21, 59, 34, 37, 2, 'شيستر', 'اجتياز', '[\"uploads\\/orders\\/ \\u0634\\u064a\\u0633\\u062a\\u0631 (2)-1652718659.pdf\"]', NULL, NULL, '2024-01-04', NULL, 0, 0, '2022-05-16 20:30:59', '2022-05-16 20:30:59'),
(153, 21, 44, 34, 37, 2, 'كينوراك', 'تجريب سنة اولي 21-22', '[\"uploads\\/orders\\/ \\u0643\\u064a\\u0646\\u0648\\u0631\\u0627\\u0643 21-22-1652719291.pdf\",\"uploads\\/orders\\/ \\u0643\\u064a\\u0646\\u0648\\u0631\\u0627\\u0643 21-22-1652719291.pdf\"]', NULL, NULL, NULL, NULL, 0, 0, '2022-05-16 20:41:31', '2022-05-16 20:41:31'),
(154, 21, 44, 34, 37, 3, 'يوروسبتر', 'تجريب سنة اولي 21-22', '[\"uploads\\/orders\\/ \\u064a\\u0648\\u0631\\u0648\\u0633\\u064a\\u0628\\u062a\\u0631 21-22-1652719380.pdf\",\"uploads\\/orders\\/ \\u062a\\u062c\\u0631\\u064a\\u0628 \\u064a\\u0648\\u0631\\u0648\\u0633\\u0628\\u062a\\u0631-1652719380.pdf\"]', '2022-04-01', '2022-06-15', NULL, NULL, 0, 0, '2022-05-16 20:43:00', '2022-05-16 20:46:55'),
(155, 21, 44, 34, 37, 3, 'يوروتيرنا', 'تجريب 21-22', '[\"uploads\\/orders\\/ \\u064a\\u0648\\u0631\\u0648\\u062a\\u064a\\u0631\\u0646\\u0627 21-22-1652719555.pdf\",\"uploads\\/orders\\/ \\u062a\\u062c\\u0631\\u064a\\u0628 \\u064a\\u0648\\u0631\\u0648\\u062a\\u064a\\u0631\\u0646\\u0627-1652719555.pdf\"]', '2022-03-01', '2022-06-15', NULL, NULL, 0, 0, '2022-05-16 20:45:55', '2022-05-16 20:45:55'),
(156, 21, 59, 34, 37, 2, 'يوروستار', 'اجتياز', '[\"uploads\\/orders\\/ \\u064a\\u0648\\u0631\\u0648\\u0633\\u062a\\u0627\\u0631-1652722592.pdf\"]', NULL, NULL, '2023-11-03', NULL, 0, 0, '2022-05-16 21:36:32', '2022-05-16 21:36:32'),
(157, 24, 38, 94, 42, 2, 'سيثرين برو', 'شهادة تسجيل', '[\"uploads\\/orders\\/ \\u062a\\u0633\\u062c\\u064a\\u0644-1652786293.pdf\"]', NULL, NULL, '2024-03-20', NULL, 0, 0, '2022-05-17 15:18:13', '2022-05-17 15:18:13'),
(158, 24, 38, 76, 42, 2, 'الفاثرين فيت', 'شهادة تسجيل', '[\"uploads\\/orders\\/ \\u0641\\u064a\\u062a \\u0634\\u0647\\u0627\\u062f\\u0629-1652787953.pdf\"]', NULL, NULL, '2023-07-08', NULL, 0, 0, '2022-05-17 15:45:53', '2022-05-17 15:45:53'),
(159, 24, 38, 76, 42, 2, 'سيبرفيت', 'شهادة تسجيل', '[\"uploads\\/orders\\/ \\u062a\\u0633\\u062c\\u064a\\u0644-1652788247.pdf\"]', NULL, NULL, '2022-09-28', NULL, 0, 0, '2022-05-17 15:50:47', '2022-05-17 15:50:47'),
(160, 24, 38, 76, 42, 2, 'سيباسون فيت', 'شهادة تسجيل', '[\"uploads\\/orders\\/Page0001-1652788404.pdf\"]', NULL, NULL, '2022-12-03', NULL, 0, 0, '2022-05-17 15:53:24', '2022-05-17 15:53:24'),
(161, 24, 38, 76, 42, 2, 'زاينون فيت', 'شهادة تسجيل', '[\"uploads\\/orders\\/ \\u0632\\u0627\\u064a\\u0646\\u0648\\u0646 \\u0641\\u064a\\u062a-1652788584.pdf\"]', NULL, NULL, '2023-06-02', NULL, 0, 0, '2022-05-17 15:56:24', '2022-05-17 15:56:24'),
(162, 24, 38, 76, 42, 2, 'فيبروبارس سبرى', 'شهادة تسجيل', '[\"uploads\\/orders\\/ \\u062a\\u0633\\u062c\\u064a\\u0644 \\u0641\\u0628\\u0631\\u0648 \\u0628\\u0627\\u0631\\u0633 \\u0633\\u0628\\u0631\\u0627\\u064a-1652788785.pdf\"]', NULL, NULL, '2023-06-02', NULL, 0, 0, '2022-05-17 15:59:45', '2022-05-17 15:59:45'),
(163, 24, 38, 76, 42, 2, 'دلتاثرين برو', 'شهادة التسجيل', '[\"uploads\\/orders\\/ \\u062f\\u0644\\u062a\\u0627 \\u062b\\u0631\\u064a\\u0646 \\u0628\\u0648\\u0631-1652788959.jpeg\"]', NULL, NULL, '2023-07-06', NULL, 0, 0, '2022-05-17 16:02:39', '2022-05-17 16:02:39'),
(164, 24, 38, 76, 42, 2, 'فيبروبارس 1%', 'شهادة تسجيل', '[\"uploads\\/orders\\/ \\u0641\\u0628\\u0631\\u0648\\u0628\\u0627\\u0631\\u0633 1-1652789079.pdf\"]', NULL, NULL, '2023-08-24', NULL, 0, 0, '2022-05-17 16:04:39', '2022-05-17 16:04:39'),
(165, 24, 38, 76, 42, 2, 'فيبروبارس 5%', 'شهادة تسجيل', '[\"uploads\\/orders\\/ \\u0641\\u0628\\u0631\\u0648\\u0628\\u0627\\u0631\\u0633 5-1652789167.pdf\"]', NULL, NULL, '2023-08-24', NULL, 0, 0, '2022-05-17 16:06:07', '2022-05-17 16:06:07'),
(166, 24, 38, 76, 42, 2, 'دلتافورس10%', 'شهادة تسجيل', '[\"uploads\\/orders\\/ \\u062a\\u0633\\u062c\\u064a\\u0644-1652789339.jpeg\"]', NULL, NULL, '2023-09-07', NULL, 0, 0, '2022-05-17 16:08:59', '2022-05-17 16:08:59'),
(167, 24, 38, 76, 42, 2, 'دلتابارس شامبو', 'شهادة تسجيل', '[\"uploads\\/orders\\/ \\u062a\\u0633\\u062c\\u064a\\u0644-1652789474.pdf\"]', NULL, NULL, '2024-12-09', NULL, 0, 0, '2022-05-17 16:11:14', '2022-05-17 16:11:56'),
(168, 24, 41, 94, 42, 1, 'Baldook Chem 5%EC', 'اعادة  اختبار السمية', NULL, NULL, NULL, NULL, NULL, 0, 0, '2022-05-17 16:14:29', '2022-05-17 16:14:29'),
(169, 22, 54, 62, 45, 3, 'فرتليكس 18/18/18 بلس', '0', NULL, '2022-05-17', '2022-11-17', NULL, NULL, 0, 0, '2022-05-17 17:44:11', '2022-05-17 17:44:11'),
(170, 22, 35, 62, 45, 3, 'فرتليكس 20/20/20بلس', '0', NULL, '2022-05-17', '2022-11-17', NULL, NULL, 0, 0, '2022-05-17 17:50:53', '2022-05-17 17:50:53'),
(171, 22, 54, 62, 45, 3, 'قرتليكس 13/39/13بلس', '0', NULL, '2022-05-17', '2022-11-17', NULL, NULL, 0, 0, '2022-05-17 17:52:06', '2022-05-17 17:52:06'),
(172, 22, 55, 62, 45, 3, 'باركيت', 'يحتوى على Ethephon', NULL, '2022-05-17', '2022-11-17', NULL, NULL, 0, 0, '2022-05-17 17:58:02', '2022-05-17 17:58:02'),
(173, 22, 55, 61, 45, 3, 'هارفت ماجنى 40%', 'يحتوى على Gibberellic acid', NULL, '2022-05-17', '2022-11-17', NULL, NULL, 0, 0, '2022-05-17 18:01:38', '2022-05-17 18:01:38'),
(174, 22, 55, 61, 45, 3, 'اسبلاش', 'يحتوى على ABSCISIC ACID+4indol-3- yibutyric acid', NULL, '2022-05-17', '2022-11-17', NULL, NULL, 0, 0, '2022-05-17 18:10:34', '2022-05-17 18:10:34'),
(175, 22, 54, 101, 45, 3, 'شيلال كيوبج بلس', '0', NULL, '2022-05-17', '2022-11-17', NULL, NULL, 0, 0, '2022-05-17 18:26:43', '2022-05-17 18:26:43'),
(176, 22, 54, 101, 45, 3, 'شيلال هيدرو ان اف بلس', '0', NULL, '2022-05-17', '2022-11-17', NULL, NULL, 0, 0, '2022-05-17 18:27:47', '2022-05-17 18:27:47'),
(177, 21, 42, 35, 43, 2, 'اكتيكيل', 'شهادة تسجيل', '[\"uploads\\/orders\\/ \\u062a\\u0633\\u062c\\u064a\\u0644 \\u0627\\u0643\\u062a\\u064a\\u0643\\u0644-1652798216.pdf\"]', NULL, NULL, '2022-11-11', NULL, 0, 0, '2022-05-17 18:36:56', '2022-05-17 18:37:44'),
(178, 21, 46, 35, 43, 2, 'اكتيكيل', 'شهاده فتره ماقبل الحصاد', '[\"uploads\\/orders\\/PHI \\u0627\\u0643\\u062a\\u064a\\u0643\\u0644-1652798443.jpg\"]', NULL, NULL, '2023-02-06', NULL, 0, 0, '2022-05-17 18:39:48', '2022-05-17 18:41:27'),
(179, 22, 54, 52, 1, 2, 'سيلين', '0', '[\"uploads\\/orders\\/ \\u0633\\u064a\\u0644\\u064a\\u0646-1652798603.jpg\"]', NULL, NULL, '2024-08-14', NULL, 0, 0, '2022-05-17 18:43:23', '2022-05-17 18:43:23'),
(180, 21, 59, 35, 43, 2, 'اكتيكيل', 'شهاده الاجتياز', '[\"uploads\\/orders\\/ \\u0627\\u0643\\u062a\\u064a\\u0643\\u0644-1652798708.jpg\"]', NULL, NULL, NULL, NULL, 0, 0, '2022-05-17 18:44:18', '2022-05-17 18:45:08'),
(181, 22, 54, 52, 40, 2, 'بايو سلت بلص', '0', '[\"uploads\\/orders\\/ \\u0633\\u0644\\u062a \\u0628\\u0644\\u0635-1652798854.jpg\"]', NULL, NULL, '2027-04-04', NULL, 0, 0, '2022-05-17 18:47:34', '2022-05-17 18:49:47'),
(182, 21, 42, 35, 43, 2, 'اكسكلار', 'شهاده التسجيل', '[\"uploads\\/orders\\/ \\u062a\\u0633\\u062c\\u064a\\u0644 \\u0627\\u0643\\u0633\\u0643\\u0644\\u0627\\u0631-1652799051.pdf\"]', NULL, NULL, '2022-12-11', NULL, 0, 0, '2022-05-17 18:47:54', '2022-05-17 18:50:51'),
(183, 22, 54, 34, 45, 2, 'ار اتش بى', '0', '[\"uploads\\/orders\\/R H P-1652799061.jpg\"]', NULL, NULL, '2026-05-31', NULL, 0, 0, '2022-05-17 18:51:01', '2022-05-17 18:51:01'),
(184, 22, 54, 52, 40, 2, 'جونو منجنيز -زنك ال', '0', '[\"uploads\\/orders\\/ - \\u0645\\u0646\\u062c\\u0646\\u064a\\u0632 - \\u0632\\u0646\\u0643 \\u0627\\u0644-1652799085.jpg\"]', NULL, NULL, '2024-11-18', NULL, 0, 0, '2022-05-17 18:51:25', '2022-05-17 18:51:25'),
(185, 22, 54, 34, 45, 2, 'ار اى جى', '0', '[\"uploads\\/orders\\/ - \\u0627\\u0649 - \\u062c\\u0649-1652799112.jpg\"]', NULL, NULL, '2026-10-24', NULL, 0, 0, '2022-05-17 18:51:53', '2022-05-17 18:51:53'),
(186, 21, 46, 35, 43, 2, 'اكسكلار', 'شهاده فتره ماقبل الحصاد', '[\"uploads\\/orders\\/ phi-1652799230.jpg\"]', NULL, NULL, '2022-02-08', NULL, 0, 0, '2022-05-17 18:52:33', '2022-05-17 18:53:50'),
(187, 22, 54, 52, 40, 2, 'جونو ميكس', '0', '[\"uploads\\/orders\\/ \\u0645\\u064a\\u0643\\u0633_001-1652799157.jpg\"]', NULL, NULL, '2024-11-18', NULL, 0, 0, '2022-05-17 18:52:37', '2022-05-17 18:52:37'),
(188, 22, 54, 34, 45, 2, 'ار اس دابليو', '0', '[\"uploads\\/orders\\/ \\u0627\\u0633 \\u062f\\u0628\\u0644\\u064a\\u0648-1652799166.jpg\"]', NULL, NULL, '2026-10-24', NULL, 0, 0, '2022-05-17 18:52:46', '2022-05-17 18:52:46'),
(189, 22, 54, 34, 45, 2, 'ار كوسين', '0', '[\"uploads\\/orders\\/-1652799209.jpg\"]', NULL, NULL, '2026-10-09', NULL, 0, 0, '2022-05-17 18:53:29', '2022-05-17 18:53:29'),
(190, 22, 54, 52, 40, 2, 'جونو ميكس ال', '0', '[\"uploads\\/orders\\/ \\u062c\\u0648\\u0646\\u0648 \\u0645\\u064a\\u0643\\u0633 \\u0627\\u0644-1652799216.jpg\"]', NULL, NULL, '2024-11-18', NULL, 0, 0, '2022-05-17 18:53:36', '2022-05-17 18:53:36'),
(191, 22, 54, 34, 45, 2, 'اركوميل توب', '0', '[\"uploads\\/orders\\/ \\u062a\\u0648\\u0628-1652799271.tif\"]', NULL, NULL, '2028-06-28', NULL, 0, 0, '2022-05-17 18:54:31', '2022-05-17 18:54:31'),
(192, 22, 54, 52, 40, 2, 'ماكس ماس ان', '0', '[\"uploads\\/orders\\/ \\u0645\\u0627\\u0633 \\u0627\\u0646-1652799896.jpg\"]', NULL, NULL, '2028-07-17', NULL, 0, 0, '2022-05-17 18:55:05', '2022-05-17 19:04:56'),
(193, 21, 58, 35, 43, 2, 'اكسكلار', '100 سم -200 سم لصالح شركه قويسنا', '[\"uploads\\/orders\\/ \\u0627\\u0643\\u0633\\u0643\\u0644\\u0627\\u0631-1652799538.pdf\"]', NULL, NULL, '2022-11-14', NULL, 0, 0, '2022-05-17 18:57:07', '2022-05-17 18:58:58'),
(194, 22, 54, 52, 40, 2, 'هيرمس', '0', '[\"uploads\\/orders\\/-1652799503.jpg\"]', NULL, NULL, '2025-02-08', NULL, 0, 0, '2022-05-17 18:58:23', '2022-05-17 18:59:48'),
(195, 21, 59, 35, 43, 2, 'اكسكلار', 'شهاده الاجتياز', '[\"uploads\\/orders\\/ \\u0627\\u0643\\u0633\\u0643\\u0644\\u0627\\u0631 (2)-1652799669.pdf\"]', NULL, NULL, '2022-11-14', NULL, 0, 0, '2022-05-17 19:01:09', '2022-05-17 19:01:09'),
(196, 21, 42, 35, 43, 2, 'انتاليا', 'شهاده تسجيل', '[\"uploads\\/orders\\/ \\u062a\\u0633\\u062c\\u064a\\u0644 \\u0627\\u0646\\u062a\\u0627\\u0644\\u064a\\u0627-1652799798.pdf\"]', NULL, NULL, '2027-11-17', NULL, 0, 0, '2022-05-17 19:03:18', '2022-05-17 19:03:18'),
(197, 21, 46, 35, 43, 2, 'انتاليا', 'شهاده ماقبل الحصاد', '[\"uploads\\/orders\\/ PHI-1652799888.jpg\"]', NULL, NULL, '2022-08-22', NULL, 0, 0, '2022-05-17 19:04:48', '2022-05-17 19:05:19'),
(198, 22, 55, 34, 45, 2, 'اسيتا ام', '0', '[\"uploads\\/orders\\/ \\u0627\\u0645-1652799972.jpg\"]', NULL, NULL, '2027-01-23', NULL, 0, 0, '2022-05-17 19:06:12', '2022-05-17 19:06:12'),
(199, 21, 58, 35, 43, 2, 'انتاليا', '200 سم -1 لتر لصالح شركه الخليج', '[\"uploads\\/orders\\/ \\u0627\\u0646\\u062a\\u0627\\u0644\\u064a\\u0627 \\u0627\\u0644\\u062e\\u0644\\u064a\\u062c-1652800076.pdf\"]', NULL, NULL, '2023-11-17', NULL, 0, 0, '2022-05-17 19:07:03', '2022-05-17 19:07:56'),
(200, 22, 55, 34, 45, 2, 'اسيتا ميد', '0', '[\"uploads\\/orders\\/-1652800027.jpg\"]', NULL, NULL, '2027-01-23', NULL, 0, 0, '2022-05-17 19:07:07', '2022-05-17 19:07:07'),
(201, 22, 54, 34, 45, 2, 'اكتيفال', '0', '[\"uploads\\/orders\\/-1652800101.jpg\"]', NULL, NULL, '2027-07-11', NULL, 0, 0, '2022-05-17 19:08:21', '2022-05-17 19:08:21'),
(202, 21, 59, 35, 43, 2, 'انتاليا', 'شهاده الاجتياز', '[\"uploads\\/orders\\/ \\u0627\\u0646\\u062a\\u0627\\u0644\\u064a\\u0627 (2)-1652800129.pdf\"]', NULL, NULL, '2024-12-06', NULL, 0, 0, '2022-05-17 19:08:49', '2022-05-17 19:09:37'),
(203, 22, 54, 34, 45, 2, 'اكسوفوليك', '0', '[\"uploads\\/orders\\/ \\u0641\\u0648\\u0644\\u064a\\u0643-1652800166.jpg\"]', NULL, NULL, '2026-11-15', NULL, 0, 0, '2022-05-17 19:09:26', '2022-05-17 19:09:26'),
(204, 21, 42, 35, 43, 2, 'انفينتى', 'شهاده تسجيل', '[\"uploads\\/orders\\/ \\u062a\\u0633\\u062c\\u064a\\u0644 \\u0627\\u0646\\u0641\\u0646\\u064a\\u062a\\u0649-1652800340.pdf\"]', NULL, NULL, '2022-12-19', NULL, 0, 0, '2022-05-17 19:12:20', '2022-05-17 19:12:20'),
(205, 22, 55, 34, 45, 2, 'اكسون', '0', '[\"uploads\\/orders\\/-1652800358.jpg\"]', NULL, NULL, '2027-01-23', NULL, 0, 0, '2022-05-17 19:12:39', '2022-05-17 19:12:39'),
(206, 22, 54, 52, 40, 2, 'بلاك ستار كي اف اي', '0', '[\"uploads\\/orders\\/ \\u0633\\u062a\\u0627\\u0631 \\u0643\\u0627 \\u0627\\u0641 \\u0627\\u064a-1652800412.jpg\"]', NULL, NULL, '2029-12-09', NULL, 0, 0, '2022-05-17 19:13:32', '2022-05-17 19:13:32'),
(207, 22, 55, 34, 45, 2, 'البيتا', '0', '[\"uploads\\/orders\\/-1652800425.jpg\"]', NULL, NULL, '2027-02-12', NULL, 0, 0, '2022-05-17 19:13:45', '2022-05-17 19:13:45'),
(208, 21, 46, 35, 43, 2, 'انفينتى', 'شهاده ماقبل الحصاد', '[\"uploads\\/orders\\/PHI \\u0627\\u0646\\u0641\\u064a\\u0646\\u062a\\u0649-1652800426.jpg\"]', NULL, NULL, '2022-11-27', NULL, 0, 0, '2022-05-17 19:13:46', '2022-05-17 19:13:46'),
(209, 22, 55, 34, 45, 2, 'امبول', '0', '[\"uploads\\/orders\\/-1652800480.tif\"]', NULL, NULL, '2027-12-26', NULL, 0, 0, '2022-05-17 19:14:40', '2022-05-17 19:14:40'),
(210, 22, 54, 52, 40, 2, 'تكنو كاليبور', '0', '[\"uploads\\/orders\\/ \\u0643\\u0627\\u0644\\u064a\\u0628\\u0648\\u0631-1652800505.jpg\"]', NULL, NULL, '2030-01-09', NULL, 0, 0, '2022-05-17 19:15:05', '2022-05-17 19:15:05'),
(211, 22, 54, 34, 45, 2, 'امينو سويت', '0', '[\"uploads\\/orders\\/ \\u0633\\u0648\\u064a\\u062a-1652800549.pdf\"]', NULL, NULL, '2027-12-07', NULL, 0, 0, '2022-05-17 19:15:49', '2022-05-17 19:15:49'),
(212, 22, 54, 52, 40, 2, 'سينرجياك', '0', '[\"uploads\\/orders\\/-1652800572.jpg\"]', NULL, NULL, '2027-11-08', NULL, 0, 0, '2022-05-17 19:16:12', '2022-05-17 19:16:12'),
(213, 22, 54, 34, 45, 2, 'اندوسيل', '0', '[\"uploads\\/orders\\/-1652800614.tif\"]', NULL, NULL, '2028-06-28', NULL, 0, 0, '2022-05-17 19:16:54', '2022-05-17 19:16:54'),
(214, 21, 58, 35, 43, 3, 'انفينتى', '200 سم -400 سم -1 لتر لصالح شركه مافكو', '[\"uploads\\/orders\\/ \\u0628\\u0637\\u0627\\u0642\\u0629 \\u0627\\u0646\\u0641\\u064a\\u0646\\u062a\\u064a-1652800660.pdf\"]', '2022-04-19', '2022-05-19', NULL, NULL, 1, 0, '2022-05-17 19:17:40', '2022-05-17 19:17:45'),
(215, 22, 54, 52, 40, 2, 'ميجا هيوميك (دبليو اس بي)', '0', '[\"uploads\\/orders\\/ \\u0647\\u064a\\u0648\\u0645\\u064a\\u0643 wsb-1652800666.jpg\"]', NULL, NULL, '2029-12-09', NULL, 0, 0, '2022-05-17 19:17:46', '2022-05-17 19:17:46'),
(216, 22, 55, 34, 45, 2, 'اى جى اوكسين', '0', '[\"uploads\\/orders\\/ \\u062c\\u0649 \\u0627\\u0648\\u0643\\u0633\\u064a\\u0646-1652800670.jpg\"]', NULL, NULL, '2027-09-13', NULL, 0, 0, '2022-05-17 19:17:50', '2022-05-17 19:17:50'),
(217, 22, 54, 34, 45, 2, 'اى جى بلانتا 10/52/10', '0', '[\"uploads\\/orders\\/ \\u062c\\u0649 \\u0628\\u0644\\u0627\\u0646\\u062a\\u0627 10-52-10-1652800733.jpg\"]', NULL, NULL, '2028-03-01', NULL, 0, 0, '2022-05-17 19:18:53', '2022-05-17 19:18:53'),
(218, 22, 54, 52, 40, 2, 'اى كيو بروتيكتور كريستال', '0', '[\"uploads\\/orders\\/ \\u0643\\u064a\\u0648 \\u0628\\u0631\\u0648\\u062a\\u064a\\u0643\\u062a\\u0648\\u0631 \\u0643\\u0631\\u064a\\u0633\\u062a\\u0627\\u0644-1652800739.jpg\"]', NULL, NULL, '2027-04-27', NULL, 0, 0, '2022-05-17 19:18:59', '2022-05-17 19:18:59'),
(219, 21, 59, 35, 43, 2, 'انفينتى', 'شهاده الاجتياز', '[\"uploads\\/orders\\/ \\u0627\\u0646\\u0641\\u0646\\u064a\\u062a\\u0649-1652800750.pdf\"]', NULL, NULL, '2022-12-19', NULL, 0, 0, '2022-05-17 19:19:10', '2022-05-17 19:19:10'),
(220, 22, 54, 52, 40, 2, 'يونيروتس', '0', '[\"uploads\\/orders\\/-1652800801.jpg\"]', NULL, NULL, '2027-11-08', NULL, 0, 0, '2022-05-17 19:20:01', '2022-05-17 19:20:01'),
(221, 22, 54, 52, 40, 2, 'تكنو سال 10-10-10', '0', '[\"uploads\\/orders\\/ \\u0633\\u0627\\u0644 10-10-10-1652800885.jpg\"]', NULL, NULL, '2023-02-05', NULL, 0, 0, '2022-05-17 19:21:25', '2022-05-17 19:21:25'),
(222, 22, 54, 52, 40, 2, 'تكنو سال كي تي اس', '0', '[\"uploads\\/orders\\/ \\u0633\\u0627\\u0644 \\u0643\\u0649 \\u062a\\u0649 \\u0627\\u0633-1652800930.jpg\"]', NULL, NULL, '2023-03-14', NULL, 0, 0, '2022-05-17 19:22:10', '2022-05-17 19:22:10'),
(223, 21, 42, 35, 43, 2, 'بروكيور', 'شهاده التسجيل', '[\"uploads\\/orders\\/ \\u062a\\u0633\\u062c\\u064a\\u0644 \\u0628\\u0631\\u0648\\u0643\\u064a\\u0648\\u0631-1652801011.pdf\"]', NULL, NULL, '2022-11-09', NULL, 0, 0, '2022-05-17 19:23:31', '2022-05-17 19:23:31'),
(224, 22, 54, 52, 40, 2, 'تكنو سال فوسفور و زنك', '0', '[\"uploads\\/orders\\/ \\u0641\\u0648\\u0633\\u0641\\u0648\\u0631 \\u0648\\u0632\\u0646\\u0643-1652801033.jpg\"]', NULL, NULL, '2022-11-13', NULL, 0, 0, '2022-05-17 19:23:53', '2022-05-17 19:23:53'),
(225, 22, 54, 52, 40, 2, 'تكنو سال نيتروجين وزنك', '0', '[\"uploads\\/orders\\/ \\u0646\\u064a\\u062a\\u0631\\u0648\\u062c\\u064a\\u0646 \\u0648\\u0632\\u0646\\u0643-1652801099.jpg\"]', NULL, NULL, '2023-02-05', NULL, 0, 0, '2022-05-17 19:24:59', '2022-05-17 19:24:59'),
(226, 21, 46, 35, 43, 2, 'بروكيور', 'شهاده ماقبل الحصاد', '[\"uploads\\/orders\\/PHI \\u0628\\u0631\\u0648\\u0643\\u064a\\u0648\\u0631-1652801128.jpg\"]', NULL, NULL, '2015-03-25', NULL, 0, 0, '2022-05-17 19:25:28', '2022-05-17 19:25:28'),
(227, 22, 54, 52, 40, 2, 'تكنو سال نيتروجين وكالسيوم', '0', '[\"uploads\\/orders\\/ \\u0646\\u064a\\u062a\\u0631\\u0648\\u062c\\u064a\\u0646 \\u0648\\u0643\\u0627\\u0644\\u0633\\u064a\\u0648\\u0645-1652801165.jpg\"]', NULL, NULL, '2023-02-05', NULL, 0, 0, '2022-05-17 19:26:05', '2022-05-17 19:26:05'),
(228, 22, 54, 52, 40, 2, 'سالدار كومبي', '0', '[\"uploads\\/orders\\/ \\u0643\\u0648\\u0645\\u0628\\u064a-1652801221.jpg\"]', NULL, NULL, '2028-03-18', NULL, 0, 0, '2022-05-17 19:27:01', '2022-05-17 19:27:01'),
(229, 22, 54, 52, 40, 2, 'استارت سال', '0', '[\"uploads\\/orders\\/ \\u0633\\u0627\\u0644-1652801319.jpg\"]', NULL, NULL, '2023-02-05', NULL, 0, 0, '2022-05-17 19:28:39', '2022-05-17 19:28:39'),
(230, 21, 47, 35, 43, 2, 'بروكيور', '500سم - 1لتر -5 لتر لصالح شركه وادى النيل للتنميه الزراعيه', '[\"uploads\\/orders\\/ \\u0628\\u0631\\u0648\\u0643\\u064a\\u0648\\u0631 500-1\\u0644\\u062a\\u0631-1652801324.pdf\",\"uploads\\/orders\\/ \\u0628\\u0631\\u0648\\u0643\\u064a\\u0648\\u0631 5 \\u0644\\u062a\\u0631 \\u0648\\u0627\\u062f\\u0649 \\u0627\\u0644\\u0646\\u064a\\u0644-1652801324.pdf\"]', NULL, NULL, '2022-11-09', NULL, 0, 0, '2022-05-17 19:28:44', '2022-05-17 19:28:44'),
(231, 22, 54, 52, 40, 2, 'فينسال', '0', '[\"uploads\\/orders\\/ \\u0641\\u064a\\u0646\\u0633\\u0627\\u0644-1652801376.jpg\"]', NULL, NULL, '2024-07-13', NULL, 0, 0, '2022-05-17 19:29:36', '2022-05-17 19:29:36'),
(232, 21, 59, 35, 43, 2, 'بروكيور', 'شهاده الاجتياز', '[\"uploads\\/orders\\/ \\u0628\\u0631\\u0643\\u064a\\u0648\\u0631-1652801392.pdf\"]', NULL, NULL, '2022-11-09', NULL, 0, 0, '2022-05-17 19:29:52', '2022-05-17 19:29:52'),
(233, 22, 54, 52, 40, 2, 'فول سال', '0', '[\"uploads\\/orders\\/ \\u0633\\u0627\\u0644 \\u062a\\u0643\\u0646\\u0648 \\u0633\\u064a\\u0646\\u0633-1652801424.jpg\"]', NULL, NULL, '2029-11-12', NULL, 0, 0, '2022-05-17 19:30:24', '2022-05-17 19:30:24'),
(234, 21, 42, 35, 43, 2, 'بوتيغون', 'شهاده التسجيل', '[\"uploads\\/orders\\/ \\u062a\\u0633\\u062c\\u064a\\u0644 \\u0628\\u0648\\u062a\\u064a\\u063a\\u0648\\u0646-1652801527.pdf\"]', NULL, NULL, '2022-12-19', NULL, 0, 0, '2022-05-17 19:32:07', '2022-05-17 19:32:07'),
(235, 22, 54, 52, 40, 2, 'تيجر اس او ثري كي', '0', '[\"uploads\\/orders\\/ \\u062a\\u064a\\u062c\\u0631 \\u0627\\u0633 \\u0627\\u0648 \\u062b\\u0631\\u0649 \\u0643\\u0649-1652801543.pdf\"]', NULL, NULL, '2024-10-22', NULL, 0, 0, '2022-05-17 19:32:23', '2022-05-17 19:32:23'),
(236, 21, 46, 35, 43, 2, 'بوتيغون', 'شهاده ماقبل الحصاد', '[\"uploads\\/orders\\/PHI \\u0628\\u0648\\u062a\\u064a\\u063a\\u0648\\u0646-1652801626.jpg\"]', NULL, NULL, '2022-08-02', NULL, 0, 0, '2022-05-17 19:33:46', '2022-05-17 19:33:46'),
(237, 22, 54, 52, 40, 2, 'التراسال', '0', '[\"uploads\\/orders\\/ \\u0645\\u0639\\u062f\\u0644\\u0629-1652801724.jpg\"]', NULL, NULL, '2024-10-22', NULL, 0, 0, '2022-05-17 19:35:24', '2022-05-17 19:35:24'),
(238, 21, 58, 35, 43, 2, 'بوتيغون', '50 جم -100 جم -150 جم لصالح شركه جرين ارو', '[\"uploads\\/orders\\/ \\u0628\\u062a\\u064a\\u063a\\u0648\\u0646-1652801767.pdf\"]', NULL, NULL, '2022-12-19', NULL, 0, 0, '2022-05-17 19:36:07', '2022-05-17 19:36:07'),
(239, 22, 54, 52, 40, 2, 'بوتورين', '0', '[\"uploads\\/orders\\/-1652801795.jpg\"]', NULL, NULL, '2026-08-02', NULL, 0, 0, '2022-05-17 19:36:35', '2022-05-17 19:36:35'),
(240, 21, 59, 35, 43, 2, 'بوتيغون', 'شهاده الاجتياز', '[\"uploads\\/orders\\/ \\u0628\\u0648\\u062a\\u064a\\u063a\\u0648\\u0646-1652801817.pdf\"]', NULL, NULL, '2022-12-02', NULL, 0, 0, '2022-05-17 19:36:57', '2022-05-17 19:36:57'),
(241, 22, 54, 52, 40, 2, 'بوروفول', '0', '[\"uploads\\/orders\\/-1652801851.jpg\"]', NULL, NULL, '2026-08-02', NULL, 0, 0, '2022-05-17 19:37:31', '2022-05-17 19:37:31'),
(242, 21, 42, 35, 43, 2, 'بيدلايس', 'شهاده التسجيل', '[\"uploads\\/orders\\/ \\u062a\\u0633\\u062c\\u064a\\u0644 \\u0628\\u064a\\u062f\\u0644\\u0627\\u064a\\u0633-1652801935.pdf\"]', NULL, NULL, '2022-11-14', NULL, 0, 0, '2022-05-17 19:38:55', '2022-05-17 19:38:55'),
(243, 22, 54, 52, 40, 2, 'تكنو نيماتك بي', '0', '[\"uploads\\/orders\\/ \\u0646\\u064a\\u0645\\u0627\\u062a\\u0643 \\u0628\\u0649 \\u0645\\u0639\\u062f\\u0644\\u0629-1652802087.jpg\"]', NULL, NULL, '2025-08-02', NULL, 0, 0, '2022-05-17 19:39:57', '2022-05-17 19:41:27'),
(244, 21, 46, 35, 43, 2, 'بيدلايس', 'شهاده قتره ماقبل الحصاد', '[\"uploads\\/orders\\/ PHI-1652802047.jpg\"]', NULL, NULL, '0023-11-12', NULL, 0, 0, '2022-05-17 19:40:47', '2022-05-17 19:40:47'),
(245, 21, 58, 35, 43, 2, 'بيدلايس', '200 سم لصالح شركه جرين ارو', '[\"uploads\\/orders\\/ \\u0628\\u064a\\u062f\\u0644\\u0627\\u0633 200-1652802182.pdf\"]', NULL, NULL, '2022-11-14', NULL, 0, 0, '2022-05-17 19:43:02', '2022-05-17 19:43:02'),
(246, 22, 54, 52, 40, 2, 'سينفافيرت 15-30-15', '0', '[\"uploads\\/orders\\/ \\u0641\\u064a\\u0631\\u062a 15-30-15-1652802198.jpg\"]', NULL, NULL, '2030-07-16', NULL, 0, 0, '2022-05-17 19:43:18', '2022-05-17 19:43:18'),
(247, 21, 59, 35, 43, 2, 'بيدلايس', 'شهاده الاجتياز', '[\"uploads\\/orders\\/ \\u0628\\u064a\\u062f\\u0627\\u0644\\u0627\\u064a\\u0633-1652802259.pdf\"]', NULL, NULL, '2022-11-04', NULL, 0, 0, '2022-05-17 19:44:19', '2022-05-17 19:44:19'),
(248, 22, 54, 52, 40, 2, 'سينفافيرت18-18-18', '0', '[\"uploads\\/orders\\/ \\u0641\\u064a\\u0631\\u062a 18-18-18-1652802279.jpg\"]', NULL, NULL, '2029-02-08', NULL, 0, 0, '2022-05-17 19:44:39', '2022-05-17 19:44:39'),
(249, 22, 54, 52, 40, 2, 'فيتاسال', '0', '[\"uploads\\/orders\\/ \\u062a\\u0633\\u062c\\u064a\\u0644 \\u0641\\u064a\\u062a\\u0627\\u0633\\u0627\\u0644-1652802349.png\"]', NULL, NULL, '2026-07-25', NULL, 0, 0, '2022-05-17 19:45:49', '2022-05-17 19:45:49'),
(250, 22, 54, 52, 40, 2, 'فسفولين', '0', '[\"uploads\\/orders\\/-1652802400.jpg\"]', NULL, NULL, '2026-07-25', NULL, 0, 0, '2022-05-17 19:46:40', '2022-05-17 19:46:40'),
(251, 22, 54, 52, 40, 2, 'كومبي فا', '0', '[\"uploads\\/orders\\/ \\u0641\\u0627 \\u0627\\u0644\\u0645\\u0639\\u062f\\u0644\\u0629-1652802444.jpg\"]', NULL, NULL, '2024-08-14', NULL, 0, 0, '2022-05-17 19:47:24', '2022-05-17 19:47:24'),
(252, 22, 54, 52, 40, 2, 'ليتالين', '0', '[\"uploads\\/orders\\/-1652802493.jpg\"]', NULL, NULL, '2026-08-02', NULL, 0, 0, '2022-05-17 19:48:13', '2022-05-17 19:48:13'),
(253, 22, 54, 52, 40, 2, 'تكنوفيروستريم 6% ايديها', '0', '[\"uploads\\/orders\\/ \\u0641\\u064a\\u0631\\u0648 \\u0633\\u062a\\u0631\\u064a\\u0645 6 \\u0627\\u064a\\u062f\\u064a\\u0647\\u0627_page-0001-1652802870.jpg\"]', NULL, NULL, '2024-10-22', NULL, 0, 0, '2022-05-17 19:50:49', '2022-05-17 19:54:30'),
(254, 21, 42, 35, 43, 3, 'بيوتانيل', 'وارد التسجيل', '[\"uploads\\/orders\\/ \\u062a\\u0633\\u062c\\u064a\\u0644 \\u0628\\u064a\\u0648\\u062a\\u0627\\u0646\\u064a\\u0644-1652802702.pdf\"]', '2022-03-01', '2022-06-01', NULL, NULL, 1, 0, '2022-05-17 19:51:42', '2022-05-17 19:51:46'),
(255, 21, 46, 35, 43, 2, 'بيوتانيل', 'شهاده فتره ماقبل الحصاد', '[\"uploads\\/orders\\/PHI \\u0628\\u064a\\u0648\\u062a\\u0627\\u0646\\u064a\\u0644-1652802814.jpg\"]', NULL, NULL, '2022-08-01', NULL, 0, 0, '2022-05-17 19:53:34', '2022-05-17 19:53:34'),
(256, 21, 59, 35, 43, 2, 'بيوتانيل', 'شهاده الاجتياز', '[\"uploads\\/orders\\/ \\u0628\\u0648\\u062a\\u064a\\u0646\\u064a\\u0644-1652802885.pdf\"]', NULL, NULL, '2022-12-02', NULL, 0, 0, '2022-05-17 19:54:45', '2022-05-17 19:54:45'),
(257, 22, 54, 52, 40, 2, 'تكنو كات', '0', '[\"uploads\\/orders\\/ \\u0643\\u0627\\u062a-1652802963.jpg\"]', NULL, NULL, '2026-10-31', NULL, 0, 0, '2022-05-17 19:56:03', '2022-05-17 19:56:03'),
(258, 22, 35, 52, 40, 2, 'تكنو ماجنوكال', '0', '[\"uploads\\/orders\\/ \\u0645\\u0627\\u062c\\u0646\\u0648\\u0643\\u0627\\u0644-1652803024.jpg\"]', NULL, NULL, '2028-08-25', NULL, 0, 0, '2022-05-17 19:57:04', '2022-05-17 19:57:04'),
(259, 21, 42, 35, 43, 2, 'ترانس اكت', 'شهاده التسجيل', '[\"uploads\\/orders\\/ \\u062a\\u0633\\u062c\\u064a\\u0644 \\u062a\\u0631\\u0627\\u0646\\u0633 \\u0627\\u0643\\u062a-1652803032.pdf\"]', NULL, NULL, '2022-10-02', NULL, 0, 0, '2022-05-17 19:57:12', '2022-05-17 19:57:12'),
(260, 22, 54, 52, 40, 2, 'تكنو مكس 10', '0', '[\"uploads\\/orders\\/ \\u0645\\u0643\\u0633 10-1652803077.jpg\"]', NULL, NULL, '2025-11-29', NULL, 0, 0, '2022-05-17 19:57:57', '2022-05-17 19:57:57'),
(261, 21, 46, 35, 43, 2, 'ترانس اكت', 'شهاده فتره ماقبل الحصاد', '[\"uploads\\/orders\\/pHi-1652803132.jpeg\"]', NULL, NULL, '2013-05-23', NULL, 0, 0, '2022-05-17 19:58:52', '2022-05-17 19:58:52'),
(262, 22, 54, 52, 40, 2, 'تكنو نورس 0-0-60', '0', '[\"uploads\\/orders\\/ \\u0646\\u0648\\u0631\\u0633 0-0-60-1652803137.jpg\"]', NULL, NULL, '2026-08-10', NULL, 0, 0, '2022-05-17 19:58:57', '2022-05-17 19:58:57'),
(263, 22, 54, 52, 40, 2, 'تكنو نورس 0-52-34', '0', '[\"uploads\\/orders\\/ \\u0646\\u0648\\u0631\\u0633 0-52-34-1652803187.jpg\"]', NULL, NULL, '2024-02-04', NULL, 0, 0, '2022-05-17 19:59:47', '2022-05-17 19:59:47'),
(264, 22, 54, 52, 40, 2, 'تكنو نورس 10-52-10', '0', '[\"uploads\\/orders\\/ \\u0646\\u0648\\u0631\\u0633 10-52-10-1652803232.jpg\"]', NULL, NULL, '2024-02-04', NULL, 0, 0, '2022-05-17 20:00:32', '2022-05-17 20:00:32'),
(265, 22, 54, 52, 40, 2, 'تكنو نورس 12-50-12', '0', '[\"uploads\\/orders\\/ \\u0646\\u0648\\u0631\\u0633 12-50-12-1652803282.jpg\"]', NULL, NULL, '2024-02-04', NULL, 0, 0, '2022-05-17 20:01:22', '2022-05-17 20:01:22'),
(266, 21, 58, 35, 43, 2, 'ترانس اكت', '250 سم -100 سم لصالح شركه جرين ارو', '[\"uploads\\/orders\\/ \\u062a\\u0631\\u0627\\u0646\\u0633 \\u0627\\u0643\\u062a 250-1652803300.pdf\"]', NULL, NULL, '2022-10-02', NULL, 0, 0, '2022-05-17 20:01:40', '2022-05-17 20:01:40'),
(267, 22, 54, 52, 40, 2, 'تكنو نورس 15-0-45', '0', '[\"uploads\\/orders\\/ \\u0646\\u0648\\u0631\\u0633 15-0-45-1652803351.jpg\"]', NULL, NULL, '2024-02-04', NULL, 0, 0, '2022-05-17 20:02:31', '2022-05-17 20:02:31'),
(268, 21, 59, 35, 43, 2, 'ترانس اكت', 'شهاده الاجتياز', '[\"uploads\\/orders\\/ \\u062a\\u0631\\u0627\\u0646\\u0633 \\u0627\\u0643\\u062a-1652803388.pdf\"]', NULL, NULL, '2022-10-02', NULL, 0, 0, '2022-05-17 20:03:08', '2022-05-17 20:03:08'),
(269, 22, 54, 52, 40, 2, 'تكنو نورس بلس 20-20-20', '0', '[\"uploads\\/orders\\/ \\u0646\\u0648\\u0631\\u0633 20-20-20-1652803406.jpg\"]', NULL, NULL, '2024-10-22', NULL, 0, 0, '2022-05-17 20:03:26', '2022-05-17 20:03:26'),
(270, 22, 54, 52, 40, 2, 'تكنو هيومي فييد 80', '0', '[\"uploads\\/orders\\/ \\u0647\\u064a\\u0648\\u0645\\u0649 \\u0641\\u064a\\u062f-1652803475.jpg\"]', NULL, NULL, '2024-04-17', NULL, 0, 0, '2022-05-17 20:04:35', '2022-05-17 20:04:35'),
(271, 22, 54, 52, 40, 2, 'رووتر 5', '0', '[\"uploads\\/orders\\/ 5-1652803525.jpg\"]', NULL, NULL, '2026-02-25', NULL, 0, 0, '2022-05-17 20:05:25', '2022-05-17 20:05:25'),
(272, 21, 42, 35, 43, 2, 'توراس', 'شهاده التسجيل', '[\"uploads\\/orders\\/ \\u062a\\u0633\\u062c\\u064a\\u0644 \\u062a\\u0648\\u0631\\u0627\\u0633-1652803539.pdf\"]', NULL, NULL, '2024-12-03', NULL, 0, 0, '2022-05-17 20:05:39', '2022-05-17 20:05:39'),
(273, 22, 54, 52, 40, 2, 'تكنو نورس 25-25-18', '0', '[\"uploads\\/orders\\/ \\u062a\\u0633\\u062c\\u064a\\u0644_ \\u062a\\u0643\\u0646\\u0648 \\u0646\\u0648\\u0631\\u0633 25-25-18-1652803584.jpg\"]', NULL, NULL, '2024-02-04', NULL, 0, 0, '2022-05-17 20:06:24', '2022-05-17 20:06:24'),
(274, 21, 46, 35, 43, 2, 'توراس', 'فتره ماقبل الحصاد', '[\"uploads\\/orders\\/ PHI-1652803621.jpg\"]', NULL, NULL, '2022-08-22', NULL, 0, 0, '2022-05-17 20:07:01', '2022-05-17 20:07:01'),
(275, 22, 54, 52, 40, 2, 'تكنو نورس بلس 12-0-43+مغ أ', '0', '[\"uploads\\/orders\\/ \\u062a\\u0643\\u0646\\u0648 \\u0646\\u0648\\u0631\\u0633 \\u0628\\u0644\\u0633 12-0-43 + \\u0645\\u063a \\u0623-1652803641.jpg\"]', NULL, NULL, '2024-10-22', NULL, 0, 0, '2022-05-17 20:07:21', '2022-05-17 20:07:21'),
(276, 22, 54, 52, 40, 2, 'فوسفو بلص', '0', '[\"uploads\\/orders\\/-1652803694.jpg\"]', NULL, NULL, '2024-02-04', NULL, 0, 0, '2022-05-17 20:08:14', '2022-05-17 20:08:14'),
(277, 22, 54, 52, 40, 2, 'كيوست', '0', '[\"uploads\\/orders\\/-1652803738.jpg\"]', NULL, NULL, '2028-08-25', NULL, 0, 0, '2022-05-17 20:08:58', '2022-05-17 20:08:58'),
(278, 21, 58, 35, 43, 2, 'توراس', '250 سم -1لتر -100 سم', '[\"uploads\\/orders\\/ \\u062a\\u0648\\u0631\\u0627\\u0633 100\\u0633\\u0645-1652803777.pdf\",\"uploads\\/orders\\/ 1 \\u0644\\u062a\\u0631-1652803777.pdf\",\"uploads\\/orders\\/ 250\\u0633\\u0645-1652803777.pdf\"]', NULL, NULL, '2022-12-03', NULL, 0, 0, '2022-05-17 20:09:37', '2022-05-17 20:10:09'),
(279, 22, 54, 52, 40, 2, 'فوريستر حديد6%', '0', '[\"uploads\\/orders\\/6% \\u0641\\u0648\\u0631\\u064a\\u0633\\u062a\\u0631 \\u062d\\u062f\\u064a\\u062f-1652803846.jpg\"]', NULL, NULL, '2026-05-09', NULL, 0, 0, '2022-05-17 20:10:46', '2022-05-17 20:10:46'),
(280, 21, 59, 35, 43, 2, 'توراس', 'شهاده الاجتياز', '[\"uploads\\/orders\\/ \\u062a\\u0648\\u0631\\u0627\\u0633-1652803894.pdf\"]', NULL, NULL, '2024-12-06', NULL, 0, 0, '2022-05-17 20:11:34', '2022-05-17 20:11:34'),
(281, 22, 54, 52, 40, 2, 'بونير كالسيوم', '0', '[\"uploads\\/orders\\/ \\u0643\\u0627\\u0644\\u0633\\u064a\\u0648\\u0645-1652803906.jpg\"]', NULL, NULL, '2026-11-08', NULL, 0, 0, '2022-05-17 20:11:46', '2022-05-17 20:11:46'),
(282, 22, 54, 52, 40, 2, 'بوومير بوتاسيوم', '0', '[\"uploads\\/orders\\/ \\u0628\\u0648\\u062a\\u0627\\u0633\\u064a\\u0648\\u0645-1652803954.jpg\"]', NULL, NULL, '2026-05-09', NULL, 0, 0, '2022-05-17 20:12:34', '2022-05-17 20:12:34'),
(283, 22, 54, 52, 40, 2, 'تكنو فيرت بلس سي بي', '0', '[\"uploads\\/orders\\/ \\u0641\\u064a\\u0631\\u062a \\u0628\\u0644\\u0633 \\u0633\\u0649 \\u0628\\u0649-1652804020.jpg\"]', NULL, NULL, '2026-08-10', NULL, 0, 0, '2022-05-17 20:13:40', '2022-05-17 20:13:40'),
(284, 22, 54, 52, 40, 2, 'تكنو نترات ماغنسيوم', '0', '[\"uploads\\/orders\\/ \\u0646\\u062a\\u0631\\u0627\\u062a \\u0645\\u0627\\u063a\\u0646\\u0633\\u064a\\u0648\\u0645-1652804074.jpg\"]', NULL, NULL, '2027-08-14', NULL, 0, 0, '2022-05-17 20:14:34', '2022-05-17 20:14:34'),
(285, 21, 42, 35, 43, 2, 'تيلر', 'شهاده التسجيل', '[\"uploads\\/orders\\/ \\u062a\\u0633\\u062c\\u064a\\u0644 \\u062a\\u064a\\u0644\\u0631-1652804097.pdf\"]', NULL, NULL, '2022-12-15', NULL, 0, 0, '2022-05-17 20:14:57', '2022-05-17 20:14:57'),
(286, 22, 55, 52, 40, 2, 'تكنو نفثالين اسيتك اسيد', '0', '[\"uploads\\/orders\\/ \\u0646\\u0641\\u062b\\u0627\\u0644\\u064a\\u0646 \\u0627\\u0633\\u064a\\u062a\\u0643 \\u0627\\u0633\\u064a\\u062f \\u062c\\u062f\\u064a\\u062f\\u0629-1652804132.jpg\"]', NULL, NULL, '2029-09-12', NULL, 0, 0, '2022-05-17 20:15:32', '2022-05-17 20:15:32'),
(287, 22, 55, 52, 40, 2, 'تكنوسيناميد', '0', '[\"uploads\\/orders\\/-1652804172.jpg\"]', NULL, NULL, '2028-11-11', NULL, 0, 0, '2022-05-17 20:16:12', '2022-05-17 20:16:12'),
(288, 21, 46, 35, 43, 2, 'تيلر', 'شهاده فتره ماقبل الحصاد', '[\"uploads\\/orders\\/phi \\u062a\\u064a\\u0644\\u0631-1652804182.pdf\"]', NULL, NULL, '2027-09-19', NULL, 0, 0, '2022-05-17 20:16:22', '2022-05-17 20:16:22'),
(289, 22, 54, 52, 40, 2, 'تكنو فيرت 6-30-30', '0', '[\"uploads\\/orders\\/ 6-30-30-1652804236.jpg\"]', NULL, NULL, '2026-08-10', NULL, 0, 0, '2022-05-17 20:17:16', '2022-05-17 20:17:16'),
(290, 21, 59, 35, 43, 2, 'تيلر', 'شهاده الاجتياز', '[\"uploads\\/orders\\/ \\u062a\\u064a\\u0644\\u0631-1652804274.pdf\"]', NULL, NULL, '2024-12-06', NULL, 0, 0, '2022-05-17 20:17:54', '2022-05-17 20:17:54'),
(291, 22, 54, 52, 40, 2, 'تكنو فيرت بلس 19-19-19', '0', '[\"uploads\\/orders\\/ 19-19-19-1652804285.jpg\"]', NULL, NULL, '2026-07-25', NULL, 0, 0, '2022-05-17 20:18:05', '2022-05-17 20:18:05'),
(292, 22, 54, 52, 40, 2, 'تكنو فيرت بلس سي ايه ان', '0', '[\"uploads\\/orders\\/ \\u0628\\u0644\\u0633  CAN-1652804353.jpg\"]', NULL, NULL, '2026-08-01', NULL, 0, 0, '2022-05-17 20:19:13', '2022-05-17 20:19:13'),
(293, 22, 54, 52, 40, 2, 'تكنو فيرت بلس سلفات ماغنسيوم', '0', '[\"uploads\\/orders\\/ \\u0628\\u0644\\u0633 \\u0633\\u0644\\u0641\\u0627\\u062a \\u0645\\u063a\\u0646\\u0633\\u064a\\u0648\\u0645-1652804410.jpg\"]', NULL, NULL, '2026-08-10', NULL, 0, 0, '2022-05-17 20:20:10', '2022-05-17 20:20:10'),
(294, 22, 55, 52, 40, 2, 'جيب سينس', '0', '[\"uploads\\/orders\\/ \\u0633\\u064a\\u0646\\u0633-1652804465.jpg\"]', NULL, NULL, '2028-09-25', NULL, 0, 0, '2022-05-17 20:21:05', '2022-05-17 20:21:05'),
(295, 21, 42, 35, 43, 2, 'دوجربيكر', 'شهاده التسجيل', '[\"uploads\\/orders\\/ \\u062a\\u0633\\u062c\\u064a\\u0644 \\u062f\\u0648\\u062c\\u0631\\u0628\\u064a\\u0643\\u0631-1652804488.pdf\"]', NULL, NULL, '2027-12-08', NULL, 0, 0, '2022-05-17 20:21:28', '2022-05-17 20:21:28'),
(296, 22, 54, 52, 40, 2, 'فيفو 15-0-5', '0', '[\"uploads\\/orders\\/ 15-0-5-1652804526.jpg\"]', NULL, NULL, '2028-02-14', NULL, 0, 0, '2022-05-17 20:22:06', '2022-05-17 20:22:06'),
(297, 21, 46, 35, 43, 2, 'دوجربيكر', 'فتره ماقبل الحصاد', '[\"uploads\\/orders\\/phi-1652804556.pdf\"]', NULL, NULL, '2023-06-06', NULL, 0, 0, '2022-05-17 20:22:36', '2022-05-17 20:22:36'),
(298, 22, 54, 52, 40, 2, 'لوفو 15-5-5', '0', '[\"uploads\\/orders\\/ 15-5-5 \\u0645\\u0639\\u062f\\u0644\\u0629-1652804568.jpg\"]', NULL, NULL, '2026-04-06', NULL, 0, 0, '2022-05-17 20:22:48', '2022-05-17 20:22:48'),
(299, 21, 59, 35, 43, 2, 'دوجربيكر', 'شهاده الاجتياز', '[\"uploads\\/orders\\/ \\u062f\\u0648\\u062c\\u0631\\u0628\\u064a\\u0643\\u0631-1652804620.pdf\"]', NULL, NULL, '2024-12-06', NULL, 0, 0, '2022-05-17 20:23:40', '2022-05-17 20:23:40'),
(300, 22, 54, 52, 40, 2, 'هيوميل ان بي كي', '0', '[\"uploads\\/orders\\/ \\u0627\\u0646 \\u0628\\u064a \\u0643\\u064a_page-0001-1652804680.jpg\"]', NULL, NULL, '2030-08-30', NULL, 0, 0, '2022-05-17 20:24:40', '2022-05-17 20:24:40'),
(301, 22, 54, 52, 40, 2, 'تكنو توب مور 0-0-40', '0', '[\"uploads\\/orders\\/ \\u062a\\u0648\\u0628 \\u0645\\u0648\\u0631 0-0-40-1652804744.jpg\"]', NULL, NULL, '2025-03-17', NULL, 0, 0, '2022-05-17 20:25:44', '2022-05-17 20:25:44'),
(302, 22, 54, 52, 40, 2, 'تكنو توب مور 0-32-42', '0', '[\"uploads\\/orders\\/ \\u062a\\u0648\\u0628 \\u0645\\u0648\\u0631 0-32-42-1652804800.jpg\"]', NULL, NULL, '2025-07-28', NULL, 0, 0, '2022-05-17 20:26:40', '2022-05-17 20:26:40');
INSERT INTO `orders` (`id`, `category_id`, `sub_category_id`, `customer_id`, `employee_id`, `status_id`, `name`, `details`, `files`, `submission_date`, `expected_date`, `expiry_date`, `expiry_date_notify`, `expected_notify`, `show_details`, `created_at`, `updated_at`) VALUES
(303, 21, 42, 35, 43, 2, 'ساوبولو', 'شهاده التسجيل', '[\"uploads\\/orders\\/ \\u062a\\u0633\\u062c\\u064a\\u0644 \\u0633\\u0627\\u0648\\u0628\\u0648\\u0644\\u0648-1652804829.pdf\"]', NULL, NULL, '2027-11-17', NULL, 0, 0, '2022-05-17 20:27:09', '2022-05-17 20:27:09'),
(304, 22, 54, 52, 40, 2, 'تكنو توب مور 0-50-30', '0', '[\"uploads\\/orders\\/ \\u062a\\u0648\\u0628 \\u0645\\u0648\\u0631 0-50-30-1652804864.jpg\"]', NULL, NULL, '2025-03-17', NULL, 0, 0, '2022-05-17 20:27:44', '2022-05-17 20:27:44'),
(305, 21, 46, 35, 43, 2, 'ساوبولو', 'شهاده ماقبل الحصاد', '[\"uploads\\/orders\\/ PHI-1652804887.jpg\"]', NULL, NULL, '2022-08-23', NULL, 0, 0, '2022-05-17 20:28:07', '2022-05-17 20:28:07'),
(306, 22, 54, 52, 40, 2, 'تكنو توب مور 8-30-0 +اكسيد ماغنسيوم', '0', '[\"uploads\\/orders\\/ \\u062a\\u0648\\u0628 \\u0645\\u0648\\u0631 8-30-1652804931.jpg\"]', NULL, NULL, '2024-12-10', NULL, 0, 0, '2022-05-17 20:28:51', '2022-05-17 20:28:51'),
(307, 21, 58, 35, 43, 2, 'ساوبولو', '10 كجم', '[\"uploads\\/orders\\/ \\u0633\\u0627\\u0648\\u0628\\u0648\\u0644\\u0648 10 \\u0643\\u062c\\u0645-1652804968.pdf\"]', NULL, NULL, '2023-11-17', NULL, 0, 0, '2022-05-17 20:29:28', '2022-05-17 20:29:28'),
(308, 22, 54, 52, 40, 2, 'تكنو توب مور 13-0-34', '0', '[\"uploads\\/orders\\/ \\u062a\\u0648\\u0628 \\u0645\\u0648\\u0631 13-0-34-1652805013.jpg\"]', NULL, NULL, '2024-12-10', NULL, 0, 0, '2022-05-17 20:30:13', '2022-05-17 20:30:13'),
(309, 21, 59, 35, 43, 2, 'ساوبولو', 'شهاده الاجتياز', '[\"uploads\\/orders\\/ \\u0633\\u0627\\u0648\\u0628\\u0648\\u0644\\u0648-1652805030.pdf\"]', NULL, NULL, '2024-12-06', NULL, 0, 0, '2022-05-17 20:30:30', '2022-05-17 20:30:30'),
(310, 22, 54, 52, 40, 2, 'تكنو توب مور 15-65-0', '0', '[\"uploads\\/orders\\/ \\u062a\\u0648\\u0628 \\u0645\\u0648\\u0631 15-65-0-1652805056.jpg\"]', NULL, NULL, '2024-12-10', NULL, 0, 0, '2022-05-17 20:30:56', '2022-05-17 20:30:56'),
(311, 22, 54, 52, 40, 2, 'تكنو توب مور 19-19-19', '0', '[\"uploads\\/orders\\/ \\u062a\\u0648\\u0628 \\u0645\\u0648\\u0631 19-19-19-1652805105.jpg\"]', NULL, NULL, '2024-12-10', NULL, 0, 0, '2022-05-17 20:31:45', '2022-05-17 20:31:45'),
(312, 22, 54, 52, 40, 2, 'تكنو توب مور 28-14-14', '0', '[\"uploads\\/orders\\/ \\u062a\\u0648\\u0628 \\u0645\\u0648\\u0631 28-14-14-1652805166.jpg\"]', NULL, NULL, '2025-03-17', NULL, 0, 0, '2022-05-17 20:32:46', '2022-05-17 20:32:46'),
(313, 22, 54, 52, 40, 2, 'تكنو توب مور 10-10-60', '0', '[\"uploads\\/orders\\/ \\u0645\\u0648\\u0631 10-10-60-1652805222.jpg\"]', NULL, NULL, '2025-03-17', NULL, 0, 0, '2022-05-17 20:33:42', '2022-05-17 20:33:42'),
(314, 21, 42, 35, 43, 2, 'سبيدول', 'شهاده التسجيل', '[\"uploads\\/orders\\/ \\u062a\\u0633\\u062c\\u064a\\u0644 \\u0633\\u0628\\u064a\\u062f\\u0648\\u0644-1652805232.pdf\"]', NULL, NULL, '2027-12-08', NULL, 0, 0, '2022-05-17 20:33:52', '2022-05-17 20:33:52'),
(315, 22, 54, 52, 40, 2, 'تكنو كيلير ريفر', '0', '[\"uploads\\/orders\\/ \\u0643\\u0644\\u064a\\u0631 \\u0631\\u064a\\u0641\\u0631-1652805276.jpg\"]', NULL, NULL, '2028-09-26', NULL, 0, 0, '2022-05-17 20:34:36', '2022-05-17 20:34:36'),
(316, 21, 46, 35, 43, 2, 'سبيدول', 'شهاده فتره ماقبل الحصاد', '[\"uploads\\/orders\\/phi \\u0633\\u0628\\u064a\\u062f\\u0648\\u0644-1652805316.pdf\"]', NULL, NULL, '2027-11-25', NULL, 0, 0, '2022-05-17 20:35:16', '2022-05-17 20:35:16'),
(317, 22, 54, 52, 40, 2, 'تكنو كيلير كال ماج', '0', '[\"uploads\\/orders\\/ \\u0643\\u0644\\u064a\\u0631 \\u0643\\u0627\\u0644 - \\u0645\\u0627\\u062c-1652805339.jpg\"]', NULL, NULL, '2028-09-26', NULL, 0, 0, '2022-05-17 20:35:39', '2022-05-17 20:35:39'),
(318, 21, 59, 35, 43, 2, 'سبيدول', 'شهاده الاجتياز', '[\"uploads\\/orders\\/ \\u0633\\u0628\\u064a\\u062f\\u0648\\u0644-1652805381.pdf\"]', NULL, NULL, '2022-12-02', NULL, 0, 0, '2022-05-17 20:36:21', '2022-05-17 20:36:21'),
(319, 22, 54, 52, 40, 2, 'تكنو كيلير ماب', '0', '[\"uploads\\/orders\\/ \\u0643\\u0644\\u064a\\u0631 \\u0645\\u0627\\u0628-1652805382.jpg\"]', NULL, NULL, '2028-09-26', NULL, 0, 0, '2022-05-17 20:36:22', '2022-05-17 20:36:22'),
(320, 22, 54, 52, 40, 2, 'نيترو توب 8-30-0+14% مغ أ', '0', '[\"uploads\\/orders\\/ \\u062a\\u0648\\u0628 8-30-0-1652805460.jpg\"]', NULL, NULL, '2028-08-12', NULL, 0, 0, '2022-05-17 20:37:40', '2022-05-17 20:37:40'),
(321, 22, 54, 52, 40, 2, 'نيترو توب 9-0-40', '0', '[\"uploads\\/orders\\/ \\u062a\\u0648\\u0628 9-0-40-1652805506.jpg\"]', NULL, NULL, '2028-08-12', NULL, 0, 0, '2022-05-17 20:38:26', '2022-05-17 20:38:26'),
(322, 22, 54, 52, 40, 2, 'نيترو توب حامض الفوسفوريك 85%', '0', '[\"uploads\\/orders\\/ \\u062a\\u0648\\u0628 \\u062d\\u0627\\u0645\\u0636 \\u0641\\u0648\\u0633\\u0641\\u0648\\u0631\\u064a\\u0643-1652806071.jpg\"]', NULL, NULL, '2028-08-12', NULL, 0, 0, '2022-05-17 20:39:39', '2022-05-17 20:47:51'),
(323, 21, 42, 35, 43, 2, 'سكوربيو', 'شهاده التسجيل', '[\"uploads\\/orders\\/ \\u062a\\u0633\\u062c\\u064a\\u0644-1652805633.pdf\"]', NULL, NULL, '2026-01-18', NULL, 0, 0, '2022-05-17 20:40:33', '2022-05-17 20:40:33'),
(324, 21, 46, 35, 43, 2, 'سكوربيو', 'شهاده فتره ماقبل الحصاد', '[\"uploads\\/orders\\/phi \\u0633\\u0643\\u0648\\u0631\\u0628\\u064a\\u0648-1652805781.jpg\"]', NULL, NULL, '2022-07-26', NULL, 0, 0, '2022-05-17 20:43:01', '2022-05-17 20:43:01'),
(325, 21, 58, 35, 43, 2, 'سكوربيو', '200سم لصالح شركه وادى النيل', '[\"uploads\\/orders\\/ \\u0633\\u0643\\u0648\\u0631\\u0628\\u064a\\u0648 200 \\u0633\\u0645 \\u0648\\u0627\\u062f\\u0649 \\u0627\\u0644\\u0646\\u064a\\u0644-1652805952.pdf\"]', NULL, NULL, '2024-11-18', NULL, 0, 0, '2022-05-17 20:45:52', '2022-05-17 20:45:52'),
(326, 21, 59, 35, 43, 2, 'سكوربيو', 'شهاده الاجتياز', '[\"uploads\\/orders\\/ \\u0633\\u0643\\u0648\\u0631\\u0628\\u064a\\u0648-1652806019.pdf\"]', NULL, NULL, '2022-11-04', NULL, 0, 0, '2022-05-17 20:46:59', '2022-05-17 20:46:59'),
(327, 21, 42, 35, 43, 2, 'ادفانيتدج', 'شهاده تسجيل', '[\"uploads\\/orders\\/ \\u062a\\u0633\\u062c\\u064a\\u0644 \\u0627\\u062f\\u0641\\u0627\\u0646\\u062a\\u062f\\u062c-1652806356.pdf\"]', NULL, NULL, '2022-04-06', NULL, 0, 0, '2022-05-17 20:52:36', '2022-05-17 20:52:36'),
(328, 21, 46, 35, 43, 2, 'ادفانيتدج', 'شهاده فتره ماقبل الحصاد', '[\"uploads\\/orders\\/ phi-1652806447.pdf\"]', NULL, NULL, '2026-11-22', NULL, 0, 0, '2022-05-17 20:54:07', '2022-05-17 20:54:07'),
(329, 21, 58, 35, 43, 2, 'ادفانيتدج', '100 سم لصالح جرين ارو  معلق من التجريب', '[\"uploads\\/orders\\/ \\u0627\\u062f\\u0641\\u0627\\u0646\\u062a\\u064a\\u062f\\u062c 100\\u0633\\u0645-1652806531.pdf\"]', NULL, NULL, '2022-04-06', NULL, 0, 0, '2022-05-17 20:55:31', '2022-05-17 20:55:31'),
(330, 21, 59, 35, 43, 2, 'ادفانيتدج', 'شهاده اجتياز  معلق من التجريب', NULL, NULL, NULL, '2022-04-06', NULL, 0, 0, '2022-05-17 20:56:20', '2022-05-17 20:56:20'),
(331, 21, 42, 35, 43, 2, 'فيبروتكت', 'شهاده تسجيل', '[\"uploads\\/orders\\/ \\u062a\\u0633\\u062c\\u064a\\u0644 \\u0641\\u064a\\u0628\\u0631\\u0648\\u062a\\u0643\\u062a-1652806779.pdf\"]', NULL, NULL, '2022-12-19', NULL, 0, 0, '2022-05-17 20:59:39', '2022-05-17 20:59:39'),
(332, 21, 46, 35, 43, 2, 'فيبروتكت', 'شهاده فتره ماقبل الحصاد', '[\"uploads\\/orders\\/PHi  \\u0641\\u0627\\u064a\\u0645\\u064a\\u062a-1652806857.jpg\"]', NULL, NULL, '2022-06-06', NULL, 0, 0, '2022-05-17 21:00:57', '2022-05-17 21:00:57'),
(333, 21, 58, 35, 43, 2, 'فيبروتكت', '1 لتر -5 لتر لصالح شركه وادى النيل', '[\"uploads\\/orders\\/ 1 \\u0644\\u062a\\u0631-1652806969.pdf\",\"uploads\\/orders\\/ 5\\u0644\\u062a\\u0631-1652806969.pdf\"]', NULL, NULL, '2022-12-19', NULL, 0, 0, '2022-05-17 21:02:49', '2022-05-17 21:02:49'),
(334, 21, 59, 35, 43, 2, 'فيبروتكت', 'شهاده الاجتياز', '[\"uploads\\/orders\\/-1652807044.pdf\"]', NULL, NULL, '2022-12-19', NULL, 0, 0, '2022-05-17 21:04:04', '2022-05-17 21:04:04'),
(335, 21, 42, 35, 43, 2, 'كامارو', 'شهاده تسجيل', '[\"uploads\\/orders\\/ \\u062a\\u0633\\u062c\\u064a\\u0644 \\u0643\\u0645\\u0627\\u0631\\u0648-1652807247.pdf\"]', NULL, NULL, '2022-11-14', NULL, 0, 0, '2022-05-17 21:07:27', '2022-05-17 21:07:27'),
(336, 21, 46, 35, 43, 2, 'كامارو', 'فتره ماقبل الحصاد', '[\"uploads\\/orders\\/PHI \\u0643\\u0645\\u0627\\u0631\\u0648-1652807309.jpg\"]', NULL, NULL, '2022-10-16', NULL, 0, 0, '2022-05-17 21:08:29', '2022-05-17 21:08:29'),
(337, 21, 58, 35, 43, 2, 'كامارو', '100سم -200سم لصالح تكنوسينس', '[\"uploads\\/orders\\/ \\u0643\\u0627\\u0645\\u0627\\u0631\\u0648 100\\u0633\\u0645-1652807410.pdf\",\"uploads\\/orders\\/ 200\\u0633\\u0645-1652807410.pdf\"]', NULL, NULL, '2022-11-14', NULL, 0, 0, '2022-05-17 21:10:10', '2022-05-17 21:10:10'),
(338, 21, 59, 35, 43, 2, 'كامارو', 'شهاده الاجتياز', '[\"uploads\\/orders\\/ \\u0643\\u0627\\u0645\\u0627\\u0631\\u0648-1652807509.pdf\"]', NULL, NULL, '2022-11-04', NULL, 0, 0, '2022-05-17 21:11:49', '2022-05-17 21:11:49'),
(339, 21, 42, 35, 43, 2, 'كاميا', 'شهاده التسجيل', '[\"uploads\\/orders\\/ \\u062a\\u0633\\u062c\\u064a\\u0644 \\u0643\\u0627\\u0645\\u064a\\u0627-1652807671.pdf\"]', NULL, NULL, '2022-11-19', NULL, 0, 0, '2022-05-17 21:14:31', '2022-05-17 21:14:31'),
(340, 21, 46, 35, 43, 2, 'كاميا', 'فتره ماقبل الحصاد', '[\"uploads\\/orders\\/phi \\u0643\\u0627\\u0645\\u064a\\u0627-1652807739.jpg\"]', NULL, NULL, '2022-07-26', NULL, 0, 0, '2022-05-17 21:15:39', '2022-05-17 21:15:39'),
(341, 21, 58, 35, 43, 2, 'كاميا', '1 لتر لصالح شركه جرين ارو', '[\"uploads\\/orders\\/ \\u0643\\u0627\\u0645\\u064a\\u0627 1 \\u0644\\u062a\\u0631-1652807803.pdf\"]', NULL, NULL, '2022-06-30', NULL, 0, 0, '2022-05-17 21:16:43', '2022-05-17 21:16:43'),
(342, 21, 59, 35, 43, 2, 'كاميا', 'شهاده الاجتياز', '[\"uploads\\/orders\\/ \\u0643\\u0627\\u0645\\u064a\\u0627-1652807850.pdf\"]', NULL, NULL, '2022-11-19', NULL, 0, 0, '2022-05-17 21:17:30', '2022-05-17 21:17:30'),
(343, 21, 42, 35, 43, 2, 'ميرفا', 'شهاده تسجيل', '[\"uploads\\/orders\\/ \\u062a\\u0633\\u062c\\u064a\\u0644 \\u0645\\u064a\\u0631\\u0641\\u0627-1652808056.pdf\"]', NULL, NULL, '2022-12-19', NULL, 0, 0, '2022-05-17 21:20:56', '2022-05-17 21:20:56'),
(344, 21, 46, 35, 43, 2, 'ميرفا', 'فتره ماقبل الحصاد', '[\"uploads\\/orders\\/ PHI-1652808125.jpg\"]', NULL, NULL, '2023-01-12', NULL, 0, 0, '2022-05-17 21:22:05', '2022-05-17 21:22:05'),
(345, 21, 58, 35, 43, 2, 'ميرفا', '1 لتر', '[\"uploads\\/orders\\/ \\u0645\\u064a\\u0631\\u0641\\u0627 1 \\u0644\\u062a\\u0631-1652808203.pdf\"]', NULL, NULL, '2022-12-19', NULL, 0, 0, '2022-05-17 21:23:23', '2022-05-17 21:23:23'),
(346, 21, 59, 35, 43, 2, 'ميرفا', 'شهاده الاجتياز', '[\"uploads\\/orders\\/ \\u0645\\u064a\\u0631\\u0641\\u0627-1652808299.pdf\"]', NULL, NULL, '0022-12-22', NULL, 0, 0, '2022-05-17 21:24:59', '2022-05-17 21:24:59'),
(347, 21, 42, 35, 43, 2, 'ميندور', 'شهاده التسجيل', '[\"uploads\\/orders\\/ \\u062a\\u0633\\u062c\\u064a\\u0644 \\u0645\\u064a\\u0646\\u062f\\u0648\\u0631-1652808465.pdf\"]', NULL, NULL, '2028-02-09', NULL, 0, 0, '2022-05-17 21:27:45', '2022-05-17 21:27:45'),
(348, 21, 46, 35, 43, 2, 'ميندور', 'فتره ماقبل الحصاد', '[\"uploads\\/orders\\/ PHI-1652808536.jpg\"]', NULL, NULL, '2023-01-12', NULL, 0, 0, '2022-05-17 21:28:56', '2022-05-17 21:28:56'),
(349, 21, 59, 35, 43, 2, 'ميندور', 'شهاده الاجتياز', '[\"uploads\\/orders\\/ \\u0645\\u064a\\u0646\\u062f\\u0648\\u0631-1652808591.pdf\"]', NULL, NULL, '2025-01-03', NULL, 0, 0, '2022-05-17 21:29:51', '2022-05-17 21:29:51'),
(350, 21, 42, 35, 43, 2, 'ياماشو', 'شهاده التسجيل', '[\"uploads\\/orders\\/ \\u0627\\u0644\\u064a\\u0627\\u0645\\u0627\\u0634\\u0648-1652808780.pdf\"]', NULL, NULL, '2022-12-19', NULL, 0, 0, '2022-05-17 21:33:00', '2022-05-17 21:33:00'),
(351, 21, 46, 35, 43, 2, 'ياماشو', 'فتره ماقبل الحصاد', '[\"uploads\\/orders\\/PHI \\u064a\\u0627\\u0645\\u0627\\u0634\\u0648-1652808838.jpg\"]', NULL, NULL, '2023-06-28', NULL, 0, 0, '2022-05-17 21:33:58', '2022-05-17 21:33:58'),
(352, 21, 58, 35, 43, 2, 'ياماشو', '200سم -900 سم لصالح شركه مافكو للزراعه', '[\"uploads\\/orders\\/ \\u064a\\u0627\\u0645\\u0627\\u0634\\u0648-1652808918.pdf\"]', NULL, NULL, '2022-12-19', NULL, 0, 0, '2022-05-17 21:35:18', '2022-05-17 21:35:18'),
(353, 21, 59, 35, 43, 2, 'ياماشو', 'شهاده الاجتياز', '[\"uploads\\/orders\\/ \\u0627\\u062c\\u062a\\u064a\\u0627\\u0632 \\u064a\\u0627\\u0645\\u0634\\u0648-1652808996.pdf\"]', NULL, NULL, '2022-12-19', NULL, 0, 0, '2022-05-17 21:36:36', '2022-05-17 21:36:36'),
(354, 22, 54, 83, 40, 2, 'ارانو ابتيسال كا', '0', '[\"uploads\\/orders\\/ \\u0627\\u0628\\u062a\\u064a\\u0633\\u0627\\u0644 \\u0643\\u0627\\u0644-1652872085.jpg\"]', NULL, NULL, '0027-04-03', NULL, 0, 0, '2022-05-18 15:08:05', '2022-05-18 15:08:05'),
(355, 22, 54, 83, 40, 2, 'ايكو ناتور جرين ان', '0', '[\"uploads\\/orders\\/ \\u0646\\u0627\\u062a\\u0648\\u0631 \\u062c\\u0631\\u064a\\u0646 \\u0627\\u0646-1652872249.jpg\"]', NULL, NULL, '2027-04-03', NULL, 0, 0, '2022-05-18 15:10:49', '2022-05-18 15:10:49'),
(356, 22, 54, 83, 40, 2, 'ثمار بلس', '0', '[\"uploads\\/orders\\/ \\u0628\\u0644\\u0633-1652872469.jpg\"]', NULL, NULL, '2028-09-25', NULL, 0, 0, '2022-05-18 15:14:29', '2022-05-18 15:14:29'),
(357, 22, 54, 83, 40, 2, 'ثمار بي ام', '0', '[\"uploads\\/orders\\/ \\u0628\\u0649 \\u0627\\u0645-1652872694.jpg\"]', NULL, NULL, '2028-11-25', NULL, 0, 0, '2022-05-18 15:18:14', '2022-05-18 15:18:14'),
(358, 22, 54, 83, 40, 2, 'ثمار جولد 12-40-12', '0', '[\"uploads\\/orders\\/ \\u062c\\u0648\\u0644\\u062f 12-40-12-1652872769.jpg\"]', NULL, NULL, '2028-11-25', NULL, 0, 0, '2022-05-18 15:19:29', '2022-05-18 15:19:29'),
(359, 22, 55, 83, 40, 2, 'ثمار سايتر', '0', '[\"uploads\\/orders\\/ \\u0633\\u0627\\u064a\\u062a\\u0631_page-0001-1652872872.jpg\"]', NULL, NULL, '2032-01-03', NULL, 0, 0, '2022-05-18 15:21:12', '2022-05-18 15:21:12'),
(360, 22, 54, 83, 40, 2, 'ثمار فيجور', '0', '[\"uploads\\/orders\\/ \\u0641\\u064a\\u062c\\u0648\\u0631-1652872936.jpg\"]', NULL, NULL, '2029-08-01', NULL, 0, 0, '2022-05-18 15:22:16', '2022-05-18 15:22:16'),
(361, 22, 54, 83, 40, 2, 'ثمار بور 15-5-5', '0', '[\"uploads\\/orders\\/ \\u0628\\u0648\\u0631 15-5-5_page-0001-1652873049.jpg\"]', NULL, NULL, '2030-08-30', NULL, 0, 0, '2022-05-18 15:24:09', '2022-05-18 15:24:09'),
(362, 22, 54, 83, 40, 2, 'ثمار فييد', '0', '[\"uploads\\/orders\\/ \\u0641\\u064a\\u062f-1652873154.jpg\"]', NULL, NULL, '2028-09-25', NULL, 0, 0, '2022-05-18 15:25:54', '2022-05-18 15:25:54'),
(363, 22, 35, 83, 40, 2, 'ثمار فيرت 6-7-46', '0', NULL, NULL, NULL, '2028-08-01', NULL, 0, 0, '2022-05-18 15:26:49', '2022-05-18 15:26:49'),
(364, 22, 54, 83, 40, 2, 'ثمار فيرت 7-0-46', '0', '[\"uploads\\/orders\\/ \\u0641\\u064a\\u0631\\u062a 7-0-46-1652873384.jpg\"]', NULL, NULL, '2028-11-25', NULL, 0, 0, '2022-05-18 15:29:44', '2022-05-18 15:29:44'),
(365, 22, 54, 83, 40, 2, 'ثمار فيرت 13-40-13', '0', '[\"uploads\\/orders\\/ \\u0641\\u064a\\u0631\\u062a 13-40-13-1652873442.jpg\"]', NULL, NULL, '2028-08-01', NULL, 0, 0, '2022-05-18 15:30:42', '2022-05-18 15:30:42'),
(366, 22, 54, 83, 40, 2, 'ثمار فيرت 19-19-19', '0', '[\"uploads\\/orders\\/ \\u0641\\u064a\\u0631\\u062a 19-19-19-1652873495.jpg\"]', NULL, NULL, '2028-08-01', NULL, 0, 0, '2022-05-18 15:31:35', '2022-05-18 15:31:35'),
(367, 22, 35, 83, 40, 2, 'ثمار كروان 5-40-5', '0', '[\"uploads\\/orders\\/ \\u0643\\u0631\\u0627\\u0648\\u0646 5-40-5-1652873586.jpg\"]', NULL, NULL, '2018-11-25', NULL, 0, 0, '2022-05-18 15:33:06', '2022-05-18 15:33:06'),
(368, 22, 54, 83, 40, 2, 'ثمار كروان 18-46-5', '0', '[\"uploads\\/orders\\/ \\u0643\\u0631\\u0648\\u0646 18-46-5-1652873646.jpg\"]', NULL, NULL, '2028-11-25', NULL, 0, 0, '2022-05-18 15:34:06', '2022-05-18 15:34:06'),
(369, 22, 54, 83, 40, 2, 'ثمار كي تي اس', '0', '[\"uploads\\/orders\\/ \\u0643\\u0649 \\u062a\\u0649 \\u0627\\u0633-1652873700.jpg\"]', NULL, NULL, '2028-11-25', NULL, 0, 0, '2022-05-18 15:35:00', '2022-05-18 15:35:00'),
(370, 22, 54, 83, 40, 2, 'ثمار لينك 13-13-13', '0', '[\"uploads\\/orders\\/ \\u0644\\u064a\\u0646\\u0643 13-13-13-1652873757.jpg\"]', NULL, NULL, '2030-03-01', NULL, 0, 0, '2022-05-18 15:35:57', '2022-05-18 15:35:57'),
(371, 22, 54, 83, 40, 2, 'ثمار لينك 15-0-5', '0', '[\"uploads\\/orders\\/ \\u0644\\u064a\\u0646\\u0643 15-0-5-1652873816.jpg\"]', NULL, NULL, '2030-08-11', NULL, 0, 0, '2022-05-18 15:36:56', '2022-05-18 15:36:56'),
(372, 22, 54, 83, 40, 2, 'ثمار لينك 15-8-35', '0', '[\"uploads\\/orders\\/ \\u0644\\u064a\\u0646\\u0643 15-8-35-1652873886.jpg\"]', NULL, NULL, '2030-03-01', NULL, 0, 0, '2022-05-18 15:38:06', '2022-05-18 15:38:06'),
(373, 22, 54, 83, 40, 2, 'ثمار لينك 17-0-5', '0', '[\"uploads\\/orders\\/ \\u0644\\u064a\\u0646\\u0643 17-0-5-1652874080.jpg\"]', NULL, NULL, '2030-03-01', NULL, 0, 0, '2022-05-18 15:41:20', '2022-05-18 15:41:20'),
(374, 22, 54, 83, 40, 2, 'ثمار ماغ', '0', '[\"uploads\\/orders\\/ \\u0645\\u0627\\u063a-1652874125.jpg\"]', NULL, NULL, '2028-11-25', NULL, 0, 0, '2022-05-18 15:42:05', '2022-05-18 15:42:05'),
(375, 22, 54, 83, 40, 2, 'ثمار لينك 15-5-20', '0', '[\"uploads\\/orders\\/ 15-5-20-1652874182.jpg\"]', NULL, NULL, '2030-03-01', NULL, 0, 0, '2022-05-18 15:43:02', '2022-05-18 15:43:02'),
(376, 22, 54, 83, 40, 2, 'كوكولي', '0', '[\"uploads\\/orders\\/-1652874242.jpg\"]', NULL, NULL, '2029-12-01', NULL, 0, 0, '2022-05-18 15:44:02', '2022-05-18 15:44:02'),
(377, 22, 54, 83, 40, 2, 'اتش ار هيومات', 'منسي', '[\"uploads\\/orders\\/ . \\u0627\\u0631 . \\u0647\\u064a\\u0648\\u0645\\u0627\\u062a-1652874329.jpg\"]', NULL, NULL, '2026-11-15', NULL, 0, 0, '2022-05-18 15:45:29', '2022-05-18 15:45:29'),
(378, 22, 54, 83, 40, 2, 'اتش ار سبيدو', 'منسي', '[\"uploads\\/orders\\/ \\u0627\\u0631 \\u0633\\u0628\\u064a\\u062f\\u0648-1652874401.jpg\"]', NULL, NULL, '2026-11-15', NULL, 0, 0, '2022-05-18 15:46:41', '2022-05-18 15:46:41'),
(379, 22, 54, 83, 40, 2, 'ارانو ابيرون', 'منسي', '[\"uploads\\/orders\\/ \\u0627\\u0628\\u064a\\u0631\\u0648\\u0646-1652874452.jpg\"]', NULL, NULL, '2027-04-04', NULL, 0, 0, '2022-05-18 15:47:32', '2022-05-18 15:47:32'),
(380, 22, 54, 83, 40, 2, 'ام ديسال', 'منسي', '[\"uploads\\/orders\\/ \\u062f\\u064a\\u0633\\u0627\\u0644-1652874509.jpg\"]', NULL, NULL, '2026-07-03', NULL, 0, 0, '2022-05-18 15:48:29', '2022-05-18 15:48:29'),
(381, 22, 54, 83, 40, 2, 'ايكو ناتور اربوفيت', 'منسي', '[\"uploads\\/orders\\/ \\u0646\\u0627\\u062a\\u0648\\u0631 \\u0627\\u0631\\u0628\\u0648\\u0641\\u064a\\u062a \\u0627\\u0644\\u0645\\u0639\\u062f\\u0644\\u0629-1652874568.jpg\"]', NULL, NULL, '2026-10-04', NULL, 0, 0, '2022-05-18 15:49:28', '2022-05-18 15:49:28'),
(382, 22, 54, 83, 40, 2, 'ايكو ناتور انيرجي', 'منسي', '[\"uploads\\/orders\\/ \\u0646\\u0627\\u062a\\u0648\\u0631 \\u0627\\u0646\\u064a\\u0631\\u062c\\u0649-1652874614.jpg\"]', NULL, NULL, '2026-06-19', NULL, 0, 0, '2022-05-18 15:50:14', '2022-05-18 15:50:14'),
(383, 22, 54, 83, 40, 2, 'ايكو ناتور بلوس', 'منسي', '[\"uploads\\/orders\\/ \\u0646\\u0627\\u062a\\u0648\\u0631 \\u0628\\u0644\\u0648\\u0633-1652874668.jpg\"]', NULL, NULL, '2027-04-04', NULL, 0, 0, '2022-05-18 15:51:08', '2022-05-18 15:51:08'),
(384, 22, 54, 83, 40, 2, 'ايكو فيجي', 'منسي', '[\"uploads\\/orders\\/-1652874751.jpg\"]', NULL, NULL, '2027-04-04', NULL, 0, 0, '2022-05-18 15:52:31', '2022-05-18 15:52:31'),
(385, 22, 54, 83, 40, 2, 'ايكو ناتور كالسيماج', 'منسي', '[\"uploads\\/orders\\/ \\u0643\\u0627\\u0644\\u0633\\u064a\\u0645\\u0627\\u062c-1652874939.jpg\"]', NULL, NULL, '2026-06-19', NULL, 0, 0, '2022-05-18 15:55:39', '2022-05-18 16:14:33'),
(386, 22, 54, 83, 40, 2, 'سوبر بلاك جولد', 'منسي', '[\"uploads\\/orders\\/ \\u0633\\u0648\\u0628\\u0631 \\u0628\\u0644\\u0627\\u0643 \\u062c\\u0648\\u0644\\u062f-1652874993.jpg\"]', NULL, NULL, '2026-03-28', NULL, 0, 0, '2022-05-18 15:56:33', '2022-05-18 15:56:33'),
(387, 22, 54, 83, 40, 2, 'كالكو', 'منسي', '[\"uploads\\/orders\\/-1652875059.jpg\"]', NULL, NULL, '0026-07-03', NULL, 0, 0, '2022-05-18 15:57:39', '2022-05-18 15:57:39'),
(388, 22, 54, 141, 40, 2, 'فولفيك فارما', '0', '[\"uploads\\/orders\\/ \\u0641\\u0627\\u0631\\u0645\\u0627-1652876024.jpg\"]', NULL, NULL, '2030-09-02', NULL, 0, 0, '2022-05-18 16:13:44', '2022-05-18 16:13:44'),
(389, 22, 54, 141, 40, 2, 'هيوميك فارما', '0', '[\"uploads\\/orders\\/ \\u0641\\u0627\\u0631\\u0645\\u0627-1652876240.jpg\"]', NULL, NULL, '2030-09-02', NULL, 0, 0, '2022-05-18 16:17:20', '2022-05-18 16:17:20'),
(390, 22, 54, 141, 40, 2, 'فولماك فارما', '0', '[\"uploads\\/orders\\/ \\u0641\\u0627\\u0631\\u0645\\u0627_page-0001-1652876345.jpg\"]', NULL, NULL, '2032-09-03', NULL, 0, 0, '2022-05-18 16:19:05', '2022-05-18 16:19:05'),
(391, 22, 54, 65, 40, 2, 'اريان 2', '0', '[\"uploads\\/orders\\/ 2-1652876799.jpg\"]', NULL, NULL, '2027-06-21', NULL, 0, 0, '2022-05-18 16:26:39', '2022-05-18 16:26:39'),
(392, 23, 53, 35, 41, 3, 'كلاش', 'مطلوب دراسة جديده عامين وتم اخطار المصنع وفى انتظار وصول الدراسة 20/10/2021: تم ارسال سوفت في 15/2/2022: تم ادراج المستحضر في التفتيش في 17/2/2022: تم تسليم خطاب لتحدي ميعاد التفتيش في 6/4/2022: تم اجراء التفتيش وتأجيله بسبب عدم جاهزية المعمل وعدم وجود بيانات للاطلاع فى 21/4/2022 وفى انتظار تحديد موعد اخر', NULL, '2022-02-15', '2022-05-21', NULL, NULL, 1, 0, '2022-05-18 16:26:46', '2022-05-18 16:26:51'),
(393, 22, 54, 65, 40, 2, 'استردون', '0', '[\"uploads\\/orders\\/-1652876855.jpeg\"]', NULL, NULL, '2031-09-15', NULL, 0, 0, '2022-05-18 16:27:35', '2022-05-18 16:27:35'),
(394, 22, 55, 65, 40, 2, 'افيك', '0', '[\"uploads\\/orders\\/_page-0001-1652876898.jpg\"]', NULL, NULL, '2031-05-26', NULL, 0, 0, '2022-05-18 16:28:18', '2022-05-18 16:28:18'),
(395, 22, 54, 65, 40, 2, 'انكلا', '0', '[\"uploads\\/orders\\/-1652876947.jpg\"]', NULL, NULL, '2027-08-14', NULL, 0, 0, '2022-05-18 16:29:07', '2022-05-18 16:29:07'),
(396, 22, 55, 65, 40, 2, 'اوريول 1', '0', '[\"uploads\\/orders\\/ 1-1652877014.jpg\"]', NULL, NULL, '2029-12-19', NULL, 0, 0, '2022-05-18 16:29:51', '2022-05-18 16:30:14'),
(397, 22, 55, 65, 40, 2, 'اوريول 2', '0', '[\"uploads\\/orders\\/ 2-1652877061.jpg\"]', NULL, NULL, '2029-12-19', NULL, 0, 0, '2022-05-18 16:31:01', '2022-05-18 16:31:01'),
(398, 22, 54, 65, 40, 2, 'بي ايه اف سي بوتاسيوم', '0', '[\"uploads\\/orders\\/ \\u0627\\u064a\\u0647 \\u0627\\u0641 \\u0633\\u0649 \\u0628\\u0648\\u062a\\u0627\\u0633\\u064a\\u0648\\u0645-1652877139.jpeg\"]', NULL, NULL, '2031-04-18', NULL, 0, 0, '2022-05-18 16:32:19', '2022-05-18 16:32:19'),
(399, 22, 55, 65, 40, 2, 'بي ايه اف سي جيبريكس', '0', '[\"uploads\\/orders\\/ \\u0627\\u064a\\u0647 \\u0627\\u0641 \\u0633\\u0649 \\u062c\\u064a\\u0628\\u0631\\u064a\\u0643\\u0633_page-0001-1652877216.jpg\"]', NULL, NULL, '2031-12-14', NULL, 0, 0, '2022-05-18 16:33:36', '2022-05-18 16:33:36'),
(400, 23, 60, 35, 41, 2, 'كلاش', 'تم اخذ موافقة سير فى 27/8/2019 \r\n تم أخذ مد مهلة لتنتهى فى 27/8/2021: تم استلام مد ثالث فى 9/9/2021', '[\"uploads\\/orders\\/ \\u0645\\u0647\\u0644\\u0629 \\u062b\\u0627\\u0644\\u062b-1652877232.pdf\",\"uploads\\/orders\\/ \\u0645\\u0647\\u0644\\u0629 \\u0645\\u0639\\u062f\\u0644-1652877232.pdf\",\"uploads\\/orders\\/ \\u0633\\u064a\\u0631 \\u0645\\u0639\\u062f\\u0644\\u0647-1652877232.pdf\"]', NULL, NULL, '2022-08-25', NULL, 0, 0, '2022-05-18 16:33:52', '2022-05-18 17:27:17'),
(401, 22, 54, 65, 40, 2, 'بي ايه اف سي حديد', '0', '[\"uploads\\/orders\\/ \\u0627\\u0641 \\u0633\\u064a \\u062d\\u062f\\u064a\\u062f-1652877268.jpg\"]', NULL, NULL, '2030-11-18', NULL, 0, 0, '2022-05-18 16:34:28', '2022-05-18 16:34:28'),
(402, 22, 54, 65, 40, 2, 'بي ايه اف سي زنك', '0', '[\"uploads\\/orders\\/ \\u0627\\u0641 \\u0633\\u064a \\u0632\\u0646\\u0643_page-0001-1652877316.jpg\"]', NULL, NULL, '2030-11-18', NULL, 0, 0, '2022-05-18 16:35:16', '2022-05-18 16:35:16'),
(403, 22, 54, 65, 40, 2, 'بي ايه لف سي منجنيز', '0', '[\"uploads\\/orders\\/ \\u0627\\u0641 \\u0633\\u064a \\u0645\\u0646\\u062c\\u0646\\u064a\\u0632-1652877375.jpg\"]', NULL, NULL, '2030-11-18', NULL, 0, 0, '2022-05-18 16:36:15', '2022-05-18 16:36:15'),
(404, 22, 54, 65, 40, 2, 'بي ايه اف سي باسيك ماغنسيوم', '0', '[\"uploads\\/orders\\/ \\u0627\\u064a \\u0627\\u0641 \\u0633\\u064a  \\u0628\\u0627\\u0633\\u064a\\u0643 \\u0645\\u0627\\u063a\\u0646\\u0633\\u064a\\u0648\\u0645-1652877480.jpg\"]', NULL, NULL, '2029-01-08', NULL, 0, 0, '2022-05-18 16:38:00', '2022-05-18 16:38:00'),
(405, 22, 54, 65, 40, 2, 'بي ايه اف سي ماب', '0', '[\"uploads\\/orders\\/ \\u0627\\u064a \\u0627\\u0641 \\u0633\\u064a  \\u0645\\u0627\\u0628-1652877532.jpg\"]', NULL, NULL, '2029-01-08', NULL, 0, 0, '2022-05-18 16:38:52', '2022-05-18 16:38:52'),
(406, 22, 54, 65, 40, 2, 'بي اف سي باسيك كالسيوم', '0', '[\"uploads\\/orders\\/ \\u0627\\u064a \\u0627\\u0641 \\u0633\\u064a \\u0628\\u064a\\u0633\\u064a\\u0643 \\u0643\\u0627\\u0644\\u0633\\u064a\\u0648\\u0645-1652877582.jpg\"]', NULL, NULL, '2029-01-08', NULL, 0, 0, '2022-05-18 16:39:42', '2022-05-18 16:39:42'),
(407, 23, 49, 35, 41, 2, 'كلاش', 'تم اخذ موافقه فى10/1/2021: تم الحصول على افراج فى 12/1/2021', '[\"uploads\\/orders\\/ \\u0627\\u0633\\u062a\\u0631\\u0627\\u062f\\u064a\\u0629-1652877637.pdf\"]', NULL, NULL, '2022-01-10', NULL, 0, 0, '2022-05-18 16:40:37', '2022-05-18 16:40:37'),
(408, 22, 54, 65, 40, 2, 'بي ايه اف سي هيومات', '0', '[\"uploads\\/orders\\/ \\u0627\\u064a \\u0627\\u0641 \\u0633\\u064a \\u0647\\u064a\\u0648\\u0645\\u0627\\u062a-1652877660.jpg\"]', NULL, NULL, '2029-01-08', NULL, 0, 0, '2022-05-18 16:41:00', '2022-05-18 16:41:00'),
(409, 22, 54, 65, 40, 2, 'بي ايه اف سي فولفات', '0', '[\"uploads\\/orders\\/ \\u0627\\u064a\\u0629 \\u0627\\u0641 \\u0633\\u064a \\u0641\\u0648\\u0644\\u0641\\u0627\\u062a-1652877715.jpg\"]', NULL, NULL, '2029-07-24', NULL, 0, 0, '2022-05-18 16:41:55', '2022-05-18 16:41:55'),
(410, 22, 54, 65, 40, 2, 'بي ايه اف سي باسيك زنك', '0', '[\"uploads\\/orders\\/ \\u0627\\u064a\\u0647 \\u0627\\u0641 \\u0633\\u0649 \\u0628\\u0627\\u0633\\u064a\\u0643 \\u0632\\u0646\\u0643-1652877777.jpg\"]', NULL, NULL, '2029-12-13', NULL, 0, 0, '2022-05-18 16:42:57', '2022-05-18 16:42:57'),
(411, 22, 54, 65, 40, 2, 'بي ايه اف سي جولد19-19-19', '0', '[\"uploads\\/orders\\/ \\u0627\\u064a\\u0647 \\u0627\\u0641 \\u0633\\u064a \\u062c\\u0648\\u0644\\u062f 19-19-19_page-0001-1652877833.jpg\"]', NULL, NULL, '2030-11-18', NULL, 0, 0, '2022-05-18 16:43:53', '2022-05-18 16:43:53'),
(412, 22, 54, 65, 40, 2, 'تشنتين', '0', '[\"uploads\\/orders\\/ 1-1652877885.jpg\"]', NULL, NULL, '2027-06-15', NULL, 0, 0, '2022-05-18 16:44:45', '2022-05-18 16:44:45'),
(413, 22, 54, 65, 40, 2, 'داكوتا 3', '0', '[\"uploads\\/orders\\/ 3-1652877930.jpg\"]', NULL, NULL, '2027-06-15', NULL, 0, 0, '2022-05-18 16:45:30', '2022-05-18 16:45:30'),
(414, 22, 54, 65, 40, 2, 'راموس', '0', '[\"uploads\\/orders\\/-1652877976.jpg\"]', NULL, NULL, '2028-01-24', NULL, 0, 0, '2022-05-18 16:46:16', '2022-05-18 16:46:16'),
(415, 22, 54, 65, 40, 2, 'روسانا', '0', '[\"uploads\\/orders\\/-1652878022.jpg\"]', NULL, NULL, '2028-06-25', NULL, 0, 0, '2022-05-18 16:47:02', '2022-05-18 16:47:02'),
(416, 22, 54, 65, 40, 2, 'ريناتون 0.5', '0', '[\"uploads\\/orders\\/-1652878079.jpg\"]', NULL, NULL, '2028-03-18', NULL, 0, 0, '2022-05-18 16:47:59', '2022-05-18 16:47:59'),
(417, 22, 54, 65, 40, 2, 'زينيت', '0', '[\"uploads\\/orders\\/-1652878125.jpg\"]', NULL, NULL, '2028-06-25', NULL, 0, 0, '2022-05-18 16:48:45', '2022-05-18 16:48:45'),
(418, 22, 54, 65, 40, 2, 'ميلو', '0', '[\"uploads\\/orders\\/ \\u0645\\u064a\\u0644\\u0648-1652878174.jpg\"]', NULL, NULL, '2028-01-24', NULL, 0, 0, '2022-05-18 16:49:34', '2022-05-18 16:49:34'),
(419, 23, 52, 35, 41, 3, 'كلاش', 'م استلام نتيجة فعالة في 30/8/2021 + تم استلام سمية في 15/12/2021+ متبقى الاختبار الحقلى', NULL, '2021-03-08', '2022-06-15', NULL, NULL, 0, 0, '2022-05-18 16:49:56', '2022-05-18 16:57:54'),
(420, 22, 54, 65, 40, 2, 'كابري حديد', '0', '[\"uploads\\/orders\\/ \\u062d\\u062f\\u064a\\u062f-1652878215.jpg\"]', NULL, NULL, '2028-12-09', NULL, 0, 0, '2022-05-18 16:50:15', '2022-05-18 16:50:15'),
(421, 22, 54, 65, 40, 2, 'كابري زنك', '0', '[\"uploads\\/orders\\/ \\u0632\\u0646\\u0643-1652878266.jpg\"]', NULL, NULL, '2027-08-14', NULL, 0, 0, '2022-05-18 16:51:06', '2022-05-18 16:51:06'),
(422, 23, 51, 35, 41, 2, 'كلاش', 'تم استلام مطابقة فى 1/6/2021', '[\"uploads\\/orders\\/ \\u0646\\u0648\\u062f\\u0643\\u0627\\u0631-1652878283.pdf\"]', NULL, NULL, NULL, NULL, 0, 0, '2022-05-18 16:51:23', '2022-05-18 16:51:23'),
(423, 22, 54, 65, 40, 2, 'كابري منجنيز', '0', '[\"uploads\\/orders\\/ \\u0645\\u0646\\u062c\\u0646\\u064a\\u0632-1652878310.jpg\"]', NULL, NULL, '2028-12-09', NULL, 0, 0, '2022-05-18 16:51:50', '2022-05-18 16:51:50'),
(424, 22, 54, 65, 40, 2, 'كابري نحاس', '0', '[\"uploads\\/orders\\/ \\u0646\\u062d\\u0627\\u0633-1652878429.jpg\"]', NULL, NULL, '2027-12-26', NULL, 0, 0, '2022-05-18 16:53:49', '2022-05-18 16:53:49'),
(425, 22, 54, 65, 40, 2, 'كيفيجان', '0', '[\"uploads\\/orders\\/_page-0001-1652878506.jpg\"]', NULL, NULL, '2030-12-23', NULL, 0, 0, '2022-05-18 16:55:06', '2022-05-18 16:55:06'),
(426, 22, 54, 65, 40, 2, 'ليديا بي', '0', '[\"uploads\\/orders\\/ \\u0628\\u064a-1652878600.jpg\"]', NULL, NULL, '2027-06-15', NULL, 0, 0, '2022-05-18 16:56:40', '2022-05-18 16:56:40'),
(427, 22, 54, 65, 40, 2, 'ليديا', '0', '[\"uploads\\/orders\\/-1652878644.jpg\"]', NULL, NULL, '2027-06-15', NULL, 0, 0, '2022-05-18 16:57:24', '2022-05-18 16:57:24'),
(428, 22, 54, 65, 40, 2, 'ماتيبلا 1', '0', '[\"uploads\\/orders\\/ 1-1652878712.jpg\"]', NULL, NULL, '2027-06-15', NULL, 0, 0, '2022-05-18 16:58:32', '2022-05-18 16:58:32'),
(429, 22, 54, 65, 40, 2, 'ماتيو', '0', '[\"uploads\\/orders\\/-1652878777.jpg\"]', NULL, NULL, '2027-06-15', NULL, 0, 0, '2022-05-18 16:59:37', '2022-05-18 16:59:37'),
(430, 22, 54, 65, 40, 2, 'مارسيلو', '0', '[\"uploads\\/orders\\/-1652878819.jpg\"]', NULL, NULL, '2028-06-25', NULL, 0, 0, '2022-05-18 17:00:19', '2022-05-18 17:00:19'),
(431, 22, 54, 65, 40, 2, 'نيكول 1.5', '0', '[\"uploads\\/orders\\/ 1.5-1652878883.jpg\"]', NULL, NULL, '2027-08-14', NULL, 0, 0, '2022-05-18 17:01:23', '2022-05-18 17:01:23'),
(432, 22, 54, 65, 40, 2, 'هاستيل', '0', '[\"uploads\\/orders\\/-1652878945.jpg\"]', NULL, NULL, '2028-06-25', NULL, 0, 0, '2022-05-18 17:02:25', '2022-05-18 17:02:25'),
(433, 22, 35, 65, 40, 2, 'يجاتون', '0', NULL, NULL, NULL, '2027-06-15', NULL, 0, 0, '2022-05-18 17:03:24', '2022-05-18 17:03:24'),
(434, 23, 48, 35, 1, 3, 'كلاش', 'تمد التقديم بتاريخ \r\nتم الحصول على موافقة سير\r\nتم عمل موافقة استيراديه\r\nتم الحصول على افراج للعينات\r\nتم الحصول على موافقة NODCA\r\nتم الحصول على تقرير البيولوجى - حشرات\r\nتم الحصول على السمية - الحشرات', NULL, '2020-02-02', '2023-02-02', NULL, NULL, 0, 0, '2022-05-18 17:33:41', '2022-05-18 17:33:41'),
(435, 22, 54, 67, 40, 2, 'اجراميكس', '0', '[\"uploads\\/orders\\/ \\u0645\\u064a\\u0643\\u0633-1652881032.jpg\"]', NULL, NULL, '2027-11-28', NULL, 0, 0, '2022-05-18 17:37:12', '2022-05-18 17:37:12'),
(436, 22, 54, 67, 40, 2, 'اجرارون', '0', '[\"uploads\\/orders\\/-1652881214.jpg\"]', NULL, NULL, '2027-11-28', NULL, 0, 0, '2022-05-18 17:40:14', '2022-05-18 17:40:14'),
(437, 22, 54, 67, 40, 2, 'اجرارووت', '0', '[\"uploads\\/orders\\/-1652881286.jpg\"]', NULL, NULL, '2027-08-29', NULL, 0, 0, '2022-05-18 17:41:26', '2022-05-18 17:41:26'),
(438, 22, 54, 67, 40, 2, 'اجراسترين ماكس', '0', '[\"uploads\\/orders\\/ \\u0645\\u0627\\u0643\\u0633-1652881370.jpg\"]', NULL, NULL, '2027-08-29', NULL, 0, 0, '2022-05-18 17:42:50', '2022-05-18 17:42:50'),
(439, 22, 54, 67, 40, 2, 'اجرا بيكس 10-50-10', '0', '[\"uploads\\/orders\\/ \\u0628\\u064a\\u0643\\u0633 10-50-10-1652881531.jpg\"]', NULL, NULL, '2028-02-14', NULL, 0, 0, '2022-05-18 17:45:31', '2022-05-18 17:45:31'),
(440, 22, 54, 67, 40, 2, 'اجرا بيكس 12-12-44', '0', '[\"uploads\\/orders\\/ \\u0628\\u064a\\u0643\\u0633\\u0649 12-12-44-1652881585.jpg\"]', NULL, NULL, '2029-03-12', NULL, 0, 0, '2022-05-18 17:46:25', '2022-05-18 17:46:25'),
(441, 22, 54, 67, 40, 2, 'اجرا بيكس 20-20-20', '0', '[\"uploads\\/orders\\/ \\u0628\\u064a\\u0643\\u0633\\u0649 20-20-20-1652881624.jpg\"]', NULL, NULL, '2029-03-12', NULL, 0, 0, '2022-05-18 17:47:04', '2022-05-18 17:47:04'),
(442, 22, 54, 67, 40, 2, 'اجرا بيكس 25-25-20', '0', '[\"uploads\\/orders\\/ \\u0628\\u064a\\u0643\\u0633\\u0649 25-25-20-1652881669.jpg\"]', NULL, NULL, '2029-03-12', NULL, 0, 0, '2022-05-18 17:47:49', '2022-05-18 17:47:49'),
(443, 22, 54, 67, 40, 2, 'اوربيتو 20-20-20', '0', '[\"uploads\\/orders\\/ 20-20-20-1652881813.jpeg\"]', NULL, NULL, '2024-12-25', NULL, 0, 0, '2022-05-18 17:50:13', '2022-05-18 17:50:13'),
(444, 22, 54, 67, 40, 2, 'اوربيتو بيست 20-50-10', '0', '[\"uploads\\/orders\\/ 20-50-10-1652881889.jpeg\"]', NULL, NULL, '2024-12-15', NULL, 0, 0, '2022-05-18 17:51:29', '2022-05-18 17:51:29'),
(445, 22, 54, 67, 40, 2, 'برفورمنس', '0', '[\"uploads\\/orders\\/-1652881947.jpg\"]', NULL, NULL, '2029-02-27', NULL, 0, 0, '2022-05-18 17:52:27', '2022-05-18 17:52:27'),
(446, 22, 54, 67, 40, 2, 'جراندي جرين', '0', '[\"uploads\\/orders\\/ \\u062c\\u0631\\u064a\\u0646-1652881998.jpg\"]', NULL, NULL, '2029-12-04', NULL, 0, 0, '2022-05-18 17:53:18', '2022-05-18 17:53:18'),
(447, 22, 55, 67, 40, 2, 'جيب 10', '0', '[\"uploads\\/orders\\/ 10-1652882039.jpg\"]', NULL, NULL, '2029-01-10', NULL, 0, 0, '2022-05-18 17:53:59', '2022-05-18 17:53:59'),
(448, 22, 54, 67, 40, 2, 'دايناميك', '0', '[\"uploads\\/orders\\/-1652882085.jpg\"]', NULL, NULL, '2029-09-19', NULL, 0, 0, '2022-05-18 17:54:45', '2022-05-18 17:54:45'),
(449, 22, 54, 67, 40, 2, 'روماريو', '0', '[\"uploads\\/orders\\/-1652882127.jpg\"]', NULL, NULL, '2028-04-05', NULL, 0, 0, '2022-05-18 17:55:27', '2022-05-18 17:55:27'),
(450, 22, 54, 67, 40, 2, 'رووت بيلدر', '0', '[\"uploads\\/orders\\/ \\u0628\\u064a\\u0644\\u062f\\u0631-1652882168.jpg\"]', NULL, NULL, '2029-09-19', NULL, 0, 0, '2022-05-18 17:56:08', '2022-05-18 17:56:08'),
(451, 22, 54, 67, 40, 2, 'زيروسال', '0', '[\"uploads\\/orders\\/-1652882216.jpg\"]', NULL, NULL, '2027-08-29', NULL, 0, 0, '2022-05-18 17:56:56', '2022-05-18 17:56:56'),
(452, 22, 54, 67, 40, 2, 'سويل ريتش فالفيك', '0', '[\"uploads\\/orders\\/ \\u0631\\u064a\\u062a\\u0634 \\u0641\\u0627\\u0644\\u0641\\u064a\\u0643-1652882272.tif\"]', NULL, NULL, '2028-08-30', NULL, 0, 0, '2022-05-18 17:57:52', '2022-05-18 17:57:52'),
(453, 22, 54, 67, 40, 2, 'سويل ريتش هيومات', '0', '[\"uploads\\/orders\\/ \\u0631\\u064a\\u062a\\u0634 \\u0647\\u064a\\u0648\\u0645\\u0627\\u062a-1652882323.tif\"]', NULL, NULL, '2028-08-30', NULL, 0, 0, '2022-05-18 17:58:43', '2022-05-18 17:58:43'),
(454, 22, 54, 67, 40, 2, 'سيتو كروبين', '0', '[\"uploads\\/orders\\/-1652882380.jpg\"]', NULL, NULL, '2027-11-28', NULL, 0, 0, '2022-05-18 17:59:40', '2022-05-18 17:59:40'),
(455, 22, 54, 67, 40, 2, 'ماجرين اف ال', '0', '[\"uploads\\/orders\\/ \\u0645\\u0627\\u062c\\u0631\\u064a\\u064a\\u0646-1652882420.jpeg\"]', NULL, NULL, '2024-05-15', NULL, 0, 0, '2022-05-18 18:00:20', '2022-05-18 18:00:20'),
(456, 22, 54, 67, 40, 2, 'فارما 18-18-18 +عناصر صغري', '0', '[\"uploads\\/orders\\/ 18-18-18-1652882468.jpg\"]', NULL, NULL, '2023-08-19', NULL, 0, 0, '2022-05-18 18:01:08', '2022-05-18 18:01:08'),
(457, 25, 63, 34, 1, 2, 'سجل تجارى', '0', '[\"uploads\\/orders\\/ \\u062a\\u062c\\u0627\\u0631\\u0649 2022-1652882495.pdf\"]', NULL, NULL, '2024-02-11', NULL, 0, 0, '2022-05-18 18:01:35', '2022-05-18 18:01:35'),
(458, 22, 54, 67, 40, 2, 'فارما زنك', '0', '[\"uploads\\/orders\\/ \\u0632\\u0646\\u0643-1652882508.jpg\"]', NULL, NULL, '2023-11-19', NULL, 0, 0, '2022-05-18 18:01:48', '2022-05-18 18:01:48'),
(459, 22, 54, 67, 40, 2, 'فارما سويت', '0', '[\"uploads\\/orders\\/ \\u0633\\u0648\\u064a\\u062a-1652882548.jpg\"]', NULL, NULL, '2023-08-19', NULL, 0, 0, '2022-05-18 18:02:28', '2022-05-18 18:02:28'),
(460, 22, 35, 67, 40, 2, 'فارما فولير 20-20-20+عناصر صغري', '0', '[\"uploads\\/orders\\/ \\u0641\\u0648\\u0644\\u064a\\u0631 20-20-20-1652882604.jpeg\"]', NULL, NULL, '2023-08-19', NULL, 0, 0, '2022-05-18 18:03:24', '2022-05-18 18:03:24'),
(461, 22, 54, 67, 40, 2, 'فارما كاب', '0', '[\"uploads\\/orders\\/ \\u0643\\u0627\\u0628-1652882654.jpg\"]', NULL, NULL, '2024-10-22', NULL, 0, 0, '2022-05-18 18:04:14', '2022-05-18 18:04:14'),
(462, 22, 54, 67, 40, 2, 'فارما ميكس', '0', '[\"uploads\\/orders\\/ \\u0645\\u064a\\u0643\\u0633-1652882721.jpg\"]', NULL, NULL, '2023-08-19', NULL, 0, 0, '2022-05-18 18:05:21', '2022-05-18 18:05:21'),
(463, 22, 54, 67, 40, 2, 'فانجارد', '0', '[\"uploads\\/orders\\/-1652882754.jpeg\"]', NULL, NULL, '2023-11-19', NULL, 0, 0, '2022-05-18 18:05:54', '2022-05-18 18:05:54'),
(464, 23, 48, 35, 41, 3, 'كلاش', 'تم التسليم فى 15/7/2019\r\nل د/فاطمة', NULL, '2019-07-15', '2022-08-25', NULL, NULL, 0, 0, '2022-05-18 18:06:20', '2022-05-18 18:06:20'),
(465, 22, 54, 67, 40, 2, 'فوسفوريك كونتكت', '0', '[\"uploads\\/orders\\/ \\u0643\\u0648\\u0646\\u062a\\u0643\\u062a-1652882845.jpg\"]', NULL, NULL, '2028-01-24', NULL, 0, 0, '2022-05-18 18:07:25', '2022-05-18 18:08:25'),
(466, 22, 54, 67, 40, 2, 'فولتراك', '0', '[\"uploads\\/orders\\/-1652882988.jpg\"]', NULL, NULL, '2024-05-15', NULL, 0, 0, '2022-05-18 18:09:08', '2022-05-18 18:09:48'),
(467, 22, 54, 67, 40, 2, 'فيجتامين 25', '0', '[\"uploads\\/orders\\/ 25-1652883063.jpg\"]', NULL, NULL, '2029-09-19', NULL, 0, 0, '2022-05-18 18:11:03', '2022-05-18 18:11:03'),
(468, 22, 54, 67, 40, 2, 'كابوريو بودر', '0', '[\"uploads\\/orders\\/ \\u0628\\u0648\\u062f\\u0631-1652883113.jpg\"]', NULL, NULL, '2027-08-29', NULL, 0, 0, '2022-05-18 18:11:53', '2022-05-18 18:11:53'),
(469, 23, 62, 35, 41, 3, 'كلاش', 'user-24751\r\npassword:105F5D465B53', NULL, '2021-08-09', '2022-08-09', NULL, NULL, 0, 0, '2022-05-18 18:36:09', '2022-05-18 18:36:09'),
(470, 25, 64, 34, 46, 2, 'البطاقه الضربيه', '0', '[\"uploads\\/orders\\/ \\u0636\\u0631\\u064a\\u0628\\u064a\\u0629-1652884885.pdf\"]', NULL, NULL, '2022-10-24', NULL, 0, 0, '2022-05-18 18:41:25', '2022-05-18 18:41:25'),
(471, 22, 54, 67, 40, 2, 'كابوريو', '0', '[\"uploads\\/orders\\/-1652885013.jpg\"]', NULL, NULL, '2027-08-29', NULL, 0, 0, '2022-05-18 18:43:33', '2022-05-18 18:43:33'),
(472, 22, 54, 67, 40, 2, 'كال فوس ماج', '0', '[\"uploads\\/orders\\/ - \\u0641\\u0648\\u0633 - \\u0645\\u0627\\u062c-1652885070.jpg\"]', NULL, NULL, '2028-01-24', NULL, 0, 0, '2022-05-18 18:44:30', '2022-05-18 18:44:30'),
(473, 25, 65, 34, 46, 2, 'وثيقه بيانات ممول', '-', '[\"uploads\\/orders\\/ 2022-1652885118.pdf\"]', NULL, NULL, NULL, NULL, 0, 0, '2022-05-18 18:45:18', '2022-05-18 18:45:18'),
(474, 22, 54, 67, 40, 2, 'كالسيو ستار', '0', '[\"uploads\\/orders\\/ \\u0633\\u062a\\u0627\\u0631\\u0627\\u062c\\u0631\\u064a \\u0643\\u0648\\u0646\\u062a\\u0643\\u062a-1652885119.jpg\"]', NULL, NULL, '2029-12-01', NULL, 0, 0, '2022-05-18 18:45:19', '2022-05-18 18:45:19'),
(475, 25, 66, 34, 46, 2, 'بطاقه استيراديه', '-', '[\"uploads\\/orders\\/-1652885282.pdf\"]', NULL, NULL, '2024-03-11', NULL, 0, 0, '2022-05-18 18:48:02', '2022-05-18 18:48:02'),
(476, 22, 54, 67, 40, 2, 'كروبر جارد نحاس', '0', '[\"uploads\\/orders\\/ \\u062c\\u0627\\u0631\\u062f \\u0646\\u062d\\u0627\\u0633-1652885321.jpg\"]', NULL, NULL, '2027-11-28', NULL, 0, 0, '2022-05-18 18:48:41', '2022-05-18 18:48:41'),
(477, 22, 54, 67, 40, 2, 'كلوراتو', '0', '[\"uploads\\/orders\\/-1652885368.jpg\"]', NULL, NULL, '2029-12-01', NULL, 0, 0, '2022-05-18 18:49:28', '2022-05-18 18:49:28'),
(478, 22, 54, 67, 40, 2, 'كواماكس', '0', '[\"uploads\\/orders\\/-1652885433.jpeg\"]', NULL, NULL, '2028-05-20', NULL, 0, 0, '2022-05-18 18:50:33', '2022-05-18 18:50:33'),
(479, 23, 48, 82, 44, 3, 'لمبادا ميزا 5%', 'تم الحصول على موافقة سير فى 30/11/2021\r\nتم استلام موافقة استرادية فى 20/1/2022\r\nتم استلام موافقة افراج  فى 9/3/2022', NULL, '2021-10-01', '2024-10-30', NULL, NULL, 0, 0, '2022-05-18 18:50:42', '2022-05-18 19:15:10'),
(480, 22, 54, 67, 40, 2, 'كي بلانت 5-5-45', '0', '[\"uploads\\/orders\\/ \\u0628\\u0644\\u0627\\u0646\\u062a\\u0627 5-5-45-1652885506.jpg\"]', NULL, NULL, '2028-01-24', NULL, 0, 0, '2022-05-18 18:51:46', '2022-05-18 18:51:46'),
(481, 25, 67, 34, 46, 2, 'سجل صناعي', '-', '[\"uploads\\/orders\\/ \\u0635\\u0646\\u0627\\u0639\\u0649-1652885512.pdf\"]', NULL, NULL, '2024-03-11', NULL, 0, 0, '2022-05-18 18:51:52', '2022-05-18 18:51:52'),
(482, 22, 54, 67, 40, 2, 'كي بلانت 19-19-19', '0', '[\"uploads\\/orders\\/ \\u0628\\u0644\\u0627\\u0646\\u062a\\u0627 19-19-19-1652885563.jpg\"]', NULL, NULL, '2028-01-24', NULL, 0, 0, '2022-05-18 18:52:43', '2022-05-18 18:52:43'),
(483, 22, 54, 67, 40, 2, 'لوتوفيرت سي يو اف', '0', '[\"uploads\\/orders\\/ \\u0641\\u0628\\u0631\\u062a \\u0633\\u0649 \\u064a\\u0648 \\u0627\\u0641-1652885624.jpg\"]', NULL, NULL, '2031-09-13', NULL, 0, 0, '2022-05-18 18:53:44', '2022-05-18 18:53:44'),
(484, 23, 60, 82, 44, 2, 'لمبادا ميزا 5%', 'تم الحصول على موافقة سير فى 30/11/2021', '[\"uploads\\/orders\\/ \\u0633\\u064a\\u0631 \\u0644\\u0645\\u0628\\u0627\\u062f\\u0627 \\u0645\\u064a\\u0632\\u0627 5% 2022-1652885686.pdf\"]', NULL, NULL, '2023-11-30', NULL, 0, 0, '2022-05-18 18:54:46', '2022-05-18 18:54:46'),
(485, 22, 54, 67, 40, 2, 'لوتو فيرت 15-30-15', '0', '[\"uploads\\/orders\\/ \\u0641\\u064a\\u0631\\u062a 15-30-15-1652885690.jpg\"]', NULL, NULL, '2031-02-22', NULL, 0, 0, '2022-05-18 18:54:50', '2022-05-18 18:54:50'),
(486, 25, 68, 34, 46, 2, 'ترخيص اتجار في المبيدات', '-', '[\"uploads\\/orders\\/ \\u0628\\u0627\\u0644\\u062a\\u062c\\u0627\\u0631 \\u0641\\u0649 \\u0627\\u0644\\u0645\\u0628\\u064a\\u062f\\u0627\\u062a - \\u0645\\u062d\\u0644-1652885719.pdf\"]', NULL, NULL, '2022-07-17', NULL, 0, 0, '2022-05-18 18:55:19', '2022-05-18 18:55:19'),
(487, 22, 54, 67, 40, 2, 'لوتو فيرت فري سال', '0', '[\"uploads\\/orders\\/ \\u0641\\u064a\\u0631\\u062a \\u0641\\u0631\\u064a \\u0633\\u0627\\u0644-1652885747.jpg\"]', NULL, NULL, '2031-02-22', NULL, 0, 0, '2022-05-18 18:55:47', '2022-05-18 18:55:47'),
(488, 22, 54, 67, 40, 2, 'لوتو فيرت نيتروس', '0', '[\"uploads\\/orders\\/ \\u0641\\u064a\\u0631\\u062a \\u0646\\u064a\\u062a\\u0631\\u0648\\u0633-1652885797.jpg\"]', NULL, NULL, '2031-02-21', NULL, 0, 0, '2022-05-18 18:56:37', '2022-05-18 18:56:37'),
(489, 22, 54, 67, 40, 2, 'لوتو فيرت تيكنو', '0', '[\"uploads\\/orders\\/ \\u062a\\u064a\\u0643\\u0646\\u0648-1652885845.jpg\"]', NULL, NULL, '2031-10-24', NULL, 0, 0, '2022-05-18 18:57:25', '2022-05-18 18:57:25'),
(490, 25, 69, 34, 46, 2, 'ترخيص اتجار في الاسمده', '-', '[\"uploads\\/orders\\/ \\u0627\\u0633\\u0645\\u062f\\u0629 \\u062c\\u062f\\u064a\\u062f \\u0645\\u062d\\u0644 - \\u0627\\u0644\\u0645\\u0635\\u0631\\u064a\\u0629-1652885875.pdf\"]', NULL, NULL, '2024-09-18', NULL, 0, 0, '2022-05-18 18:57:55', '2022-05-18 18:57:55'),
(491, 22, 54, 67, 40, 2, 'لوتوفيرت ميكس', '0', '[\"uploads\\/orders\\/ \\u0645\\u064a\\u0643\\u0633-1652885898.jpg\"]', NULL, NULL, '2029-02-27', NULL, 0, 0, '2022-05-18 18:58:18', '2022-05-18 18:58:18'),
(492, 23, 49, 82, 44, 2, 'لمبادا ميزا 5%', 'تم استلام موافقة فى 20/1/2022', '[\"uploads\\/orders\\/ \\u0627\\u0633\\u062a\\u064a\\u0631\\u0627\\u062f\\u064a\\u0629 \\u0644\\u0645\\u0628\\u0627\\u062f\\u0627-1652885904.pdf\"]', NULL, NULL, '2023-01-20', NULL, 0, 0, '2022-05-18 18:58:24', '2022-05-18 18:58:24'),
(493, 22, 54, 67, 40, 2, 'لوتو فيرت 15-5-30', '0', '[\"uploads\\/orders\\/15-5-30-1652885952.jpg\"]', NULL, NULL, '2031-10-24', NULL, 0, 0, '2022-05-18 18:59:12', '2022-05-18 18:59:12'),
(494, 22, 54, 67, 40, 2, 'ماكسيموس فلاور', '0', '[\"uploads\\/orders\\/ \\u0641\\u0644\\u0627\\u0648\\u0631-1652886008.jpg\"]', NULL, NULL, '2027-11-28', NULL, 0, 0, '2022-05-18 19:00:08', '2022-05-18 19:00:08'),
(495, 23, 50, 82, 44, 2, 'لمبادا ميزا 5%', 'تم استلام افراج فى 9/3/2022', '[\"uploads\\/orders\\/ \\u0627\\u0641\\u0631\\u0627\\u062c  \\u0644\\u0645\\u0628\\u0627\\u062f\\u0627-1652886297.pdf\"]', NULL, NULL, NULL, NULL, 0, 0, '2022-05-18 19:04:57', '2022-05-18 19:07:08'),
(496, 25, 70, 34, 46, 2, 'ترخيص تصنيع اسمده', '-', '[\"uploads\\/orders\\/DOC210315-20210315145425-1652886549.pdf\"]', NULL, NULL, '2024-07-06', NULL, 0, 0, '2022-05-18 19:09:09', '2022-05-18 19:09:09'),
(497, 22, 54, 142, 40, 2, 'اجرو ميت رويال', '0', '[\"uploads\\/orders\\/ \\u0645\\u064a\\u062a \\u0631\\u0648\\u064a\\u0627\\u0644-1652886705.jpg\"]', NULL, NULL, '2030-10-14', NULL, 0, 0, '2022-05-18 19:11:45', '2022-05-18 19:11:45'),
(498, 22, 54, 142, 40, 2, 'ستيمو فلاور اجرو', '0', '[\"uploads\\/orders\\/ \\u0633\\u062a\\u064a\\u0645\\u0648 \\u0641\\u0644\\u0627\\u0648\\u0631 \\u0627\\u062c\\u0631\\u0648 \\u0627\\u062c\\u0631\\u0648\\u0643\\u064a\\u0645\\u0643\\u0627\\u0644\\u0632-1652886795.jpg\"]', NULL, NULL, '2029-09-12', NULL, 0, 0, '2022-05-18 19:13:15', '2022-05-18 19:13:15'),
(499, 23, 48, 82, 44, 3, 'لمبادا ميزا 10%', 'تم الحصول على موافقة سير فى 8/12/2021 \r\nتم استلام موافقة استرادية فى 20/1/2022\r\nتم استلام موافقة افراج  فى 9/3/2022', NULL, '2021-10-20', '2024-10-20', NULL, NULL, 0, 0, '2022-05-18 19:13:52', '2022-05-18 19:13:52'),
(500, 22, 54, 142, 40, 2, 'اجروكيميكالز بوتاسيوم', '0', '[\"uploads\\/orders\\/ \\u0627\\u062c\\u0631\\u0648\\u0643\\u064a\\u0645\\u0643\\u0627\\u0644\\u0632 \\u0628\\u0648\\u062a\\u0627\\u0633\\u064a\\u0648\\u0645-1652886839.jpg\"]', NULL, NULL, '2029-09-12', NULL, 0, 0, '2022-05-18 19:13:59', '2022-05-18 19:13:59'),
(501, 22, 55, 142, 40, 2, 'فايدكس', '0', '[\"uploads\\/orders\\/-1652887010.jpg\"]', NULL, NULL, '2032-02-12', NULL, 0, 0, '2022-05-18 19:16:50', '2022-05-18 19:16:50'),
(502, 22, 54, 131, 40, 2, 'كال اجرو 5-5-45', '0', '[\"uploads\\/orders\\/ \\u0627\\u062c\\u0631\\u0648 5-5-45-1652887097.jpg\"]', NULL, NULL, '2028-11-25', NULL, 0, 0, '2022-05-18 19:18:17', '2022-05-18 19:18:17'),
(503, 22, 54, 131, 40, 2, 'كال اجرو 10-52-10', '0', '[\"uploads\\/orders\\/ \\u0627\\u062c\\u0631\\u0648 10-52-10-1652887204.jpg\"]', NULL, NULL, '2028-11-25', NULL, 0, 0, '2022-05-18 19:19:35', '2022-05-18 19:20:04'),
(504, 25, 73, 34, 46, 2, 'توكيلات صحه', '-', '[\"uploads\\/orders\\/ \\u0627\\u0644\\u0645\\u0635\\u0631\\u064a\\u0629 \\u0644\\u0644\\u0635\\u062d\\u0629-1652887187.pdf\"]', NULL, NULL, NULL, NULL, 0, 0, '2022-05-18 19:19:47', '2022-05-18 19:19:47'),
(505, 23, 60, 82, 44, 2, 'لمبادا ميزا 10%', 'تم استلام موافقة سير فى 8/12/2021', '[\"uploads\\/orders\\/ \\u0633\\u064a\\u0631  \\u0644\\u0645\\u0628\\u0627\\u062f\\u0627 \\u0645\\u064a\\u0632\\u0627 10% 2021-1652887197.pdf\"]', NULL, NULL, '2023-11-30', NULL, 0, 0, '2022-05-18 19:19:57', '2022-05-18 19:19:57'),
(506, 22, 54, 131, 40, 2, 'كال اجرو 19-19-19', '0', '[\"uploads\\/orders\\/ \\u0627\\u062c\\u0631\\u0648 19-19-19-1652887253.jpg\"]', NULL, NULL, '2028-11-25', NULL, 0, 0, '2022-05-18 19:20:53', '2022-05-18 19:20:53'),
(507, 22, 54, 131, 40, 2, 'كال اجرو 20-20-20', '0', '[\"uploads\\/orders\\/ \\u0627\\u062c\\u0631\\u0648 20-20-20-1652887303.jpg\"]', NULL, NULL, '2028-11-25', NULL, 0, 0, '2022-05-18 19:21:43', '2022-05-18 19:21:43'),
(508, 23, 49, 82, 44, 2, 'لمبادا ميزا 10%', 'تم استلام موافقة استرادية فى 20/1/2022', '[\"uploads\\/orders\\/ \\u0627\\u0633\\u062a\\u064a\\u0631\\u0627\\u062f\\u064a\\u0629 \\u0644\\u0645\\u0628\\u0627\\u062f\\u0627-1652887316.pdf\"]', NULL, NULL, '2023-01-20', NULL, 0, 0, '2022-05-18 19:21:56', '2022-05-18 19:21:56'),
(509, 22, 54, 131, 40, 2, 'كال جولد', '0', '[\"uploads\\/orders\\/ \\u062c\\u0648\\u0644\\u062f-1652887345.jpg\"]', NULL, NULL, '2029-02-11', NULL, 0, 0, '2022-05-18 19:22:25', '2022-05-18 19:22:25'),
(510, 22, 54, 131, 40, 2, 'كال سوبر', '0', '[\"uploads\\/orders\\/ \\u0633\\u0648\\u0628\\u0631-1652887384.jpg\"]', NULL, NULL, '2028-11-25', NULL, 0, 0, '2022-05-18 19:23:04', '2022-05-18 19:23:04'),
(511, 23, 50, 82, 44, 2, 'لمبادا ميزا 10%', 'تم استلام افراج فى 9/3/2022', '[\"uploads\\/orders\\/ \\u0627\\u0641\\u0631\\u0627\\u062c  \\u0644\\u0645\\u0628\\u0627\\u062f\\u0627-1652887396.pdf\"]', NULL, NULL, NULL, NULL, 0, 0, '2022-05-18 19:23:16', '2022-05-18 19:23:16'),
(512, 22, 54, 92, 40, 2, 'رادو رام', '0', '[\"uploads\\/orders\\/ \\u0631\\u0627\\u0645-1652887658.jpg\"]', NULL, NULL, '2030-07-26', NULL, 0, 0, '2022-05-18 19:27:38', '2022-05-18 19:27:38'),
(513, 23, 48, 82, 44, 3, 'فببروميزا 20%', 'تم استلام موافقة سير فى 9/2/2022\r\nتم استلام موافقة استرادية 7/3/2022\r\nتم استلام افراج فى 22/3/2022', NULL, '2021-11-10', '2024-11-10', NULL, NULL, 0, 0, '2022-05-18 19:28:21', '2022-05-18 19:28:21'),
(514, 22, 55, 92, 40, 2, 'رام راماكتون', '0', '[\"uploads\\/orders\\/ \\u0631\\u0627\\u0645\\u0627\\u0643\\u062a\\u0648\\u0646-1652887736.jpg\"]', NULL, NULL, '2032-01-31', NULL, 0, 0, '2022-05-18 19:28:56', '2022-05-18 19:32:33'),
(515, 21, 42, 35, 43, 2, 'ارزن', 'شهاده التسجيل', '[\"uploads\\/orders\\/ \\u062a\\u0633\\u062c\\u064a\\u0644 \\u0627\\u0631\\u0632\\u0646-1652887770.pdf\"]', NULL, NULL, '2026-12-07', NULL, 0, 0, '2022-05-18 19:29:30', '2022-05-18 19:29:30'),
(516, 21, 46, 35, 43, 2, 'ارزن', 'فتره ماقبل الحصاد', '[\"uploads\\/orders\\/ phi-1652887843.pdf\"]', NULL, NULL, '2027-05-05', NULL, 0, 0, '2022-05-18 19:30:43', '2022-05-18 19:30:43'),
(517, 23, 60, 82, 44, 2, 'فببروميزا 20%', 'تم استلام موافقه سير فى 9/2/2022', '[\"uploads\\/orders\\/ \\u0633\\u064a\\u0631  \\u0641\\u064a\\u0628\\u0631\\u0648\\u0645\\u064a\\u0632\\u0627 2022-1652887876.pdf\"]', NULL, NULL, '2023-12-28', NULL, 0, 0, '2022-05-18 19:31:16', '2022-05-18 19:31:16'),
(518, 21, 59, 35, 43, 2, 'ارزن', 'شهاده الاجتياز', '[\"uploads\\/orders\\/ \\u0627\\u0631\\u0632\\u0646-1652887899.pdf\"]', NULL, NULL, '2023-12-07', NULL, 0, 0, '2022-05-18 19:31:39', '2022-05-18 19:31:39'),
(519, 25, 74, 34, 46, 2, 'تفويض اسمده', '-', '[\"uploads\\/orders\\/ \\u0627\\u0633\\u0645\\u062f\\u0629 2021.doc-1652887994.pdf\"]', NULL, NULL, NULL, NULL, 0, 0, '2022-05-18 19:33:14', '2022-05-18 19:33:14'),
(520, 23, 49, 82, 44, 2, 'فببروميزا 20%', 'تم استلام موافقة استرادية فى 7/3/2022', '[\"uploads\\/orders\\/ \\u0627\\u0633\\u062a\\u0631\\u0627\\u062f\\u064a\\u0629 \\u0641\\u064a\\u0628\\u0631\\u0648\\u0646\\u064a\\u0644-1652887999.pdf\"]', NULL, NULL, '2023-03-07', NULL, 0, 0, '2022-05-18 19:33:19', '2022-05-18 19:33:19'),
(521, 22, 54, 92, 40, 2, 'فيرو رام', '0', '[\"uploads\\/orders\\/ \\u0631\\u0627\\u0645-1652888032.jpg\"]', NULL, NULL, '2030-02-19', NULL, 0, 0, '2022-05-18 19:33:52', '2022-05-18 19:33:52'),
(522, 22, 54, 92, 40, 2, 'لجنو رام', '0', '[\"uploads\\/orders\\/ \\u0631\\u0627\\u0645-1652888068.jpg\"]', NULL, NULL, '2030-03-10', NULL, 0, 0, '2022-05-18 19:34:28', '2022-05-18 19:34:28'),
(523, 23, 50, 82, 44, 2, 'فببروميزا 20%', 'تم استلام افراج فى 22/3/2022', '[\"uploads\\/orders\\/ \\u0627\\u0641\\u0631\\u0627\\u062c \\u0641\\u064a\\u0628\\u0631\\u0648\\u0646\\u064a\\u0644 \\u0648\\u062f\\u064a\\u0627\\u0632\\u064a\\u0646\\u0648\\u0646-1652888084.pdf\"]', NULL, NULL, NULL, NULL, 0, 0, '2022-05-18 19:34:44', '2022-05-18 19:34:44');
INSERT INTO `orders` (`id`, `category_id`, `sub_category_id`, `customer_id`, `employee_id`, `status_id`, `name`, `details`, `files`, `submission_date`, `expected_date`, `expiry_date`, `expiry_date_notify`, `expected_notify`, `show_details`, `created_at`, `updated_at`) VALUES
(524, 21, 42, 35, 43, 2, 'افاتار', 'شهاده التسجيل', '[\"uploads\\/orders\\/ \\u062a\\u0633\\u062c\\u064a\\u0644 \\u0627\\u0641\\u0627\\u062a\\u0627\\u0631-1652888105.pdf\"]', NULL, NULL, '2026-11-02', NULL, 0, 0, '2022-05-18 19:35:05', '2022-05-18 19:35:05'),
(525, 22, 54, 92, 40, 2, 'ميجا رام', '0', '[\"uploads\\/orders\\/ \\u0631\\u0627\\u0645-1652888118.jpg\"]', NULL, NULL, '2030-02-19', NULL, 0, 0, '2022-05-18 19:35:18', '2022-05-18 19:35:18'),
(526, 21, 46, 35, 43, 2, 'افاتار', 'مؤقته', '[\"uploads\\/orders\\/ \\u0627\\u0641\\u0627\\u062a\\u0627\\u0631-1652888160.pdf\"]', NULL, NULL, NULL, NULL, 0, 0, '2022-05-18 19:36:00', '2022-05-18 19:36:00'),
(527, 22, 55, 92, 40, 2, 'هوبا جيب', '0', '[\"uploads\\/orders\\/ \\u062c\\u064a\\u0628-1652888177.jpg\"]', NULL, NULL, '2031-08-15', NULL, 0, 0, '2022-05-18 19:36:17', '2022-05-18 19:36:17'),
(528, 22, 54, 92, 40, 2, 'هيمو رام', '0', '[\"uploads\\/orders\\/ \\u0631\\u0627\\u0645-1652888217.jpg\"]', NULL, NULL, '2030-03-05', NULL, 0, 0, '2022-05-18 19:36:57', '2022-05-18 19:36:57'),
(529, 21, 58, 35, 43, 2, 'افاتار', '100 سم-200سم -300سم استراكيم\r\n\r\n1 لتر -200 سم لصالح قناه السويس', '[\"uploads\\/orders\\/ \\u0627\\u0641\\u0627\\u062a\\u0627\\u0631-1652888284.pdf\"]', NULL, NULL, '2023-11-02', NULL, 0, 0, '2022-05-18 19:38:04', '2022-05-18 19:38:04'),
(530, 23, 48, 82, 44, 3, 'ميزا فوس 48%', 'تم استلام موافقة سير فى 12/1/2022\r\nتم استلام موافقة استرادية فى 14/3/2022\r\nتم استلام افراج فى 28/3/2022', NULL, '2022-01-01', '2024-01-01', NULL, NULL, 0, 0, '2022-05-18 19:38:50', '2022-05-18 19:38:50'),
(531, 21, 59, 35, 43, 2, 'افاتار', 'شهاده الاجتياز', '[\"uploads\\/orders\\/ \\u0627\\u0641\\u0627\\u062a\\u0627\\u0631-1652888381.pdf\"]', NULL, NULL, '2023-11-02', NULL, 0, 0, '2022-05-18 19:39:41', '2022-05-18 19:39:41'),
(532, 23, 60, 82, 44, 2, 'ميزا فوس 48%', 'تم استلام موافقة سير فى 12/1/2022', '[\"uploads\\/orders\\/ \\u0633\\u064a\\u0631 \\u0645\\u064a\\u0632\\u0627\\u0641\\u0648\\u0633 2022-1652888437.pdf\"]', NULL, NULL, '2023-12-28', NULL, 0, 0, '2022-05-18 19:40:37', '2022-05-18 19:40:37'),
(533, 23, 49, 82, 44, 2, 'ميزا فوس 48%', 'تم استلام موافقة استرادية فى 14/3/2022', '[\"uploads\\/orders\\/ \\u0627\\u0633\\u062a\\u0631\\u0627\\u062f\\u064a\\u0629 \\u0643\\u0644\\u0648\\u0631-1652888529.pdf\"]', NULL, NULL, '2023-03-14', NULL, 0, 0, '2022-05-18 19:42:09', '2022-05-18 19:42:09'),
(534, 21, 42, 35, 43, 2, 'تولبيرت', 'شهاده التسجيل', '[\"uploads\\/orders\\/ \\u062a\\u0633\\u062c\\u064a\\u0644 \\u062a\\u0648\\u0644\\u0628\\u064a\\u0631\\u062a-1652888597.pdf\"]', NULL, NULL, '2025-12-02', NULL, 0, 0, '2022-05-18 19:43:17', '2022-05-18 19:43:17'),
(535, 23, 50, 82, 44, 2, 'ميزا فوس 48%', 'تم استلام افراج فى 28/3/2022', '[\"uploads\\/orders\\/ \\u0627\\u0641\\u0631\\u0627\\u062c \\u0643\\u0644\\u0648\\u0631-1652888603.pdf\"]', NULL, NULL, NULL, NULL, 0, 0, '2022-05-18 19:43:24', '2022-05-18 19:43:24'),
(536, 21, 46, 35, 43, 2, 'تولبيرت', 'فتره ماقبل الحصاد', '[\"uploads\\/orders\\/phi-1652888648.pdf\"]', NULL, NULL, '2025-08-19', NULL, 0, 0, '2022-05-18 19:44:08', '2022-05-18 19:44:08'),
(537, 21, 58, 35, 43, 2, 'تولبيرت', '40 سم لصالح جرين ارو', '[\"uploads\\/orders\\/ \\u062a\\u0648\\u0644\\u0628\\u064a\\u0631\\u062a-1652888715.pdf\"]', NULL, NULL, '2022-12-02', NULL, 0, 0, '2022-05-18 19:45:15', '2022-05-18 19:45:15'),
(538, 21, 59, 35, 43, 2, 'تولبيرت', 'شهاده الاجتياز', '[\"uploads\\/orders\\/ \\u062a\\u0648\\u0644\\u0628\\u064a\\u0631\\u062a-1652888775.pdf\"]', NULL, NULL, '2022-12-02', NULL, 0, 0, '2022-05-18 19:46:15', '2022-05-18 19:46:15'),
(539, 22, 54, 143, 40, 2, 'ارت 6-6-43', '0', '[\"uploads\\/orders\\/ 6-6-44-1652888941.jpg\"]', NULL, NULL, '2029-03-12', NULL, 0, 0, '2022-05-18 19:49:01', '2022-05-18 19:49:01'),
(540, 21, 42, 35, 43, 2, 'تونشى', 'شهاده التسجيل', '[\"uploads\\/orders\\/ \\u062a\\u0633\\u062c\\u064a\\u0644 \\u062a\\u0648\\u0646\\u0634\\u064a-1652888964.pdf\"]', NULL, NULL, '2026-05-04', NULL, 0, 0, '2022-05-18 19:49:24', '2022-05-18 19:49:24'),
(541, 22, 54, 143, 40, 2, 'ارت 10-50-5', '0', '[\"uploads\\/orders\\/ 10-50-5-1652889000.jpg\"]', NULL, NULL, '2028-06-25', NULL, 0, 0, '2022-05-18 19:50:00', '2022-05-18 19:50:00'),
(542, 21, 46, 35, 43, 2, 'تونشى', 'فتره ماقبل الحصاد', '[\"uploads\\/orders\\/pHI\\u062a\\u0648\\u0646\\u0634\\u064a-1652889035.pdf\"]', NULL, NULL, '2025-12-18', NULL, 0, 0, '2022-05-18 19:50:35', '2022-05-18 19:50:35'),
(543, 22, 54, 143, 40, 2, 'ارت 12-12-44', '0', '[\"uploads\\/orders\\/ 12-12-44-1652889070.jpg\"]', NULL, NULL, '2028-06-25', NULL, 0, 0, '2022-05-18 19:51:10', '2022-05-18 19:51:10'),
(544, 22, 35, 143, 40, 2, 'ارت 12-55-5', '0', NULL, NULL, NULL, '2028-06-25', NULL, 0, 0, '2022-05-18 19:52:26', '2022-05-18 19:52:26'),
(545, 21, 58, 35, 43, 2, 'تونشى', '100 سم لصالح شركه قناه السويس\r\n100 سم -200سم لصالح شركه قويسنا', '[\"uploads\\/orders\\/ \\u062a\\u0648\\u0646\\u0634\\u064a 100\\u0633\\u0645-1652889167.pdf\",\"uploads\\/orders\\/ 100\\u0633\\u0645-1652889167.pdf\",\"uploads\\/orders\\/ 2000\\u0633\\u0645-1652889167.pdf\"]', NULL, NULL, '2022-05-04', NULL, 0, 0, '2022-05-18 19:52:47', '2022-05-18 19:52:47'),
(546, 22, 54, 143, 40, 2, 'ارت 19-19-19', '0', '[\"uploads\\/orders\\/ 19-19-19-1652889188.jpg\"]', NULL, NULL, '0028-12-31', NULL, 0, 0, '2022-05-18 19:53:08', '2022-05-18 19:53:08'),
(547, 23, 48, 82, 44, 3, 'ميزانون 60%', 'تم استلام موافقة سير فى 21/2/2022\r\nتم استلام موافقة استرادية فى 7/3/2022\r\nتم استلام افراج فى  22/3/2022', NULL, '2022-02-01', '2025-02-01', NULL, NULL, 0, 0, '2022-05-18 19:53:28', '2022-05-18 19:53:28'),
(548, 22, 54, 143, 40, 2, 'ارت 20-20-20', '0', '[\"uploads\\/orders\\/ 20-20-20-1652889251.jpg\"]', NULL, NULL, '2028-06-25', NULL, 0, 0, '2022-05-18 19:54:11', '2022-05-18 19:54:11'),
(549, 21, 59, 35, 43, 2, 'تونشى', 'شهاده الاجتياز', '[\"uploads\\/orders\\/ \\u062a\\u0648\\u0646\\u0634\\u0649-1652889258.pdf\"]', NULL, NULL, '2023-05-04', NULL, 0, 0, '2022-05-18 19:54:18', '2022-05-18 19:54:18'),
(550, 23, 60, 82, 44, 2, 'ميزانون 60%', '.', '[\"uploads\\/orders\\/ \\u0633\\u064a\\u0631 \\u0645\\u064a\\u0632\\u0627\\u0646\\u0648\\u0646 2022-1652889366.pdf\"]', NULL, NULL, '2024-02-01', NULL, 0, 0, '2022-05-18 19:56:06', '2022-05-18 19:56:06'),
(551, 22, 54, 143, 40, 2, 'ارت بورون', '0', '[\"uploads\\/orders\\/ \\u0628\\u0648\\u0631\\u0648\\u0646-1652889412.jpg\"]', NULL, NULL, '2028-12-31', NULL, 0, 0, '2022-05-18 19:56:52', '2022-05-18 19:56:52'),
(552, 23, 49, 82, 44, 2, 'ميزانون 60%', '.', '[\"uploads\\/orders\\/ \\u0627\\u0633\\u062a\\u0631\\u0627\\u062f\\u064a\\u0629 \\u0645\\u064a\\u0632\\u0627\\u0646\\u0648\\u0646-1652889462.pdf\"]', NULL, NULL, '2023-03-07', NULL, 0, 0, '2022-05-18 19:57:42', '2022-05-18 19:57:42'),
(553, 22, 54, 143, 40, 2, 'ارت بي فوس', '0', '[\"uploads\\/orders\\/ \\u0628\\u0649 \\u0641\\u0648\\u0633-1652889464.jpg\"]', NULL, NULL, '2028-11-28', NULL, 0, 0, '2022-05-18 19:57:44', '2022-05-18 19:57:44'),
(554, 21, 42, 35, 43, 2, 'اراديكون', 'شهاده التسجيل', '[\"uploads\\/orders\\/ \\u062a\\u0633\\u062c\\u064a\\u0644 \\u0627\\u0631\\u0627\\u062f\\u064a\\u0643\\u0648\\u0646-1652889476.pdf\"]', NULL, NULL, '2026-05-04', NULL, 0, 0, '2022-05-18 19:57:56', '2022-05-18 19:57:56'),
(555, 22, 55, 143, 40, 2, 'ارت تون', '0', '[\"uploads\\/orders\\/ \\u062a\\u0648\\u0646-1652889528.jpg\"]', NULL, NULL, '2028-12-24', NULL, 0, 0, '2022-05-18 19:58:48', '2022-05-18 19:58:48'),
(556, 21, 46, 35, 43, 2, 'اراديكون', 'فتره ماقبل الحصاد', '[\"uploads\\/orders\\/ phi-1652889539.pdf\"]', NULL, NULL, '2026-01-05', NULL, 0, 0, '2022-05-18 19:58:59', '2022-05-18 19:58:59'),
(557, 23, 50, 82, 44, 2, 'ميزانون 60%', '.', '[\"uploads\\/orders\\/ \\u0627\\u0641\\u0631\\u0627\\u062c \\u0641\\u064a\\u0628\\u0631\\u0648\\u0646\\u064a\\u0644 \\u0648\\u062f\\u064a\\u0627\\u0632\\u064a\\u0646\\u0648\\u0646-1652889562.pdf\"]', NULL, NULL, NULL, NULL, 0, 0, '2022-05-18 19:59:22', '2022-05-18 19:59:22'),
(558, 22, 54, 143, 40, 2, 'ارت سويل', '0', '[\"uploads\\/orders\\/ \\u0633\\u0648\\u064a\\u0644-1652889621.jpg\"]', NULL, NULL, '2028-12-03', NULL, 0, 0, '2022-05-18 20:00:21', '2022-05-18 20:00:21'),
(559, 22, 54, 143, 40, 2, 'ارت كال بور', '0', '[\"uploads\\/orders\\/ \\u0643\\u0627\\u0644 \\u0628\\u0648\\u0631-1652889677.jpg\"]', NULL, NULL, '2028-12-03', NULL, 0, 0, '2022-05-18 20:01:17', '2022-05-18 20:01:17'),
(560, 22, 54, 143, 40, 2, 'ارت ميكرو', '0', '[\"uploads\\/orders\\/ \\u0645\\u064a\\u0643\\u0631\\u0648-1652889724.jpg\"]', NULL, NULL, '2028-05-20', NULL, 0, 0, '2022-05-18 20:02:04', '2022-05-18 20:02:04'),
(561, 21, 58, 35, 43, 2, 'اراديكون', '100 سم -200 سم لصالح شركه تكنوسينس', '[\"uploads\\/orders\\/ \\u0627\\u0631\\u0627\\u062f\\u064a\\u0643\\u0648\\u0646 100\\u0633\\u0645-1652889775.pdf\",\"uploads\\/orders\\/ \\u0627\\u0631\\u0627\\u062f\\u064a\\u0643\\u0648\\u0646 200\\u0633\\u0645-1652889775.pdf\"]', NULL, NULL, '2023-05-04', NULL, 0, 0, '2022-05-18 20:02:55', '2022-05-18 20:02:55'),
(562, 21, 59, 35, 43, 2, 'اراديكون', 'شهاده الاجتياز', '[\"uploads\\/orders\\/ \\u0627\\u0631\\u0627\\u062f\\u064a\\u0643\\u0648\\u0646-1652889836.pdf\"]', NULL, NULL, '2023-05-04', NULL, 0, 0, '2022-05-18 20:03:56', '2022-05-18 20:03:56'),
(563, 22, 35, 64, 40, 2, 'هابيكار اجرو سيفوس', '0', '[\"uploads\\/orders\\/ \\u0627\\u062c\\u0631\\u064a\\u0633\\u064a\\u0641\\u0648\\u0633-1652889976.jpg\"]', NULL, NULL, '2029-12-04', NULL, 0, 0, '2022-05-18 20:06:16', '2022-05-18 20:06:16'),
(564, 22, 54, 64, 40, 2, 'هابيكار بورو', '0', '[\"uploads\\/orders\\/ \\u0628\\u0648\\u0631\\u0648-1652890017.jpg\"]', NULL, NULL, '2028-07-17', NULL, 0, 0, '2022-05-18 20:06:57', '2022-05-18 20:06:57'),
(565, 21, 42, 35, 43, 2, 'لاسيرتاماكس', 'شهاده التسجيل', '[\"uploads\\/orders\\/ \\u062a\\u0633\\u062c\\u064a\\u0644 \\u0644\\u0627\\u0633\\u064a\\u0631\\u062a\\u0627\\u0645\\u0627\\u0643\\u0633-1652890050.pdf\"]', NULL, NULL, '2025-12-02', NULL, 0, 0, '2022-05-18 20:07:30', '2022-05-18 20:07:30'),
(566, 22, 54, 64, 40, 2, 'هابيكار كالكيسان', '0', '[\"uploads\\/orders\\/ \\u0643\\u0627\\u0644\\u0643\\u064a\\u0633\\u0627\\u0646-1652890062.jpg\"]', NULL, NULL, '2028-12-09', NULL, 0, 0, '2022-05-18 20:07:42', '2022-05-18 20:07:42'),
(567, 21, 46, 35, 43, 2, 'لاسيرتاماكس', 'فتره ماقبل الحصاد', '[\"uploads\\/orders\\/phi  \\u0644\\u0627\\u0633\\u064a\\u0631\\u062a\\u0627\\u0645\\u0643\\u0633-1652890103.pdf\"]', NULL, NULL, '2027-11-24', NULL, 0, 0, '2022-05-18 20:08:23', '2022-05-18 20:08:23'),
(568, 22, 54, 64, 40, 2, 'هابيكار ميكس لاند', '0', '[\"uploads\\/orders\\/ \\u0645\\u064a\\u0643\\u0633 \\u0644\\u0627\\u0646\\u062f-1652890104.jpg\"]', NULL, NULL, '2029-12-04', NULL, 0, 0, '2022-05-18 20:08:24', '2022-05-18 20:08:24'),
(569, 23, 48, 82, 44, 3, 'بيتا ميزا 10%', 'تم استلام موافقة سير فى 2/4/2019\r\nتم استلام مد مهلة سير ثانى فى 30/6/2020\r\nتم استلام مد مهلة سير ثالث فى 22/12/2021\r\nتم استلام موافقة استرادية فى 12/12/2019\r\nتم استلام افراج فى 9/4/2020\r\nتم استلام مطابقة نودكار فى 8/4/2021\r\nتم استلام حشرات بيولوجى فى 27/7/2021\r\nتم استلام حشرات سمية فى 15/12/2021', NULL, '2019-03-01', '2024-03-01', NULL, NULL, 0, 0, '2022-05-18 20:08:27', '2022-05-18 20:08:27'),
(570, 22, 54, 64, 40, 2, 'هابيكار هيوميكو دبليو اس بي', '0', '[\"uploads\\/orders\\/ \\u0647\\u064a\\u0648\\u0645\\u0643\\u0648 WSA-1652890155.jpg\"]', NULL, NULL, '2028-07-17', NULL, 0, 0, '2022-05-18 20:09:15', '2022-05-18 20:09:15'),
(571, 21, 58, 35, 43, 2, 'لاسيرتاماكس', '100سم- 200سم -300سم لصالح شركه مافكو للزراعه', '[\"uploads\\/orders\\/ \\u0644\\u0627\\u0633\\u064a\\u0631\\u062a\\u0627 \\u0645\\u0627\\u0643\\u0633 100\\u0633\\u0645-1652890199.pdf\",\"uploads\\/orders\\/ \\u0644\\u0627\\u0633\\u064a\\u0631\\u062a\\u0627 \\u0645\\u0627\\u0643\\u0633 200\\u0633\\u0645-1652890199.pdf\",\"uploads\\/orders\\/ \\u0644\\u0627\\u0633\\u064a\\u0631\\u062a\\u0627\\u0645\\u0627\\u0643\\u0633 300\\u0633\\u0645-1652890199.pdf\"]', NULL, NULL, '2022-12-02', NULL, 0, 0, '2022-05-18 20:09:59', '2022-05-18 20:09:59'),
(572, 23, 60, 82, 44, 2, 'بيتا ميزا 10%', '.تم استلام موافقة سير فى 2/4/2019\r\nتم استلام مد مهلة سير ثانى فى 30/6/2020\r\nتم استلام مد مهلة سير ثالث فى 22/12/2021', '[\"uploads\\/orders\\/ \\u0645\\u0647\\u0644\\u0629 \\u062b\\u0627\\u0644\\u062b-1652890242.pdf\",\"uploads\\/orders\\/ \\u0645\\u0647\\u0644\\u0629-1652890242.pdf\",\"uploads\\/orders\\/ \\u0633\\u064a\\u0631 \\u0628\\u064a\\u062a\\u0627 \\u0645\\u064a\\u0632\\u0627-1652890242.pdf\"]', NULL, NULL, '2022-03-11', NULL, 0, 0, '2022-05-18 20:10:42', '2022-05-18 20:11:11'),
(573, 21, 59, 35, 43, 2, 'لاسيرتاماكس', 'شهاده الاجتياز', '[\"uploads\\/orders\\/ \\u0644\\u0627\\u0633\\u064a\\u0631\\u062a\\u0627 \\u0645\\u0643\\u0633-1652890259.pdf\"]', NULL, NULL, '2022-12-02', NULL, 0, 0, '2022-05-18 20:10:59', '2022-05-18 20:10:59'),
(574, 23, 49, 82, 44, 2, 'بيتا ميزا 10%', '.', '[\"uploads\\/orders\\/ \\u0627\\u0633\\u062a\\u0631\\u0627\\u062f\\u064a\\u0629-1652890324.pdf\"]', NULL, NULL, NULL, NULL, 0, 0, '2022-05-18 20:12:04', '2022-05-18 20:12:04'),
(575, 23, 50, 82, 44, 2, 'بيتا ميزا 10%', '.', '[\"uploads\\/orders\\/ \\u0628\\u064a\\u062a\\u0627-1652890366.pdf\"]', NULL, NULL, NULL, NULL, 0, 0, '2022-05-18 20:12:46', '2022-05-18 20:12:46'),
(576, 23, 51, 82, 44, 2, 'بيتا ميزا 10%', '.', '[\"uploads\\/orders\\/ \\u0646\\u0648\\u062f\\u0643\\u0627\\u0631-1652890416.PDF\"]', NULL, NULL, NULL, NULL, 0, 0, '2022-05-18 20:13:36', '2022-05-18 20:13:36'),
(577, 21, 42, 35, 43, 2, 'ماغنوم', 'شهاده التسجيل', '[\"uploads\\/orders\\/ \\u062a\\u0633\\u062c\\u064a\\u0644 \\u0645\\u0627\\u063a\\u0646\\u0648\\u0645-1652890434.pdf\"]', NULL, NULL, '2025-12-02', NULL, 0, 0, '2022-05-18 20:13:54', '2022-05-18 20:13:54'),
(578, 23, 52, 82, 44, 3, 'بيتا ميزا 10%', 'تم استلام حشرات بيولوجى فى 27/7/2021\r\nتم استلام حشرات سمية فى 15/12/2021', '[\"uploads\\/orders\\/ \\u0628\\u064a\\u0648\\u0644\\u0648\\u062c\\u0649-1652890522.pdf\",\"uploads\\/orders\\/ \\u0633\\u0645\\u064a\\u0629-1652890522.pdf\"]', '2021-05-01', '2023-05-01', NULL, NULL, 0, 0, '2022-05-18 20:15:22', '2022-05-18 20:15:22'),
(579, 21, 46, 35, 43, 2, 'ماغنوم', 'فتره ماقبل الحصاد', '[\"uploads\\/orders\\/PHI \\u0645\\u0627\\u063a\\u0646\\u0648\\u0645-1652890546.pdf\"]', NULL, NULL, '2027-05-05', NULL, 0, 0, '2022-05-18 20:15:46', '2022-05-18 20:15:46'),
(580, 21, 58, 35, 43, 2, 'ماغنوم', '100 جم -200جم-300جم لصالح وادى النيل', '[\"uploads\\/orders\\/ 100\\u062c\\u0645-1652890622.pdf\",\"uploads\\/orders\\/ 200\\u062c\\u0645-1652890622.pdf\",\"uploads\\/orders\\/ 300\\u062c\\u0645-1652890622.pdf\"]', NULL, NULL, '2022-12-02', NULL, 0, 0, '2022-05-18 20:17:02', '2022-05-18 20:17:02'),
(581, 21, 59, 35, 43, 2, 'ماغنوم', 'شهاده الاجتياز', '[\"uploads\\/orders\\/ \\u0645\\u0627\\u063a\\u0646\\u0648\\u0645-1652890686.pdf\"]', NULL, NULL, '2022-12-02', NULL, 0, 0, '2022-05-18 20:18:06', '2022-05-18 20:18:06'),
(582, 25, 63, 35, 46, 2, 'السجل التجاري', '-', '[\"uploads\\/orders\\/ \\u062a\\u062c\\u0627\\u0631\\u0649 \\u062c\\u062f\\u064a\\u062f-1652951448.pdf\"]', NULL, NULL, NULL, NULL, 0, 0, '2022-05-19 13:10:48', '2022-05-19 13:10:48'),
(583, 25, 64, 35, 46, 2, 'بطاقه ضريبيه', '-', '[\"uploads\\/orders\\/ \\u0636\\u0631\\u064a\\u0628\\u064a\\u0628\\u0629-1652951564.pdf\"]', NULL, NULL, '2023-11-07', NULL, 0, 0, '2022-05-19 13:12:44', '2022-05-19 13:12:44'),
(584, 25, 65, 35, 46, 2, 'وثيقه بيانات', '-', '[\"uploads\\/orders\\/ \\u0628\\u064a\\u0627\\u0646\\u0627\\u062a-1652951666.pdf\"]', NULL, NULL, NULL, NULL, 0, 0, '2022-05-19 13:14:26', '2022-05-19 13:14:26'),
(585, 25, 66, 35, 46, 2, 'بطاقه استيراديه', '-', '[\"uploads\\/orders\\/ \\u0627\\u0644\\u0623\\u0633\\u062a\\u0631\\u0627\\u062f\\u064a\\u0629-1652951803.pdf\"]', NULL, NULL, '2022-12-14', NULL, 0, 0, '2022-05-19 13:16:43', '2022-05-19 13:16:43'),
(586, 25, 63, 35, 46, 2, 'ترخيص اتجار في المبيدات', '-', NULL, NULL, NULL, '2025-02-23', NULL, 0, 0, '2022-05-19 13:19:59', '2022-05-19 13:19:59'),
(587, 25, 69, 35, 46, 2, 'ترخيص اتجار في الاسمده', '-', '[\"uploads\\/orders\\/ \\u0628\\u0627\\u0644\\u0627\\u062a\\u062c\\u0627\\u0631 \\u0641\\u0649 \\u0627\\u0644\\u0645\\u062e\\u0635\\u0628\\u0627\\u062a \\u0627\\u0644\\u0632\\u0631\\u0627\\u0639\\u064a\\u0629 \\u0631\\u0642\\u0645 432 ( \\u0627\\u0633\\u062a\\u0631\\u0627\\u0643\\u064a\\u0645 )-1652952271.pdf\"]', NULL, NULL, '2020-12-15', NULL, 0, 0, '2022-05-19 13:24:31', '2022-05-19 13:24:31'),
(588, 25, 73, 35, 46, 2, 'تفويض صحه عامه', '-', '[\"uploads\\/orders\\/-1652952472.pdf\"]', NULL, NULL, NULL, NULL, 0, 0, '2022-05-19 13:27:52', '2022-05-19 13:27:52'),
(589, 25, 74, 35, 46, 2, 'تفويض اسمده', '-', '[\"uploads\\/orders\\/ \\u0627\\u0633\\u0645\\u062f\\u0629-1652952653.pdf\"]', NULL, NULL, NULL, NULL, 0, 0, '2022-05-19 13:30:53', '2022-05-19 13:30:53'),
(590, 25, 63, 39, 46, 2, 'السجل التجاري', '-', '[\"uploads\\/orders\\/ \\u062a\\u062c\\u0627\\u0631\\u064a  (1)-1652952938.jpg\"]', NULL, NULL, '2022-05-17', NULL, 0, 0, '2022-05-19 13:35:38', '2022-05-19 13:35:38'),
(591, 25, 66, 39, 46, 2, 'بطاقه استيراديه', '-', '[\"uploads\\/orders\\/ \\u0627\\u0644\\u062e\\u0644\\u064a\\u062c-1652954978.jpeg\"]', NULL, NULL, '2022-12-26', NULL, 0, 0, '2022-05-19 14:08:04', '2022-05-19 14:09:38'),
(592, 25, 63, 39, 46, 2, 'ترخيص اتجار في المبيدات', '-', '[\"uploads\\/orders\\/ \\u0627\\u0644\\u0627\\u062a\\u062c\\u0627\\u0631 \\u0628\\u0627\\u0644\\u0645\\u0628\\u064a\\u062f\\u0627\\u062a-1652955092.jpeg\"]', NULL, NULL, '2023-02-20', NULL, 0, 0, '2022-05-19 14:11:32', '2022-05-19 14:11:32'),
(593, 25, 69, 39, 46, 2, 'ترخيص اتجار في الاسمده', '-', '[\"uploads\\/orders\\/ \\u0628\\u0627\\u0644\\u0625\\u062a\\u062c\\u0627\\u0631 \\u0641\\u064a \\u0627\\u0644\\u0627\\u0633\\u0645\\u062f\\u0629 \\u0648\\u0627\\u0644\\u0645\\u062e\\u0635\\u0628\\u0627\\u062a \\u0627\\u0644\\u0632\\u0631\\u0627\\u0639\\u064a\\u0629-1652955165.jpeg\"]', NULL, NULL, '2026-04-24', NULL, 0, 0, '2022-05-19 14:12:45', '2022-05-19 14:12:45'),
(594, 25, 72, 39, 46, 2, 'تفويض المبيدات', '-', '[\"uploads\\/orders\\/-1652955414.pdf\"]', NULL, NULL, NULL, NULL, 0, 0, '2022-05-19 14:16:54', '2022-05-19 14:16:54'),
(595, 25, 74, 39, 46, 2, 'تفويض المبيدات', '-', '[\"uploads\\/orders\\/-1652955548.pdf\"]', NULL, NULL, NULL, NULL, 0, 0, '2022-05-19 14:19:08', '2022-05-19 14:19:08'),
(596, 25, 63, 47, 46, 2, 'السجل التجاري', '-', '[\"uploads\\/orders\\/ \\u062a\\u062c\\u0627\\u0631\\u064a \\u0627\\u0644\\u0645\\u062a\\u062d\\u062f\\u0629 2-1652956012.pdf\"]', NULL, NULL, '2022-06-09', NULL, 0, 0, '2022-05-19 14:26:52', '2022-05-19 14:26:52'),
(597, 25, 64, 47, 46, 2, 'البطاقه الضربيه', '-', '[\"uploads\\/orders\\/ \\u0636\\u0631\\u064a\\u0628\\u064a\\u0629 \\u0627\\u0644\\u0645\\u062a\\u062d\\u062f\\u0629-1652956129.pdf\"]', NULL, NULL, '2023-03-18', NULL, 0, 0, '2022-05-19 14:28:49', '2022-05-19 14:28:49'),
(598, 21, 42, 39, 37, 2, 'ليستوميد', 'شهادة تسجيل', '[\"uploads\\/orders\\/ \\u062a\\u0633\\u062c\\u064a\\u0644 \\u0644\\u064a\\u0633\\u062a\\u0648\\u0645\\u064a\\u062f-1652956145.pdf\"]', NULL, NULL, '2026-12-23', NULL, 0, 0, '2022-05-19 14:29:05', '2022-05-19 14:29:05'),
(599, 25, 66, 47, 46, 2, 'بطاقه استيراديه', '-', '[\"uploads\\/orders\\/ \\u0627\\u0633\\u062a\\u0631\\u0627\\u062f\\u064a\\u0629 \\u0627\\u0644\\u0645\\u062a\\u062d\\u062f\\u0629 \\u062c\\u062f\\u064a\\u062f\\u0629-1652956314.pdf\"]', NULL, NULL, '2022-08-16', NULL, 0, 0, '2022-05-19 14:31:54', '2022-05-19 14:31:54'),
(600, 25, 69, 47, 46, 2, 'ترخيص اتجار في الاسمده', '-', '[\"uploads\\/orders\\/ \\u0627\\u062a\\u062c\\u0627\\u0631 \\u0627\\u0633\\u0645\\u062f\\u0629 \\u0645\\u062e\\u0632\\u0646-1652956389.pdf\"]', NULL, NULL, '2024-05-14', NULL, 0, 0, '2022-05-19 14:33:09', '2022-05-19 14:33:09'),
(601, 25, 68, 47, 46, 2, 'ترخيص اتجار في المبيدات', '-', '[\"uploads\\/orders\\/ \\u0645\\u0628\\u064a\\u062f\\u0627\\u062a \\u0627\\u0644\\u0645\\u062a\\u062d\\u062f\\u0647-1652956710.pdf\"]', NULL, NULL, '2025-10-31', NULL, 0, 0, '2022-05-19 14:35:54', '2022-05-19 14:38:30'),
(602, 25, 63, 48, 46, 2, 'السجل التجاري', '-', '[\"uploads\\/orders\\/ \\u062a\\u062c\\u0627\\u0631\\u064a \\u0632\\u064a\\u0646 \\u062c\\u0631\\u0648\\u0628-1652960955.pdf\"]', NULL, NULL, '2018-11-23', NULL, 0, 0, '2022-05-19 14:43:31', '2022-05-19 15:49:15'),
(603, 25, 66, 48, 46, 2, 'بطاقه استيراديه', '-', '[\"uploads\\/orders\\/ \\u0632\\u064a\\u0646 \\u062c\\u0631\\u0648\\u0628-1652961012.pdf\"]', NULL, NULL, '2025-04-04', NULL, 0, 0, '2022-05-19 14:47:51', '2022-05-19 15:50:12'),
(604, 21, 34, 39, 1, 2, 'ليستوميد', 'شهادة فترة ماقبل الحصاد', '[\"uploads\\/orders\\/PHI\\u0644\\u0633\\u062a\\u0648\\u0645\\u064a\\u062f-1652958289.pdf\"]', NULL, NULL, NULL, NULL, 0, 0, '2022-05-19 15:04:49', '2022-05-19 15:04:49'),
(605, 21, 58, 39, 37, 2, 'ليستوميد', '100سم +250سم +1 لتر', '[\"uploads\\/orders\\/ \\u0644\\u064a\\u0633\\u062a\\u0648\\u0645\\u064a\\u062f 1 \\u0644\\u062a\\u0631-1652959861.pdf\",\"uploads\\/orders\\/ \\u0644\\u064a\\u0633\\u062a\\u0648\\u0645\\u064a\\u062f 100\\u0633\\u0645-1652959861.pdf\",\"uploads\\/orders\\/ \\u0644\\u064a\\u0633\\u062a\\u0648\\u0645\\u064a\\u062f 250\\u0633\\u0645-1652959861.pdf\"]', NULL, NULL, '2022-12-23', NULL, 0, 0, '2022-05-19 15:31:01', '2022-05-19 15:31:01'),
(606, 21, 59, 39, 37, 2, 'ليستوميد', 'اجتياز', '[\"uploads\\/orders\\/ \\u0644\\u064a\\u0633\\u062a\\u0648\\u0645\\u064a\\u062f (2)-1652960045.pdf\"]', NULL, NULL, '2024-11-08', NULL, 0, 0, '2022-05-19 15:34:05', '2022-05-19 15:34:05'),
(607, 21, 42, 39, 37, 2, 'فسترو', 'شهادة تسجيل', '[\"uploads\\/orders\\/ \\u062a\\u0633\\u062c\\u064a\\u0644 \\u0641\\u0633\\u062a\\u0631\\u0648-1652960217.pdf\"]', NULL, NULL, '2028-01-12', NULL, 0, 0, '2022-05-19 15:36:57', '2022-05-19 15:36:57'),
(608, 21, 46, 39, 37, 2, 'فسترو', 'شهادة فترة ماقبل الحصاد  وتم تقديم علي تجديد9/9/2020', '[\"uploads\\/orders\\/PHI  \\u0641\\u0633\\u062a\\u0631\\u0648-1652960435.jpg\"]', NULL, NULL, '2022-10-26', NULL, 0, 0, '2022-05-19 15:40:35', '2022-05-19 15:40:35'),
(609, 21, 58, 39, 37, 2, 'فسترو', '100سم +250سم +1 لتر', '[\"uploads\\/orders\\/ \\u0641\\u0633\\u062a\\u0631\\u0648-1652960645.pdf\"]', NULL, NULL, '2024-01-12', NULL, 0, 0, '2022-05-19 15:44:05', '2022-05-19 15:44:05'),
(610, 21, 59, 39, 37, 2, 'فسترو', 'اجتياز', '[\"uploads\\/orders\\/ \\u0641\\u0633\\u062a\\u0631\\u0648 (2)-1652960727.pdf\"]', NULL, NULL, '2025-01-03', NULL, 0, 0, '2022-05-19 15:45:27', '2022-05-19 15:45:27'),
(611, 25, 63, 49, 46, 2, 'السجل التجاري', '-', '[\"uploads\\/orders\\/ \\u062a\\u062c\\u0627\\u0631\\u0649 2-2022-1652961166.pdf\"]', NULL, NULL, '2024-10-08', NULL, 0, 0, '2022-05-19 15:52:46', '2022-05-19 15:52:46'),
(612, 25, 64, 49, 46, 2, 'البطاقه الضربيه', '-', '[\"uploads\\/orders\\/2\\u0628\\u0637\\u0627\\u0642\\u0629 \\u0636\\u0631\\u064a\\u0628\\u064a\\u0629-1652961321.pdf\"]', NULL, NULL, '2024-10-27', NULL, 0, 0, '2022-05-19 15:55:21', '2022-05-19 15:56:42'),
(613, 21, 42, 39, 37, 2, 'هيروس', 'شهادة تسجيل', '[\"uploads\\/orders\\/ \\u062a\\u0633\\u062c\\u064a\\u0644-1652961387.pdf\"]', NULL, NULL, '2027-08-17', NULL, 0, 0, '2022-05-19 15:56:27', '2022-05-19 15:56:27'),
(614, 25, 65, 49, 46, 2, 'وثيقه بيانات', '-', '[\"uploads\\/orders\\/ \\u0628\\u064a\\u0627\\u0646\\u0627\\u062a-1652961503.pdf\"]', NULL, NULL, NULL, NULL, 0, 0, '2022-05-19 15:58:23', '2022-05-19 15:58:23'),
(615, 21, 46, 39, 37, 2, 'هيروس', 'شهادة فترة ماقبل الحصاد', '[\"uploads\\/orders\\/ phi-1652961955.jpg\"]', NULL, NULL, '2022-03-20', NULL, 0, 0, '2022-05-19 16:05:56', '2022-05-19 16:05:56'),
(616, 21, 58, 39, 37, 2, 'هيروس', '200سم + 1لتر', '[\"uploads\\/orders\\/ \\u0647\\u064a\\u0631\\u0648\\u0633-1652962053.pdf\"]', NULL, NULL, '2023-08-17', NULL, 0, 0, '2022-05-19 16:07:33', '2022-05-19 16:07:33'),
(617, 21, 59, 39, 37, 2, 'هيروس', 'اجتياز', '[\"uploads\\/orders\\/ \\u0647\\u064a\\u0631\\u0648\\u0633-1652962167.pdf\"]', NULL, NULL, '2024-07-05', NULL, 0, 0, '2022-05-19 16:09:27', '2022-05-19 16:09:27'),
(618, 21, 42, 39, 37, 2, 'ارفيكا', 'شهادة تسجيل', '[\"uploads\\/orders\\/ \\u062a\\u0633\\u062c\\u064a\\u0644 \\u0627\\u0631\\u0641\\u064a\\u0643\\u0627-1652962278.pdf\"]', NULL, NULL, '2023-11-18', NULL, 0, 0, '2022-05-19 16:11:18', '2022-05-19 16:11:18'),
(619, 25, 63, 50, 46, 2, 'السجل التجاري', '-', '[\"uploads\\/orders\\/ \\u062a\\u062c\\u0627\\u0631\\u0649 2022-1652962314.pdf\"]', NULL, NULL, '2027-01-11', NULL, 0, 0, '2022-05-19 16:11:54', '2022-05-19 16:11:54'),
(620, 21, 46, 39, 37, 2, 'ارفيكا', 'شهادة فترة ماقبل الحصاد', '[\"uploads\\/orders\\/PHI-1652962370.pdf\"]', NULL, NULL, '2024-08-01', NULL, 0, 0, '2022-05-19 16:12:50', '2022-05-19 16:12:50'),
(621, 25, 64, 50, 46, 2, 'البطاقه الضربيه', '-', '[\"uploads\\/orders\\/ \\u0636\\u0631\\u064a\\u0628\\u064a\\u0628\\u0629 \\u0645\\u0635\\u0646\\u0639 \\u0627\\u0644\\u0634\\u0631\\u0642 \\u0627\\u0644\\u0623\\u0648\\u0633\\u0637-1652962416.pdf\"]', NULL, NULL, '2023-02-11', NULL, 0, 0, '2022-05-19 16:13:36', '2022-05-19 16:13:36'),
(622, 25, 67, 50, 46, 2, 'سجل صناعي', '-', '[\"uploads\\/orders\\/ \\u0635\\u0646\\u0627\\u0639\\u0649 2022-1652962508.pdf\"]', NULL, NULL, '2023-06-11', NULL, 0, 0, '2022-05-19 16:15:08', '2022-05-19 16:15:08'),
(623, 25, 68, 50, 46, 2, 'ترخيص اتجار في المبيدات', '-', '[\"uploads\\/orders\\/ \\u0627\\u0644\\u0627\\u062a\\u062c\\u0627\\u0631 \\u0645\\u0628\\u064a\\u062f\\u0627\\u062a-1652962604.pdf\"]', NULL, NULL, '2022-07-04', NULL, 0, 0, '2022-05-19 16:16:44', '2022-05-19 16:16:44'),
(624, 21, 59, 39, 37, 2, 'ارفيكا', 'اجتياز', '[\"uploads\\/orders\\/-1652962623.pdf\"]', NULL, NULL, '2023-11-18', NULL, 0, 0, '2022-05-19 16:17:03', '2022-05-19 16:17:03'),
(625, 21, 58, 39, 37, 2, 'ارفيكا', '100سم +250سم +500سم', '[\"uploads\\/orders\\/ \\u0627\\u0631\\u0641\\u064a\\u0643\\u0627-1652962713.pdf\"]', NULL, NULL, '2022-11-18', NULL, 0, 0, '2022-05-19 16:18:33', '2022-05-19 16:18:33'),
(626, 25, 69, 50, 46, 2, 'ترخيص اتجار في الاسمده', '-', '[\"uploads\\/orders\\/ \\u0627\\u0633\\u0645\\u062f\\u0629-1652962720.pdf\"]', NULL, NULL, '2023-07-03', NULL, 0, 0, '2022-05-19 16:18:40', '2022-05-19 16:18:40'),
(627, 25, 70, 50, 46, 2, 'ترخيص تصنيع اسمده', '-', '[\"uploads\\/orders\\/ \\u0627\\u0644\\u0634\\u0631\\u0642 \\u0627\\u0644\\u0627\\u0648\\u0633\\u0637 \\u062c\\u062f\\u064a\\u062f-1652962943.jpg\"]', NULL, NULL, '2023-06-11', NULL, 0, 0, '2022-05-19 16:22:23', '2022-05-19 16:23:02'),
(628, 25, 63, 51, 46, 2, 'السجل التجاري', '-', '[\"uploads\\/orders\\/ \\u062a\\u062c\\u0627\\u0631\\u0649 2022-1652963171.pdf\"]', NULL, NULL, '2026-04-02', NULL, 0, 0, '2022-05-19 16:26:11', '2022-05-19 16:26:11'),
(629, 25, 64, 51, 46, 2, 'البطاقه الضربيه', '-', '[\"uploads\\/orders\\/ \\u0636\\u0631\\u064a\\u0628\\u064a\\u0629-1652963311.pdf\"]', NULL, NULL, '2023-01-10', NULL, 0, 0, '2022-05-19 16:28:31', '2022-05-19 16:28:31'),
(630, 25, 65, 51, 46, 2, 'وثيقه بيانات', '-', '[\"uploads\\/orders\\/ \\u0628\\u064a\\u0627\\u0646\\u0627\\u062a-1652963382.pdf\"]', NULL, NULL, NULL, NULL, 0, 0, '2022-05-19 16:29:42', '2022-05-19 16:29:42'),
(631, 25, 66, 51, 46, 2, 'بطاقه استيراديه', '-', '[\"uploads\\/orders\\/ \\u0627\\u0633\\u062a\\u0631\\u0627\\u062f\\u064a\\u0629-1652963489.pdf\"]', NULL, NULL, '2026-04-09', NULL, 0, 0, '2022-05-19 16:31:29', '2022-05-19 16:31:29'),
(632, 25, 69, 51, 46, 2, 'ترخيص اتجار في الاسمده', '-', '[\"uploads\\/orders\\/ \\u0627\\u0644\\u0623\\u0633\\u0645\\u062f\\u0629 \\u0628\\u064a\\u0648\\u0631\\u062a\\u0643-1652963793.pdf\"]', NULL, NULL, '2025-06-16', NULL, 0, 0, '2022-05-19 16:35:13', '2022-05-19 16:37:32'),
(633, 25, 68, 51, 46, 2, 'ترخيص اتجار في المبيدات', '-', '[\"uploads\\/orders\\/ \\u0627\\u0644\\u0645\\u0628\\u064a\\u062f\\u0627\\u062a \\u0628\\u064a\\u0648\\u0631\\u062a\\u0643-1652963914.pdf\"]', NULL, NULL, '2025-04-07', NULL, 0, 0, '2022-05-19 16:38:34', '2022-05-19 16:38:34'),
(634, 25, 74, 51, 46, 2, 'تفويض اسمده', '-', '[\"uploads\\/orders\\/ \\u0627\\u0633\\u0645\\u062f\\u0629-1652964528.pdf\"]', NULL, NULL, NULL, NULL, 0, 0, '2022-05-19 16:48:48', '2022-05-19 16:48:48'),
(635, 25, 73, 51, 46, 2, 'تفويض صحه عامه', '-', '[\"uploads\\/orders\\/ \\u0627\\u0644\\u0635\\u062d\\u0629-1652964570.pdf\"]', NULL, NULL, NULL, NULL, 0, 0, '2022-05-19 16:49:30', '2022-05-19 16:49:30'),
(636, 25, 63, 52, 46, 2, 'السجل التجاري', '-', '[\"uploads\\/orders\\/ \\u062a\\u062c\\u0627\\u0631\\u064a \\u062a\\u0643\\u0646\\u0648 \\u0633\\u064a\\u0646\\u0633 2-1652964854.pdf\"]', NULL, NULL, '2021-03-14', NULL, 0, 0, '2022-05-19 16:54:14', '2022-05-19 17:09:50'),
(637, 25, 64, 52, 46, 2, 'البطاقه الضربيه', '-', '[\"uploads\\/orders\\/PHOTO-2018-12-24-16-40-28-1652965034.jpg\",\"uploads\\/orders\\/PHOTO-2018-12-24-16-40-30-1652965034.jpg\"]', NULL, NULL, '2023-10-13', NULL, 0, 0, '2022-05-19 16:57:14', '2022-05-19 16:57:14'),
(638, 25, 65, 52, 46, 2, 'وثيقه بيانات', '-', '[\"uploads\\/orders\\/ \\u0628\\u064a\\u0627\\u0646\\u0627\\u062a \\u062a\\u0643\\u0646\\u0648 \\u0633\\u064a\\u0646\\u0633 2-1652965142.pdf\"]', NULL, NULL, NULL, NULL, 0, 0, '2022-05-19 16:59:02', '2022-05-19 16:59:02'),
(639, 25, 66, 52, 46, 2, 'بطاقه استيراديه', '-', '[\"uploads\\/orders\\/ \\u0627\\u0633\\u062a\\u0631\\u0627\\u062f\\u064a\\u0629 \\u062c\\u062f\\u064a\\u062f\\u0629-1652965404.pdf\"]', NULL, NULL, '2027-04-07', NULL, 0, 0, '2022-05-19 17:03:24', '2022-05-19 17:03:24'),
(640, 21, 42, 39, 37, 2, 'ايمبوز', 'شهادة تسجيل', '[\"uploads\\/orders\\/ \\u062a\\u0633\\u062c\\u064a\\u0644 \\u0627\\u064a\\u0645\\u0628\\u0648\\u0632-1652965409.pdf\"]', NULL, NULL, '2023-12-16', NULL, 0, 0, '2022-05-19 17:03:29', '2022-05-19 17:03:29'),
(641, 21, 46, 39, 37, 2, 'ايمبوز', 'شهادة فترة ماقبل الحصاد', '[\"uploads\\/orders\\/ phi-1652965552.pdf\"]', NULL, NULL, '2026-11-18', NULL, 0, 0, '2022-05-19 17:05:52', '2022-05-19 17:05:52'),
(642, 25, 68, 52, 46, 2, 'ترخيص اتجار في المبيدات', '-', '[\"uploads\\/orders\\/ \\u0627\\u062a\\u062c\\u0627\\u0631 \\u0645\\u0628\\u064a\\u062f\\u0627\\u062a \\u062c\\u062f\\u064a\\u062f-1652965576.jpeg\"]', NULL, NULL, '2022-11-15', NULL, 0, 0, '2022-05-19 17:06:16', '2022-05-19 17:06:16'),
(643, 25, 69, 52, 46, 2, 'ترخيص اتجار في الاسمده', '-', '[\"uploads\\/orders\\/ \\u062a\\u0643\\u0646\\u0648\\u0633\\u0627\\u064a\\u0646\\u0633 \\u0627\\u0644\\u0623\\u0633\\u0645\\u062f\\u0629 \\u0627\\u0644\\u062c\\u062f\\u064a\\u062f-1652965645.pdf\"]', NULL, NULL, '2025-09-10', NULL, 0, 0, '2022-05-19 17:07:25', '2022-05-19 17:07:25'),
(644, 21, 58, 39, 37, 2, 'ايمبوز', '200جم -400جم -800جم', '[\"uploads\\/orders\\/ 200\\u062c\\u0645-1652965679.pdf\",\"uploads\\/orders\\/ 800\\u062c\\u0645-1652965679.pdf\",\"uploads\\/orders\\/ \\u0627\\u064a\\u0645\\u0628\\u0648\\u0632 400\\u062c\\u0645-1652965679.pdf\"]', NULL, NULL, '2022-12-16', NULL, 0, 0, '2022-05-19 17:07:59', '2022-05-19 17:07:59'),
(645, 25, 74, 52, 46, 2, 'تفويض اسمده', '-', '[\"uploads\\/orders\\/ \\u0644\\u0644\\u0627\\u0633\\u0645\\u062f\\u0647-1652965956.pdf\"]', NULL, NULL, NULL, NULL, 0, 0, '2022-05-19 17:12:36', '2022-05-19 17:12:36'),
(646, 21, 59, 39, 37, 2, 'ايمبوز', 'اجتياز', '[\"uploads\\/orders\\/ \\u0627\\u064a\\u0645\\u0628\\u0648\\u0632-1652966040.pdf\"]', NULL, NULL, '2023-11-21', NULL, 0, 0, '2022-05-19 17:14:00', '2022-05-19 17:14:00'),
(647, 25, 63, 53, 46, 2, 'السجل التجاري', '-', '[\"uploads\\/orders\\/ \\u062a\\u062c\\u0627\\u0631\\u064a-1652966118.pdf\"]', NULL, NULL, '2023-10-26', NULL, 0, 0, '2022-05-19 17:15:18', '2022-05-19 17:15:18'),
(648, 25, 64, 53, 46, 2, 'البطاقه الضربيه', '-', '[\"uploads\\/orders\\/ \\u0636\\u0631\\u064a\\u0628\\u064a\\u0629-1652966233.pdf\"]', NULL, NULL, '2023-11-13', NULL, 0, 0, '2022-05-19 17:17:13', '2022-05-19 17:17:13'),
(649, 21, 42, 39, 37, 2, 'برست', 'تسجيل', '[\"uploads\\/orders\\/ \\u062a\\u0633\\u062c\\u064a\\u0644 \\u0628\\u0631\\u0633\\u062a-1652966351.pdf\"]', NULL, NULL, '2023-10-18', NULL, 0, 0, '2022-05-19 17:19:11', '2022-05-19 17:19:11'),
(650, 25, 66, 53, 46, 2, 'بطاقه استيراديه', '-', '[\"uploads\\/orders\\/ \\u0627\\u0633\\u062a\\u0631\\u0627\\u062f\\u064a\\u0629 \\u062c\\u062f\\u064a\\u062f\\u0629 (1)-1652966357.jpeg\",\"uploads\\/orders\\/ \\u0627\\u0633\\u062a\\u0631\\u0627\\u062f\\u064a\\u0629 \\u062c\\u062f\\u064a\\u062f\\u0629 (2)-1652966357.jpeg\"]', NULL, NULL, '2022-03-08', NULL, 0, 0, '2022-05-19 17:19:17', '2022-05-19 17:19:17'),
(651, 25, 69, 53, 46, 2, 'ترخيص اتجار في الاسمده', '-', '[\"uploads\\/orders\\/ \\u0627\\u0633\\u0645\\u062f\\u0629-1652966433.jpg\"]', NULL, NULL, '2025-10-04', NULL, 0, 0, '2022-05-19 17:20:33', '2022-05-19 17:20:33'),
(652, 21, 46, 39, 37, 2, 'برست', 'شهادة فترة ماقبل الحصاد', '[\"uploads\\/orders\\/PHI \\u0628\\u0631\\u0633\\u062a-1652966447.pdf\"]', NULL, NULL, '2024-11-01', NULL, 0, 0, '2022-05-19 17:20:47', '2022-05-19 17:20:47'),
(653, 25, 68, 53, 46, 2, 'ترخيص اتجار في المبيدات', '-', '[\"uploads\\/orders\\/ \\u0645\\u0628\\u064a\\u062f\\u0627\\u062a-1652966502.jpg\"]', NULL, NULL, '2023-02-02', NULL, 0, 0, '2022-05-19 17:21:42', '2022-05-19 17:21:42'),
(654, 25, 63, 54, 46, 2, 'السجل التجاري', '-', '[\"uploads\\/orders\\/ \\u062a\\u062c\\u0627\\u0631\\u0649 (2)-1652966775.pdf\"]', NULL, NULL, '2024-08-16', NULL, 0, 0, '2022-05-19 17:26:15', '2022-05-19 17:26:15'),
(655, 25, 64, 54, 46, 2, 'البطاقه الضربيه', '-', '[\"uploads\\/orders\\/ \\u0636\\u0631\\u064a\\u0628\\u064a\\u0629 + \\u0648\\u062b\\u064a\\u0642\\u0629 \\u0628\\u064a\\u0627\\u0646\\u0627\\u062a-1652966933.pdf\"]', NULL, NULL, '2024-01-30', NULL, 0, 0, '2022-05-19 17:28:53', '2022-05-19 17:28:53'),
(656, 25, 65, 54, 46, 2, 'وثيقه بيانات', '-', '[\"uploads\\/orders\\/ \\u0636\\u0631\\u064a\\u0628\\u064a\\u0629 + \\u0648\\u062b\\u064a\\u0642\\u0629 \\u0628\\u064a\\u0627\\u0646\\u0627\\u062a-1652967010.pdf\"]', NULL, NULL, NULL, NULL, 0, 0, '2022-05-19 17:30:10', '2022-05-19 17:30:10'),
(657, 25, 66, 54, 46, 2, 'بطاقه استيراديه', '-', '[\"uploads\\/orders\\/ \\u0627\\u0633\\u062a\\u064a\\u0631\\u0627\\u062f\\u064a\\u0629-1652967092.pdf\"]', NULL, NULL, '2024-07-12', NULL, 0, 0, '2022-05-19 17:31:32', '2022-05-19 17:31:32'),
(658, 25, 67, 54, 46, 2, 'سجل صناعي', '-', '[\"uploads\\/orders\\/ \\u0627\\u0644\\u0633\\u062c\\u0644 \\u0627\\u0644\\u0635\\u0646\\u0627\\u0639\\u064a-1652967203.pdf\"]', NULL, NULL, '2023-07-27', NULL, 0, 0, '2022-05-19 17:33:23', '2022-05-19 17:33:23'),
(659, 25, 68, 54, 46, 2, 'ترخيص اتجار في المبيدات', '-', '[\"uploads\\/orders\\/ \\u0627\\u062a\\u062c\\u0627\\u0631 \\u0645\\u0628\\u064a\\u062f\\u0627\\u062a-1652967559.jpeg\"]', NULL, NULL, '2025-01-24', NULL, 0, 0, '2022-05-19 17:39:19', '2022-05-19 17:39:19'),
(660, 25, 73, 54, 46, 2, 'تفويض صحه عامه', '-', '[\"uploads\\/orders\\/ \\u062c\\u062f\\u064a\\u062f-1652967706.pdf\"]', NULL, NULL, NULL, NULL, 0, 0, '2022-05-19 17:41:46', '2022-05-19 17:41:46'),
(661, 25, 63, 55, 46, 2, 'السجل التجاري', '-', '[\"uploads\\/orders\\/ \\u0627\\u0644\\u062a\\u062c\\u0627\\u0631\\u064a \\u0628\\u0639\\u062f \\u0627\\u0644\\u062a\\u0639\\u062f\\u064a\\u0644.-1652967920.pdf\"]', NULL, NULL, '2023-04-21', NULL, 0, 0, '2022-05-19 17:45:20', '2022-05-19 17:45:20'),
(662, 25, 66, 55, 46, 2, 'بطاقه استيراديه', '-', '[\"uploads\\/orders\\/ \\u062c\\u062f\\u064a\\u062f\\u0629-1652968084.pdf\"]', NULL, NULL, '2023-05-31', NULL, 0, 0, '2022-05-19 17:48:04', '2022-05-19 17:48:04'),
(663, 25, 68, 55, 46, 2, 'ترخيص اتجار في المبيدات', '-', '[\"uploads\\/orders\\/ \\u0645\\u0628\\u064a\\u062f\\u0627\\u062a \\u062c\\u062f\\u064a\\u062f-1652968452.jpeg\"]', NULL, NULL, '2022-06-11', NULL, 0, 0, '2022-05-19 17:54:12', '2022-05-19 17:58:52'),
(664, 25, 69, 55, 46, 2, 'ترخيص اتجار في الاسمده', 'المخزن', '[\"uploads\\/orders\\/ \\u0627\\u0633\\u0645\\u062f\\u0629 \\u0627\\u0644\\u0645\\u062e\\u0632\\u0646-1652968543.jpeg\"]', NULL, NULL, '2026-04-27', NULL, 0, 0, '2022-05-19 17:55:43', '2022-05-19 17:59:18'),
(665, 25, 69, 55, 46, 2, 'ترخيص اتجار في الاسمده', 'المحل', '[\"uploads\\/orders\\/ \\u0627\\u0633\\u0645\\u062f\\u0629 \\u0627\\u0644\\u0645\\u062d\\u0644-1652968610.jpeg\"]', NULL, NULL, '2026-05-04', NULL, 0, 0, '2022-05-19 17:56:50', '2022-05-19 17:59:46'),
(666, 25, 63, 56, 46, 2, 'السجل التجاري', '-', '[\"uploads\\/orders\\/ \\u062a\\u062c\\u0627\\u0631\\u064a-1652968924.pdf\"]', NULL, NULL, '2025-04-13', NULL, 0, 0, '2022-05-19 18:02:04', '2022-05-19 18:02:04'),
(667, 25, 64, 56, 46, 2, 'البطاقه الضربيه', '-', '[\"uploads\\/orders\\/ \\u0636\\u0631\\u064a\\u0628\\u064a\\u0629-1652969002.jpeg\"]', NULL, NULL, '2023-01-21', NULL, 0, 0, '2022-05-19 18:03:22', '2022-05-19 18:03:22'),
(668, 25, 69, 56, 46, 2, 'ترخيص اتجار في الاسمده', '-', '[\"uploads\\/orders\\/ \\u0627\\u062a\\u062c\\u0627\\u0631 \\u0627\\u0633\\u0645\\u062f\\u0629-1652969152.jpg\"]', NULL, NULL, '2023-11-30', NULL, 0, 0, '2022-05-19 18:05:52', '2022-05-19 18:05:52'),
(669, 21, 58, 39, 37, 2, 'برست', '50سم /100سم / 200سم / 500 جم', '[\"uploads\\/orders\\/ 100\\u0633\\u0645-1652969223.pdf\",\"uploads\\/orders\\/ 200\\u0633\\u0645-1652969223.pdf\",\"uploads\\/orders\\/ 500\\u0633\\u0645-1652969223.pdf\"]', NULL, NULL, '2022-10-18', NULL, 0, 0, '2022-05-19 18:07:03', '2022-05-19 18:07:03'),
(670, 25, 68, 56, 46, 2, 'ترخيص اتجار في المبيدات', '-', '[\"uploads\\/orders\\/ \\u0645\\u0628\\u064a\\u062f\\u0627\\u062a \\u0627\\u0644\\u062c\\u062f\\u064a\\u062f-1652969315.jpeg\"]', NULL, NULL, '2023-03-18', NULL, 0, 0, '2022-05-19 18:08:35', '2022-05-19 18:08:35'),
(671, 21, 59, 39, 37, 2, 'برست', 'اجتياز', '[\"uploads\\/orders\\/ \\u0628\\u0631\\u0633\\u062a-1652969369.pdf\"]', NULL, NULL, '2022-10-18', NULL, 0, 0, '2022-05-19 18:09:29', '2022-05-19 18:09:29'),
(672, 25, 74, 56, 46, 2, 'تفويض اسمده', '-', '[\"uploads\\/orders\\/-1652969521.pdf\"]', NULL, NULL, NULL, NULL, 0, 0, '2022-05-19 18:12:01', '2022-05-19 18:12:01'),
(673, 21, 42, 39, 37, 2, 'تاور', 'شهادة تسجيل', '[\"uploads\\/orders\\/ \\u062a\\u0633\\u062c\\u064a\\u0644-1652969920.pdf\"]', NULL, NULL, '2024-06-11', NULL, 0, 0, '2022-05-19 18:17:48', '2022-05-19 18:18:40'),
(674, 25, 69, 57, 46, 2, 'ترخيص اتجار في الاسمده', 'مخزن', '[\"uploads\\/orders\\/ \\u0627\\u062a\\u062c\\u0627\\u0631-1652969952.jpeg\"]', NULL, NULL, '2023-03-10', NULL, 0, 0, '2022-05-19 18:19:12', '2022-05-19 18:19:12'),
(675, 25, 70, 57, 46, 2, 'ترخيص تصنيع اسمده', '-', '[\"uploads\\/orders\\/ \\u062a\\u0635\\u0646\\u064a\\u0639-1652970044.jpeg\"]', NULL, NULL, '2023-03-10', NULL, 0, 0, '2022-05-19 18:20:44', '2022-05-19 18:21:58'),
(676, 21, 46, 39, 37, 2, 'تاور', 'شهادة فترة ماقبل الحصاد', '[\"uploads\\/orders\\/phi \\u062a\\u0627\\u0648\\u0631 \\u0627\\u0644\\u062c\\u062f\\u064a\\u062f\\u0647-1652970048.pdf\"]', NULL, NULL, '2026-10-01', NULL, 0, 0, '2022-05-19 18:20:48', '2022-05-19 18:20:48'),
(677, 21, 58, 39, 37, 2, 'تاور', '400جم +800 جم', '[\"uploads\\/orders\\/ \\u062a\\u0627\\u0648\\u0631-1652970204.pdf\"]', NULL, NULL, '2022-06-11', NULL, 0, 0, '2022-05-19 18:23:24', '2022-05-19 18:23:24'),
(678, 21, 59, 39, 37, 2, 'تاور', 'اجتياز', '[\"uploads\\/orders\\/ \\u062a\\u0627\\u0648\\u0631-1652970311.pdf\"]', NULL, NULL, '2024-06-07', NULL, 0, 0, '2022-05-19 18:25:11', '2022-05-19 18:25:11'),
(679, 21, 42, 39, 37, 2, 'كوادرينيت', 'شهادة تسجيل', '[\"uploads\\/orders\\/ \\u0643\\u0648\\u0627\\u062f\\u0631\\u064a\\u0646\\u062a \\u0627\\u0644\\u062c\\u062f\\u064a\\u062f\\u0629-1652970447.pdf\"]', NULL, NULL, '2026-07-06', NULL, 0, 0, '2022-05-19 18:27:27', '2022-05-19 18:27:27'),
(680, 25, 63, 58, 46, 2, 'السجل التجاري', '-', '[\"uploads\\/orders\\/ \\u062a\\u062c\\u0627\\u0631\\u064a 1 (1)-1652970454.jpeg\",\"uploads\\/orders\\/ \\u062a\\u062c\\u0627\\u0631\\u064a 1 (2)-1652970454.jpeg\",\"uploads\\/orders\\/ \\u062a\\u062c\\u0627\\u0631\\u064a 1 (3)-1652970454.jpeg\"]', NULL, NULL, '2024-01-27', NULL, 0, 0, '2022-05-19 18:27:34', '2022-05-19 18:27:34'),
(681, 25, 64, 58, 46, 2, 'البطاقه الضربيه', '-', '[\"uploads\\/orders\\/ \\u0636\\u0631\\u064a\\u0628\\u064a\\u0629 \\u0627\\u0644\\u0647\\u062f\\u0649-1652970537.jpeg\"]', NULL, NULL, '2023-12-07', NULL, 0, 0, '2022-05-19 18:28:57', '2022-05-19 18:28:57'),
(682, 21, 46, 39, 37, 2, 'كوادرينيت', 'شهادة فترة ماقبل الحصاد لمحصول البصل وتم التقديم للطماطم', '[\"uploads\\/orders\\/PHI \\u0643\\u0648\\u0627\\u062f\\u0631\\u064a\\u0646\\u062a-1652970558.pdf\"]', NULL, NULL, '2025-05-05', NULL, 0, 0, '2022-05-19 18:29:18', '2022-05-19 18:29:18'),
(683, 21, 58, 39, 37, 2, 'كوادرينيت', '500سم +1 لتر', '[\"uploads\\/orders\\/ \\u0643\\u0648\\u0627\\u062f\\u0631\\u064a\\u0646\\u062a \\u0628\\u0635\\u0644 \\u0637\\u0645\\u0627\\u0637\\u0645-1652970672.pdf\",\"uploads\\/orders\\/ \\u0643\\u0648\\u0627\\u062f\\u0631\\u064a\\u0646\\u064a\\u062a 500\\u0633\\u0645-1652970672.pdf\"]', NULL, NULL, '2023-07-06', NULL, 0, 0, '2022-05-19 18:31:12', '2022-05-19 18:31:12'),
(684, 25, 69, 58, 46, 2, 'ترخيص اتجار في الاسمده', '-', '[\"uploads\\/orders\\/ \\u0627\\u062a\\u062c\\u0627\\u0631 \\u0627\\u0633\\u0645\\u062f\\u0629-1652970696.jpeg\"]', NULL, NULL, '2024-02-16', NULL, 0, 0, '2022-05-19 18:31:36', '2022-05-19 18:31:36'),
(685, 25, 66, 58, 46, 2, 'بطاقه استيراديه', '-', '[\"uploads\\/orders\\/ \\u0627\\u0644\\u0647\\u062f\\u0649 1-1652970774.jpg\",\"uploads\\/orders\\/ \\u0627\\u0644\\u0647\\u062f\\u0649 2-1652970774.jpg\"]', NULL, NULL, '2022-04-23', NULL, 0, 0, '2022-05-19 18:32:54', '2022-05-19 18:32:54'),
(686, 21, 59, 39, 37, 2, 'كوادرينيت', 'اجتياز طماطم -بصل', '[\"uploads\\/orders\\/ \\u0643\\u0648\\u0627\\u062f\\u0631\\u064a\\u0646\\u062a-1652970806.pdf\",\"uploads\\/orders\\/ \\u0643\\u0648\\u0627\\u062f\\u0631\\u064a\\u0646\\u062a \\u0628\\u0635\\u0644-1652970806.pdf\"]', NULL, NULL, '2023-07-06', NULL, 0, 0, '2022-05-19 18:33:26', '2022-05-19 18:33:26'),
(687, 25, 69, 59, 46, 2, 'ترخيص اتجار في الاسمده', 'محل', '[\"uploads\\/orders\\/ \\u0627\\u062a\\u062c\\u0627\\u0631 \\u0627\\u0633\\u0645\\u062f\\u0629 \\u062c\\u062f\\u064a\\u062f-1652970987.jpeg\"]', NULL, NULL, '2027-02-20', NULL, 0, 0, '2022-05-19 18:36:27', '2022-05-19 18:36:27'),
(688, 25, 66, 59, 46, 2, 'بطاقه استيراديه', '-', '[\"uploads\\/orders\\/ \\u0627\\u0633\\u062a\\u064a\\u0631\\u0627\\u062f\\u064a\\u0629-1652971205.pdf\"]', NULL, NULL, '2023-04-29', NULL, 0, 0, '2022-05-19 18:40:05', '2022-05-19 18:40:05'),
(689, 25, 70, 59, 46, 2, 'ترخيص تصنيع اسمده', '-', '[\"uploads\\/orders\\/ \\u062a\\u0635\\u0646\\u064a\\u0639 \\u062c\\u062f\\u064a\\u062f-1652971301.jpeg\"]', NULL, NULL, '2022-04-05', NULL, 0, 0, '2022-05-19 18:41:41', '2022-05-19 18:41:41'),
(690, 21, 42, 39, 37, 2, 'تورينت', 'شهادة تسجيل', '[\"uploads\\/orders\\/ \\u062a\\u0633\\u062c\\u064a\\u0644-1652972077.pdf\"]', NULL, NULL, '2025-11-04', NULL, 0, 0, '2022-05-19 18:54:37', '2022-05-19 18:54:37'),
(691, 22, 54, 55, 40, 2, 'اورجو 5-5-45', '0', '[\"uploads\\/orders\\/ 5-5-45-1652972236.jpg\"]', NULL, NULL, '2026-05-24', NULL, 0, 0, '2022-05-19 18:57:16', '2022-05-19 18:57:16'),
(692, 22, 54, 55, 40, 2, 'اورجو 12-55-12', '0', '[\"uploads\\/orders\\/ 12-55-12-1652972300.jpg\"]', NULL, NULL, '2025-12-16', NULL, 0, 0, '2022-05-19 18:58:20', '2022-05-19 18:58:20'),
(693, 22, 54, 55, 40, 2, 'اورجو 19-19-19 + ماغنسيوم', '0', '[\"uploads\\/orders\\/ 19-19-19-1652972387.jpg\"]', NULL, NULL, '2025-12-16', NULL, 0, 0, '2022-05-19 18:59:47', '2022-05-19 18:59:47'),
(694, 22, 54, 55, 40, 2, 'اورجو 20-20-20', '0', '[\"uploads\\/orders\\/ 20-20-20-1652972434.jpg\"]', NULL, NULL, NULL, NULL, 0, 0, '2022-05-19 19:00:34', '2022-05-19 19:00:34'),
(695, 22, 54, 55, 40, 2, 'اورجو 25-25-18', '0', '[\"uploads\\/orders\\/ 25-25-18-1652972512.jpg\"]', NULL, NULL, '2025-12-16', NULL, 0, 0, '2022-05-19 19:01:52', '2022-05-19 19:01:52'),
(696, 22, 54, 55, 40, 2, 'اورجو 12-5-60', '0', '[\"uploads\\/orders\\/_ 12-5-60-1652972577.jpg\"]', NULL, NULL, '2025-12-16', NULL, 0, 0, '2022-05-19 19:02:57', '2022-05-19 19:02:57'),
(697, 21, 42, 35, 43, 2, 'اسبرينتر', 'شهاده التسجيل', '[\"uploads\\/orders\\/ \\u062a\\u0633\\u062c\\u064a\\u0644 \\u0627\\u0633\\u0628\\u0631\\u0646\\u062a\\u0631-1652972610.pdf\"]', NULL, NULL, '2026-11-02', NULL, 0, 0, '2022-05-19 19:03:30', '2022-05-19 19:03:30'),
(698, 21, 46, 35, 43, 2, 'اسبرينتر', 'فتره ماقبل الحصاد', '[\"uploads\\/orders\\/phi \\u0627\\u0633\\u0628\\u0631\\u064a\\u0646\\u062a\\u0631-1652972665.pdf\"]', NULL, NULL, '2026-06-22', NULL, 0, 0, '2022-05-19 19:04:25', '2022-05-19 19:04:25'),
(699, 21, 58, 35, 43, 2, 'اسبرينتر', '100 جم -200جم -300جم -600 جم لصالح شركه مافكو للزراعه', '[\"uploads\\/orders\\/ \\u0627\\u0633\\u0628\\u0631\\u064a\\u0646\\u062a\\u0631-1652972764.pdf\"]', NULL, NULL, '2023-11-02', NULL, 0, 0, '2022-05-19 19:06:04', '2022-05-19 19:06:04'),
(700, 21, 59, 35, 43, 2, 'اسبرينتر', 'شهاده الاجتياز', '[\"uploads\\/orders\\/ \\u0627\\u0633\\u0628\\u064a\\u0631\\u064a\\u0646\\u062a\\u0631-1652972823.pdf\"]', NULL, NULL, '2023-11-02', NULL, 0, 0, '2022-05-19 19:07:03', '2022-05-19 19:07:03'),
(701, 21, 46, 35, 43, 2, 'بندا استرا', 'فتره ماقبل الحصاد', '[\"uploads\\/orders\\/phi \\u0628\\u064a\\u0646\\u062f\\u0627\\u0627\\u0633\\u062a\\u0631\\u0627-1652972907.pdf\"]', NULL, NULL, '2027-07-15', NULL, 0, 0, '2022-05-19 19:08:27', '2022-05-19 19:08:27'),
(702, 21, 59, 35, 43, 2, 'بندا استرا', 'شهاده الاجتياز', '[\"uploads\\/orders\\/ \\u0628\\u0646\\u062f\\u0627\\u0633\\u062a\\u0631\\u0627-1652972965.pdf\"]', NULL, NULL, '2023-07-06', NULL, 0, 0, '2022-05-19 19:09:25', '2022-05-19 19:09:25'),
(703, 22, 54, 55, 40, 2, 'برو فوس كي', '0', '[\"uploads\\/orders\\/ \\u0641\\u0648\\u0633 \\u0643\\u064a-1652972978.jpg\"]', NULL, NULL, '2031-04-18', NULL, 0, 0, '2022-05-19 19:09:38', '2022-05-19 19:09:38'),
(704, 21, 46, 39, 37, 2, 'تورينت', 'شهادة فترة ماقبل الحصاد', '[\"uploads\\/orders\\/phi \\u062a\\u0648\\u0631\\u064a\\u0646\\u062a-1652973019.pdf\"]', NULL, NULL, '2027-11-23', NULL, 0, 0, '2022-05-19 19:10:19', '2022-05-19 19:10:19'),
(705, 22, 54, 55, 40, 2, 'برو كيلب بلس', '0', '[\"uploads\\/orders\\/ \\u0643\\u064a\\u0644\\u0628 \\u0628\\u0644\\u0633-1652973068.jpg\"]', NULL, NULL, '2031-04-18', NULL, 0, 0, '2022-05-19 19:11:08', '2022-05-19 19:11:08'),
(706, 21, 42, 35, 43, 3, 'هنارو', 'وارد التسجيل', '[\"uploads\\/orders\\/ \\u062a\\u062d\\u0643\\u064a\\u0645 \\u0645\\u0644\\u0641 \\u0647\\u0646\\u0627\\u0631\\u0648-1652973185.pdf\"]', '2022-03-23', '2022-06-01', NULL, NULL, 1, 0, '2022-05-19 19:11:13', '2022-05-19 19:13:05'),
(707, 21, 58, 39, 37, 2, 'تورينت', '500جم +1 كجم', '[\"uploads\\/orders\\/ \\u062a\\u0648\\u0631\\u064a\\u0646\\u062a-1652973101.pdf\"]', NULL, NULL, '2023-11-14', NULL, 0, 0, '2022-05-19 19:11:41', '2022-05-19 19:11:41'),
(708, 22, 54, 55, 40, 2, 'بروثيو سال', '0', '[\"uploads\\/orders\\/ \\u0633\\u0627\\u0644-1652973126.jpg\"]', NULL, NULL, '2031-04-18', NULL, 0, 0, '2022-05-19 19:12:06', '2022-05-19 19:12:06'),
(709, 21, 59, 39, 37, 2, 'تورينت', 'اجتياز', '[\"uploads\\/orders\\/-1652973171.pdf\"]', NULL, NULL, '2022-09-04', NULL, 0, 0, '2022-05-19 19:12:51', '2022-05-19 19:12:51'),
(710, 22, 54, 55, 40, 2, 'بروثيو فير بلس', '0', '[\"uploads\\/orders\\/ \\u0641\\u064a\\u0631 \\u0628\\u0644\\u0633-1652973188.jpg\"]', NULL, NULL, '2031-04-18', NULL, 0, 0, '2022-05-19 19:13:08', '2022-05-19 19:13:08'),
(711, 22, 54, 55, 40, 2, 'بروثيو فير', '0', '[\"uploads\\/orders\\/ \\u0641\\u064a\\u0631-1652973232.jpg\"]', NULL, NULL, '2031-04-18', NULL, 0, 0, '2022-05-19 19:13:52', '2022-05-19 19:13:52'),
(712, 21, 59, 35, 43, 2, 'هنارو', 'شهاده الاجتياز', '[\"uploads\\/orders\\/ \\u0647\\u0646\\u0627\\u0631\\u0648-1652973253.pdf\"]', NULL, NULL, '2025-02-07', NULL, 0, 0, '2022-05-19 19:14:13', '2022-05-19 19:14:13'),
(713, 21, 42, 39, 37, 2, 'فابكوك', 'شهادة تسجيل', '[\"uploads\\/orders\\/ \\u062a\\u0633\\u062c\\u064a\\u0644 \\u0641\\u0627\\u0628\\u0643\\u0648\\u0645\\u0643-1652973289.pdf\"]', NULL, NULL, '2028-01-12', NULL, 0, 0, '2022-05-19 19:14:49', '2022-05-19 19:14:49'),
(714, 22, 54, 55, 40, 2, 'بروثيو', '0', '[\"uploads\\/orders\\/-1652973306.jpg\"]', NULL, NULL, '2031-04-21', NULL, 0, 0, '2022-05-19 19:15:06', '2022-05-19 19:15:06'),
(715, 21, 42, 35, 43, 2, 'ويدكس', 'شهاده التسجيل', '[\"uploads\\/orders\\/ \\u062a\\u0633\\u062c\\u064a\\u0644 \\u0648\\u064a\\u062f\\u0643\\u0633-1652973346.pdf\"]', NULL, NULL, '2027-01-05', NULL, 0, 0, '2022-05-19 19:15:46', '2022-05-19 19:15:46'),
(716, 22, 54, 55, 40, 2, 'توروسول', '0', '[\"uploads\\/orders\\/ \\u0633\\u0648\\u0644-1652973363.jpg\"]', NULL, NULL, '2031-04-18', NULL, 0, 0, '2022-05-19 19:16:03', '2022-05-19 19:16:03'),
(717, 21, 46, 35, 43, 2, 'ويدكس', 'فتره ماقبل الحصاد', '[\"uploads\\/orders\\/ phi-1652973420.pdf\"]', NULL, NULL, '2027-08-16', NULL, 0, 0, '2022-05-19 19:17:00', '2022-05-19 19:17:00'),
(718, 21, 46, 39, 37, 2, 'فابكوك', 'شهادة فترة ماقبل الحصاد منتهية وتم تقديم التجديد 12/2020', '[\"uploads\\/orders\\/phi \\u0641\\u0627\\u0628\\u0643\\u0648\\u0645\\u0643-1652973436.pdf\"]', NULL, NULL, '2018-12-01', NULL, 0, 0, '2022-05-19 19:17:16', '2022-05-19 19:17:16'),
(719, 22, 54, 55, 40, 2, 'ابوندا ميكس', '0', '[\"uploads\\/orders\\/ \\u0645\\u064a\\u0643\\u0633-1652973446.jpg\"]', NULL, NULL, '2025-11-29', NULL, 0, 0, '2022-05-19 19:17:26', '2022-05-19 19:17:26'),
(720, 21, 59, 35, 43, 2, 'ويدكس', 'شهاده الاجتياز', '[\"uploads\\/orders\\/-1652973486.pdf\"]', NULL, NULL, '2023-01-05', NULL, 0, 0, '2022-05-19 19:18:06', '2022-05-19 19:18:06'),
(721, 22, 54, 55, 40, 2, 'تايجر باور', '0', '[\"uploads\\/orders\\/ \\u0628\\u0627\\u0648\\u0631-1652973489.jpg\"]', NULL, NULL, '2025-11-29', NULL, 0, 0, '2022-05-19 19:18:09', '2022-05-19 19:18:09'),
(722, 22, 54, 55, 40, 2, 'سانتا بور', '0', '[\"uploads\\/orders\\/ \\u0628\\u0648\\u0631-1652973538.jpg\"]', NULL, NULL, '2025-11-29', NULL, 0, 0, '2022-05-19 19:18:58', '2022-05-19 19:18:58'),
(723, 22, 54, 55, 40, 2, 'لامينا مانج', '0', '[\"uploads\\/orders\\/ \\u0644\\u0627\\u0645\\u064a\\u0646\\u0627 \\u0645\\u0627\\u0646\\u062c-1652973621.jpg\"]', NULL, NULL, '2025-11-29', NULL, 0, 0, '2022-05-19 19:20:21', '2022-05-19 19:20:21'),
(724, 22, 54, 55, 40, 2, 'فاميلي - روتس', '0', '[\"uploads\\/orders\\/ \\u0631\\u0648\\u062a\\u0633-1652973683.jpg\"]', NULL, NULL, '2025-07-28', NULL, 0, 0, '2022-05-19 19:21:23', '2022-05-19 19:21:23'),
(725, 21, 58, 39, 37, 2, 'فابكوك', '100سم +250سم +500سم +1 لتر + 5 لتر', '[\"uploads\\/orders\\/ \\u0641\\u0627\\u0628\\u0643\\u0648\\u0645\\u0643-1652973697.pdf\"]', NULL, NULL, '2024-01-12', NULL, 0, 0, '2022-05-19 19:21:37', '2022-05-19 19:21:37');
INSERT INTO `orders` (`id`, `category_id`, `sub_category_id`, `customer_id`, `employee_id`, `status_id`, `name`, `details`, `files`, `submission_date`, `expected_date`, `expiry_date`, `expiry_date_notify`, `expected_notify`, `show_details`, `created_at`, `updated_at`) VALUES
(726, 22, 54, 55, 40, 2, 'لامينا حديد', '0', '[\"uploads\\/orders\\/ \\u062d\\u062f\\u064a\\u062f-1652973733.jpg\"]', NULL, NULL, '2025-11-29', NULL, 0, 0, '2022-05-19 19:22:13', '2022-05-19 19:22:13'),
(727, 21, 59, 39, 37, 2, 'فابكوك', 'اجتياز', '[\"uploads\\/orders\\/ \\u0641\\u0627\\u0628\\u0643\\u0648\\u0645\\u0643-1652973780.pdf\"]', NULL, NULL, '2023-11-02', NULL, 0, 0, '2022-05-19 19:23:00', '2022-05-19 19:23:00'),
(728, 22, 54, 55, 40, 2, 'لامينا زنك', '0', '[\"uploads\\/orders\\/ \\u0632\\u0646\\u0643-1652973786.jpg\"]', NULL, NULL, '2025-11-29', NULL, 0, 0, '2022-05-19 19:23:06', '2022-05-19 19:23:06'),
(729, 22, 54, 55, 40, 2, 'ميركاب', '0', '[\"uploads\\/orders\\/-1652973839.jpg\"]', NULL, NULL, '2030-01-16', NULL, 0, 0, '2022-05-19 19:23:59', '2022-05-19 19:23:59'),
(730, 21, 46, 35, 43, 2, 'تاوريكا', 'فتره ما قبل الحصاد', '[\"uploads\\/orders\\/PHI \\u062a\\u0627\\u0648\\u0631\\u064a\\u0643\\u0627-1652973850.pdf\"]', NULL, NULL, '2028-01-24', NULL, 0, 0, '2022-05-19 19:24:10', '2022-05-19 19:24:10'),
(731, 22, 54, 55, 40, 2, 'واك فول', '0', '[\"uploads\\/orders\\/ \\u0641\\u0648\\u0644-1652973883.jpg\"]', NULL, NULL, '2025-07-28', NULL, 0, 0, '2022-05-19 19:24:43', '2022-05-19 19:24:43'),
(732, 21, 59, 35, 43, 2, 'تاوريكا', 'الاجتياز', '[\"uploads\\/orders\\/ \\u062a\\u0627\\u0648\\u0631\\u064a\\u0643\\u0627-1652973908.pdf\"]', NULL, NULL, '2024-11-08', NULL, 0, 0, '2022-05-19 19:25:08', '2022-05-19 19:25:08'),
(733, 21, 59, 35, 43, 2, 'سندر', 'الاجتياز', '[\"uploads\\/orders\\/ \\u0633\\u0646\\u062f\\u0631-1652973969.pdf\"]', NULL, NULL, '2024-11-08', NULL, 0, 0, '2022-05-19 19:26:09', '2022-05-19 19:26:09'),
(734, 21, 46, 35, 43, 2, 'كوتمس', 'فتره ماقبل الحصاد', '[\"uploads\\/orders\\/phi  \\u0643\\u0648\\u062a\\u0645\\u0633-1652974026.pdf\"]', NULL, NULL, '2027-11-24', NULL, 0, 0, '2022-05-19 19:27:06', '2022-05-19 19:27:06'),
(735, 21, 59, 35, 43, 2, 'كوتمس', 'الاجتياز', '[\"uploads\\/orders\\/ \\u0643\\u0648\\u062a\\u0645\\u0633-1652974090.pdf\"]', NULL, NULL, '2024-11-08', NULL, 0, 0, '2022-05-19 19:28:10', '2022-05-19 19:28:10'),
(736, 22, 55, 55, 40, 2, 'اترا جبريلك اسيد', '0', '[\"uploads\\/orders\\/ \\u062c\\u0628\\u0631\\u064a\\u0644\\u0643-1652974099.jpg\"]', NULL, NULL, '2024-01-23', NULL, 0, 0, '2022-05-19 19:28:19', '2022-05-19 19:28:19'),
(737, 22, 54, 55, 40, 2, 'اترا فيرت 6-5-42', '0', '[\"uploads\\/orders\\/ \\u0641\\u064a\\u0631\\u062a 6-5-42-1652974154.jpg\"]', NULL, NULL, '2023-02-20', NULL, 0, 0, '2022-05-19 19:29:14', '2022-05-19 19:29:14'),
(738, 21, 46, 35, 43, 2, 'مادبون', 'فتره ماقبل الحصاد', '[\"uploads\\/orders\\/PHI \\u0645\\u0627\\u062f\\u0628\\u0648\\u0646-1652974156.pdf\"]', NULL, NULL, '2028-01-24', NULL, 0, 0, '2022-05-19 19:29:16', '2022-05-19 19:29:16'),
(739, 21, 42, 39, 37, 2, 'فاكوميل 35%', 'شهادة تسجيل', '[\"uploads\\/orders\\/ \\u062a\\u0633\\u062c\\u064a\\u0644 \\u062c\\u062f\\u064a\\u062f (4)-1652974183.pdf\"]', NULL, NULL, '2024-04-19', NULL, 0, 0, '2022-05-19 19:29:43', '2022-05-19 19:29:43'),
(740, 22, 54, 55, 40, 2, 'اترا هيومات', '0', '[\"uploads\\/orders\\/ \\u0647\\u064a\\u0648\\u0645\\u0627\\u062a-1652974202.jpg\"]', NULL, NULL, '2023-02-20', NULL, 0, 0, '2022-05-19 19:30:02', '2022-05-19 19:30:02'),
(741, 22, 54, 55, 40, 2, 'اترا فوسفوريك 85', '0', '[\"uploads\\/orders\\/ 85-1652974245.jpg\"]', NULL, NULL, '2023-07-30', NULL, 0, 0, '2022-05-19 19:30:45', '2022-05-19 19:30:45'),
(742, 21, 59, 35, 43, 2, 'مادبون', 'الاجتياز', '[\"uploads\\/orders\\/ \\u0645\\u0627\\u062f\\u0628\\u0648\\u0646-1652974265.pdf\"]', NULL, NULL, '2024-11-08', NULL, 0, 0, '2022-05-19 19:31:05', '2022-05-19 19:31:05'),
(743, 21, 46, 39, 37, 2, 'فاكوميل 35%', 'شهادة فترة مقبل الحصاد', '[\"uploads\\/orders\\/ phi-1652974266.pdf\"]', NULL, NULL, '2028-03-15', NULL, 0, 0, '2022-05-19 19:31:06', '2022-05-19 19:31:06'),
(744, 22, 54, 55, 40, 2, 'اتر فيرت 5-5-45', '0', '[\"uploads\\/orders\\/ 5-5-45 \\u0627\\u0644\\u062c\\u062f\\u064a\\u062f\\u0629-1652974284.jpg\"]', NULL, NULL, '2023-02-05', NULL, 0, 0, '2022-05-19 19:31:24', '2022-05-19 19:31:24'),
(745, 22, 54, 55, 40, 2, 'اترا فيرت 19-19-19', '0', '[\"uploads\\/orders\\/ 19-19-19 \\u0627\\u0644\\u062c\\u062f\\u064a\\u062f\\u0629-1652974326.jpg\"]', NULL, NULL, '2023-02-05', NULL, 0, 0, '2022-05-19 19:32:06', '2022-05-19 19:32:06'),
(746, 22, 54, 55, 40, 2, 'اترا مكس سوبر 22-22-22', '0', '[\"uploads\\/orders\\/ 22-22-22-1652974391.jpg\"]', NULL, NULL, '2023-04-04', NULL, 0, 0, '2022-05-19 19:33:11', '2022-05-19 19:33:11'),
(747, 21, 44, 35, 43, 2, 'اجنتورين', 'تجريب 21-22', '[\"uploads\\/orders\\/ \\u0627\\u062c\\u0646\\u062a\\u0648\\u0631\\u064a\\u0646 21-22-1652974412.pdf\",\"uploads\\/orders\\/ \\u0627\\u062c\\u0646\\u062a\\u0648\\u0631\\u064a\\u0646 21-22 (2)-1652974412.pdf\"]', NULL, NULL, NULL, NULL, 0, 0, '2022-05-19 19:33:32', '2022-05-19 19:33:32'),
(748, 22, 54, 55, 40, 2, 'اترا مكس سوبر 6-6-60', '0', '[\"uploads\\/orders\\/ 6-6-60-1652974462.jpg\"]', NULL, NULL, '2023-04-04', NULL, 0, 0, '2022-05-19 19:34:22', '2022-05-19 19:34:22'),
(749, 22, 54, 55, 40, 2, 'اترا مكس سوبر 14-65-0', '0', '[\"uploads\\/orders\\/ 14-65-1652974516.jpg\"]', NULL, NULL, '2023-04-04', NULL, 0, 0, '2022-05-19 19:35:16', '2022-05-19 19:35:16'),
(750, 22, 54, 55, 40, 2, 'اورجو حامض الفوسفوريك', '0', '[\"uploads\\/orders\\/ \\u062d\\u0627\\u0645\\u0636 \\u0641\\u0648\\u0633\\u0641\\u0648\\u0631\\u064a\\u0643-1652974652.jpg\"]', NULL, NULL, '2025-07-28', NULL, 0, 0, '2022-05-19 19:37:32', '2022-05-19 19:37:32'),
(751, 22, 54, 55, 40, 2, 'جا واي سلفات حديد', '0', '[\"uploads\\/orders\\/ \\u0648\\u0627\\u0649 \\u0633\\u0644\\u0641\\u0627\\u062a \\u062d\\u062f\\u064a\\u062f-1652974710.jpg\"]', NULL, NULL, '2025-12-01', NULL, 0, 0, '2022-05-19 19:38:30', '2022-05-19 19:38:30'),
(752, 21, 44, 35, 43, 2, 'سادش', 'تجريب السنه الاولى', '[\"uploads\\/orders\\/ \\u0633\\u0627\\u062f\\u0634 21-22-1652974744.pdf\",\"uploads\\/orders\\/ \\u0633\\u0627\\u062f\\u0634 21-22-1652974744.pdf\"]', NULL, NULL, NULL, NULL, 0, 0, '2022-05-19 19:39:04', '2022-05-19 19:39:04'),
(753, 22, 54, 55, 40, 2, 'جا واي سلفات ماغنسيوم', '0', '[\"uploads\\/orders\\/ \\u0633\\u0644\\u0641\\u0627\\u062a \\u0645\\u0627\\u063a\\u0646\\u0633\\u064a\\u0648\\u0645-1652974754.jpg\"]', NULL, NULL, '2025-02-08', NULL, 0, 0, '2022-05-19 19:39:14', '2022-05-19 19:39:14'),
(754, 22, 54, 55, 40, 2, 'فوريد هيومات بوتاسيوم', '0', '[\"uploads\\/orders\\/ \\u0647\\u064a\\u0648\\u0645\\u0627\\u062a \\u0628\\u0648\\u062a\\u0627\\u0633\\u064a\\u0648\\u0645-1652974806.jpg\"]', NULL, NULL, '2025-11-29', NULL, 0, 0, '2022-05-19 19:40:06', '2022-05-19 19:40:06'),
(755, 21, 44, 35, 43, 2, 'اوبريانا', 'تجريب السنه الاولى', '[\"uploads\\/orders\\/ \\u0627\\u0648\\u0628\\u0631\\u064a\\u0627\\u0646\\u0627 21-22-1652974813.pdf\",\"uploads\\/orders\\/ \\u0627\\u0648\\u0628\\u0631\\u064a\\u0627\\u0646\\u0627 21-22-1652974813.pdf\"]', NULL, NULL, NULL, NULL, 0, 0, '2022-05-19 19:40:13', '2022-05-19 19:40:13'),
(756, 22, 54, 55, 40, 2, 'اترا ميكس كالبور', '0', '[\"uploads\\/orders\\/-1652974858.jpg\"]', NULL, NULL, '2022-10-30', NULL, 0, 0, '2022-05-19 19:40:58', '2022-05-19 19:40:58'),
(757, 21, 44, 35, 43, 2, 'دمورت', 'تجريب السنه الاولى', '[\"uploads\\/orders\\/ \\u062f\\u0645\\u0648\\u0631\\u062a 21-22-1652974868.pdf\",\"uploads\\/orders\\/ \\u062a\\u062c\\u0631\\u064a\\u0628 \\u062f\\u0645\\u0648\\u0631\\u062a 21-22-1652974868.pdf\"]', NULL, NULL, NULL, NULL, 0, 0, '2022-05-19 19:41:08', '2022-05-19 19:41:08'),
(758, 21, 44, 35, 43, 2, 'بريكشيك', 'تجريب السنه الاولى', '[\"uploads\\/orders\\/ \\u0628\\u0631\\u064a\\u0643\\u0634\\u064a\\u0643 21-22-1652974941.pdf\",\"uploads\\/orders\\/ \\u0628\\u0631\\u064a\\u0643\\u0634\\u064a\\u0643 21-22-1652974941.pdf\"]', NULL, NULL, NULL, NULL, 0, 0, '2022-05-19 19:42:21', '2022-05-19 19:42:21'),
(759, 21, 44, 35, 43, 2, 'كروريفال', 'تجريب السنه الاولى', '[\"uploads\\/orders\\/ \\u0643\\u0631\\u0648\\u0631\\u064a\\u0641\\u0627\\u0644 21-22-1652975009.pdf\",\"uploads\\/orders\\/ \\u0643\\u0631\\u0648\\u0631\\u064a\\u0641\\u0627\\u0644 21-22-1652975009.pdf\"]', NULL, NULL, NULL, NULL, 0, 0, '2022-05-19 19:43:29', '2022-05-19 19:43:29'),
(760, 21, 44, 35, 43, 2, 'لوكريزيا', 'تجريب السنه الاولى', '[\"uploads\\/orders\\/ \\u0644\\u0648\\u0643\\u0631\\u064a\\u0632\\u064a\\u0627 21-22-1652975129.pdf\",\"uploads\\/orders\\/ \\u062a\\u062c\\u0631\\u064a\\u0628 \\u0644\\u0648\\u0643\\u0631\\u064a\\u0632\\u064a\\u0627 21-22-1652975129.pdf\"]', NULL, NULL, NULL, NULL, 0, 0, '2022-05-19 19:45:29', '2022-05-19 19:45:29'),
(761, 21, 58, 39, 37, 2, 'فاكوميل 35%', '450جم +150جم انتهاء19/11/2023', '[\"uploads\\/orders\\/ \\u0641\\u0627\\u0643\\u0648\\u0645\\u064a\\u0644 35-1652975174.pdf\"]', NULL, NULL, '2023-11-19', NULL, 0, 0, '2022-05-19 19:46:14', '2022-05-19 19:46:14'),
(762, 21, 44, 35, 43, 2, 'ازاريا', 'تجريب السنه الاولى', '[\"uploads\\/orders\\/ \\u0627\\u0632\\u0627\\u0631\\u064a\\u0627 21-22-1652975188.pdf\",\"uploads\\/orders\\/ \\u062a\\u062c\\u0631\\u064a\\u0628 \\u0627\\u0632\\u0627\\u0631\\u064a\\u0627 21-22-1652975188.pdf\"]', NULL, NULL, NULL, NULL, 0, 0, '2022-05-19 19:46:28', '2022-05-19 19:46:28'),
(763, 21, 44, 35, 43, 2, 'داكشا', 'تجريب السنه الاولى', '[\"uploads\\/orders\\/ \\u062f\\u0627\\u0643\\u0634\\u0627 21-22-1652975249.pdf\",\"uploads\\/orders\\/ \\u062f\\u0627\\u0643\\u0634\\u0627 21-22-1652975249.pdf\"]', NULL, NULL, NULL, NULL, 0, 0, '2022-05-19 19:47:29', '2022-05-19 19:47:29'),
(764, 21, 44, 35, 43, 2, 'نوفاجاب', 'تجريب السنه الاولى', '[\"uploads\\/orders\\/ \\u0646\\u0648\\u0641\\u0627\\u062c\\u0627\\u0628 21-22-1652975349.pdf\",\"uploads\\/orders\\/ \\u0646\\u0648\\u0641\\u0627 \\u062c\\u0627\\u0628 21-22-1652975349.pdf\"]', NULL, NULL, NULL, NULL, 0, 0, '2022-05-19 19:49:09', '2022-05-19 19:49:09'),
(765, 21, 59, 39, 37, 2, 'فاكوميل 35%', 'الاجتياز', '[\"uploads\\/orders\\/ 35-1652975430.pdf\"]', NULL, NULL, '2023-07-06', NULL, 0, 0, '2022-05-19 19:50:30', '2022-05-19 19:50:30'),
(766, 22, 54, 146, 40, 2, 'بوتاسيوم جرو سمارت', '0', '[\"uploads\\/orders\\/ \\u062c\\u0631\\u0648 \\u0633\\u0645\\u0627\\u0631\\u062a-1652975562.jpg\"]', NULL, NULL, '2030-02-10', NULL, 0, 0, '2022-05-19 19:52:42', '2022-05-19 19:52:42'),
(767, 22, 54, 146, 40, 2, 'دي فوس كي', '0', '[\"uploads\\/orders\\/ \\u0641\\u0648\\u0633 \\u0643\\u064a-1652975621.jpg\"]', NULL, NULL, '2030-02-10', NULL, 0, 0, '2022-05-19 19:53:41', '2022-05-19 19:53:41'),
(768, 21, 42, 39, 37, 2, 'فاكوميل بلص', 'شهادة تسجيل', '[\"uploads\\/orders\\/ \\u0641\\u0627\\u0643\\u0648\\u0645\\u064a\\u0644 \\u0628\\u0644\\u0635-1652975689.pdf\"]', NULL, NULL, '2027-03-22', NULL, 0, 0, '2022-05-19 19:54:49', '2022-05-19 19:54:49'),
(769, 22, 54, 146, 40, 2, 'ماكس جرو سمارت  20-50-10', '0', '[\"uploads\\/orders\\/ \\u062c\\u0631\\u0648 \\u0633\\u0645\\u0627\\u0631\\u062a 20-50-10-1652975696.jpg\"]', NULL, NULL, '2030-02-10', NULL, 0, 0, '2022-05-19 19:54:56', '2022-05-19 19:54:56'),
(770, 22, 54, 146, 40, 2, 'ماكس جرو سمارت 22-22-22', '0', '[\"uploads\\/orders\\/ \\u062c\\u0631\\u0648 \\u0633\\u0645\\u0627\\u0631\\u062a 22-22-22-1652975751.jpg\"]', NULL, NULL, '2030-02-10', NULL, 0, 0, '2022-05-19 19:55:51', '2022-05-19 19:55:51'),
(771, 21, 46, 39, 37, 2, 'فاكوميل بلص', 'شهادة فترة ماقبل الحصاد', '[\"uploads\\/orders\\/phi \\u0641\\u0627\\u0643\\u0648\\u0645\\u064a\\u0644 \\u0628\\u0644\\u0635-1652975802.pdf\"]', NULL, NULL, '2027-11-23', NULL, 0, 0, '2022-05-19 19:56:42', '2022-05-19 19:56:42'),
(772, 22, 54, 146, 40, 2, 'ماكس جرو سمارت 12-12-44', '0', '[\"uploads\\/orders\\/ \\u062c\\u0631\\u0648 \\u0633\\u0645\\u0627\\u0631\\u062a12-12-44-1652975814.jpg\"]', NULL, NULL, '2030-02-10', NULL, 0, 0, '2022-05-19 19:56:54', '2022-05-19 19:56:54'),
(773, 21, 58, 39, 37, 2, 'فاكوميل بلص', '300سم +900سم', '[\"uploads\\/orders\\/ \\u0641\\u0627\\u0643\\u0648\\u0645\\u064a\\u0644 300 \\u062c\\u0645-1652975902.pdf\",\"uploads\\/orders\\/ \\u0641\\u0627\\u0643\\u0648\\u0645\\u064a\\u0644 900 \\u062c\\u0645-1652975902.pdf\"]', NULL, NULL, '2023-03-22', NULL, 0, 0, '2022-05-19 19:58:22', '2022-05-19 19:58:22'),
(774, 21, 59, 39, 37, 2, 'فاكوميل بلص', 'اجتياز', '[\"uploads\\/orders\\/ \\u0641\\u0627\\u0643\\u0648\\u0645\\u064a\\u0644 \\u0628\\u0644\\u0635-1652975963.pdf\"]', NULL, NULL, '2023-07-06', NULL, 0, 0, '2022-05-19 19:59:23', '2022-05-19 19:59:23'),
(775, 21, 42, 39, 37, 2, 'فيناتود', 'شهادة تسجيل', '[\"uploads\\/orders\\/ \\u062a\\u0633\\u062c\\u064a\\u0644 \\u0641\\u064a\\u0646\\u0627\\u062a\\u0648\\u062f-1652976064.pdf\"]', NULL, NULL, '2023-06-23', NULL, 0, 0, '2022-05-19 20:01:04', '2022-05-19 20:01:04'),
(776, 21, 46, 34, 37, 2, 'فيناتود', 'شهادة فترة ماقبل الحصاد', '[\"uploads\\/orders\\/ phi-1652976223.pdf\"]', NULL, NULL, '2027-02-17', NULL, 0, 0, '2022-05-19 20:03:43', '2022-05-19 20:03:43'),
(777, 21, 58, 39, 37, 2, 'فيناتود', '5 كجم +20 كجم +10كجم', '[\"uploads\\/orders\\/ \\u0641\\u064a\\u0646\\u0627\\u062a\\u0648\\u062f-1652976299.pdf\"]', NULL, NULL, '2022-06-22', NULL, 0, 0, '2022-05-19 20:04:59', '2022-05-19 20:04:59'),
(778, 21, 59, 39, 37, 2, 'فيناتود', 'شهادة الاجتياز', '[\"uploads\\/orders\\/ \\u0641\\u064a\\u0646\\u0627\\u062a\\u0648\\u062f-1652976401.pdf\"]', NULL, NULL, '2022-06-22', NULL, 0, 0, '2022-05-19 20:06:41', '2022-05-19 20:06:41'),
(779, 22, 54, 146, 40, 2, 'ميكرو امينو تونك', '0', '[\"uploads\\/orders\\/ \\u0627\\u0645\\u064a\\u0646\\u0648 \\u062a\\u0648\\u0646\\u0643 2-1652976441.jpg\",\"uploads\\/orders\\/ \\u0627\\u0645\\u064a\\u0646\\u0648 \\u062a\\u0648\\u0646\\u0643-1652976441.jpg\"]', NULL, NULL, '2030-02-17', NULL, 0, 0, '2022-05-19 20:07:21', '2022-05-19 20:07:21'),
(780, 21, 42, 39, 37, 2, 'ماستر', 'شهادةتسجيل', '[\"uploads\\/orders\\/ \\u062a\\u0633\\u062c\\u064a\\u0644 \\u0645\\u0627\\u0633\\u062a\\u0631-1652976474.pdf\"]', NULL, NULL, '2022-11-09', NULL, 0, 0, '2022-05-19 20:07:54', '2022-05-19 20:07:54'),
(781, 22, 54, 146, 40, 2, 'ميكرو تونا زايم', '0', '[\"uploads\\/orders\\/ \\u062a\\u0648\\u0646\\u0627 \\u0632\\u0627\\u064a\\u0645-1652976500.jpg\"]', NULL, NULL, '2029-12-12', NULL, 0, 0, '2022-05-19 20:08:20', '2022-05-19 20:08:20'),
(782, 22, 54, 146, 40, 2, 'ميكرو شيلات حديد', '0', '[\"uploads\\/orders\\/ \\u0634\\u064a\\u0644\\u0627\\u062a \\u062d\\u062f\\u064a\\u062f-1652976538.jpg\"]', NULL, NULL, '2030-02-17', NULL, 0, 0, '2022-05-19 20:08:58', '2022-05-19 20:08:58'),
(783, 21, 46, 39, 37, 2, 'ماستر', 'شهادة فترة ماقبل الحصاد', '[\"uploads\\/orders\\/phi  \\u0645\\u0627\\u0633\\u062a\\u0631-1652976548.pdf\"]', NULL, NULL, '2027-11-23', NULL, 0, 0, '2022-05-19 20:09:08', '2022-05-19 20:09:08'),
(784, 22, 54, 146, 40, 2, 'ميكرو شيلات زنك', '0', '[\"uploads\\/orders\\/ \\u0634\\u064a\\u0644\\u0627\\u062a \\u0632\\u0646\\u0643-1652976604.jpg\"]', NULL, NULL, '2030-02-10', NULL, 0, 0, '2022-05-19 20:10:04', '2022-05-19 20:10:04'),
(785, 22, 54, 146, 40, 2, 'ميكرو شيلات منجنيز', '0', '[\"uploads\\/orders\\/ \\u0634\\u064a\\u0644\\u0627\\u062a \\u0645\\u0646\\u062c\\u0646\\u064a\\u0632-1652976645.jpg\"]', NULL, NULL, '2030-02-10', NULL, 0, 0, '2022-05-19 20:10:45', '2022-05-19 20:10:45'),
(786, 21, 58, 39, 37, 2, 'ماستر', '500سم - 1لتر -5 لتر', '[\"uploads\\/orders\\/ \\u0645\\u0627\\u0633\\u062a\\u0631 1 \\u0644\\u062a\\u0631-1652976712.pdf\",\"uploads\\/orders\\/ \\u0645\\u0627\\u0633\\u062a\\u0631 5 \\u0644\\u062a\\u0631-1652976712.pdf\",\"uploads\\/orders\\/ \\u0645\\u0627\\u0633\\u062a\\u0631 500\\u0633\\u0645-1652976712.pdf\"]', NULL, NULL, '2022-11-09', NULL, 0, 0, '2022-05-19 20:11:52', '2022-05-19 20:11:52'),
(787, 21, 59, 39, 37, 2, 'ماستر', 'اجتياز', '[\"uploads\\/orders\\/ \\u0645\\u0627\\u0633\\u062a\\u0631 (2)-1652976778.pdf\"]', NULL, NULL, '2022-11-04', NULL, 0, 0, '2022-05-19 20:12:58', '2022-05-19 20:12:58'),
(788, 22, 54, 96, 40, 2, 'ازورو 6-6-43', '0', '[\"uploads\\/orders\\/ 6-6-43-1652976804.jpg\"]', NULL, NULL, '2029-12-10', NULL, 0, 0, '2022-05-19 20:13:24', '2022-05-19 20:13:24'),
(789, 21, 42, 39, 37, 2, 'جراوند اب', 'شهادة تسجيل', '[\"uploads\\/orders\\/ \\u062a\\u0633\\u062c\\u064a\\u0644 \\u062c\\u0631\\u0627\\u0648\\u0646\\u062f \\u0627\\u0628-1652976843.pdf\"]', NULL, NULL, '2022-12-15', NULL, 0, 0, '2022-05-19 20:14:03', '2022-05-19 20:14:03'),
(790, 21, 46, 39, 37, 2, 'جراوند اب', 'شهادة فترة ماقبل الحصاد', '[\"uploads\\/orders\\/phi \\u062c\\u0631\\u0627\\u0648\\u0646\\u062f \\u0627\\u0628-1652976912.pdf\"]', NULL, NULL, '2027-09-01', NULL, 0, 0, '2022-05-19 20:15:12', '2022-05-19 20:15:12'),
(791, 22, 55, 96, 40, 2, 'ام اتش اجرو ديفيلوبر', '0', '[\"uploads\\/orders\\/ \\u0627\\u062a\\u0634 \\u0627\\u062c\\u0631\\u0648 \\u062f\\u064a\\u0641\\u064a\\u0644\\u0648\\u0628\\u0631-1652976947.jpg\"]', NULL, NULL, '2031-12-01', NULL, 0, 0, '2022-05-19 20:15:47', '2022-05-19 20:15:47'),
(792, 21, 58, 39, 37, 2, 'جراوند اب', '1 لتر - 5 لتر', '[\"uploads\\/orders\\/ \\u062c\\u0631\\u0627\\u0648\\u0646\\u062f \\u0627\\u0628 1 \\u0644\\u062a\\u0631 -5 \\u0644\\u062a\\u0631-1652976964.pdf\"]', NULL, NULL, '2022-11-09', NULL, 0, 0, '2022-05-19 20:16:04', '2022-05-19 20:16:04'),
(793, 22, 54, 96, 40, 2, 'ايزهونج ماب', '0', '[\"uploads\\/orders\\/ \\u0645\\u0627\\u0628-1652977011.jpg\"]', NULL, NULL, '2030-02-16', NULL, 0, 0, '2022-05-19 20:16:51', '2022-05-19 20:16:51'),
(794, 21, 59, 39, 37, 2, 'جراوند اب', 'اجتياز', '[\"uploads\\/orders\\/ \\u062c\\u0631\\u0627\\u0648\\u0646\\u062f \\u0627\\u0628-1652977024.pdf\"]', NULL, NULL, '2022-12-15', NULL, 0, 0, '2022-05-19 20:17:04', '2022-05-19 20:17:04'),
(795, 22, 54, 96, 40, 2, 'بلاك فاستر', '0', '[\"uploads\\/orders\\/ \\u0641\\u0627\\u0633\\u062a\\u0631-1652977062.jpg\"]', NULL, NULL, '2030-11-18', NULL, 0, 0, '2022-05-19 20:17:42', '2022-05-19 20:17:42'),
(796, 22, 54, 96, 40, 2, 'بلاك هورس', '0', '[\"uploads\\/orders\\/ \\u0647\\u0648\\u0631\\u0633-1652977101.jpg\"]', NULL, NULL, '2030-09-08', NULL, 0, 0, '2022-05-19 20:18:21', '2022-05-19 20:18:21'),
(797, 21, 42, 39, 37, 2, 'كوماندو', 'شهادة تسجيل', '[\"uploads\\/orders\\/ \\u062a\\u0633\\u062c\\u064a\\u0644 \\u0643\\u0648\\u0645\\u0627\\u0646\\u062f\\u0648 \\u062c\\u062f\\u064a\\u062f\\u0629-1652977101.pdf\"]', NULL, NULL, '2022-12-31', NULL, 0, 0, '2022-05-19 20:18:21', '2022-05-19 20:18:21'),
(798, 22, 54, 96, 40, 2, 'ديفيلوبيد فوبلس', '0', '[\"uploads\\/orders\\/ \\u0641\\u0648\\u0628\\u0644\\u0633-1652977159.jpg\"]', NULL, NULL, '2030-02-05', NULL, 0, 0, '2022-05-19 20:19:19', '2022-05-19 20:19:19'),
(799, 21, 46, 39, 37, 2, 'كوماندو', 'شهادة فترة ماقبل الحصاد', '[\"uploads\\/orders\\/phi  \\u0643\\u0648\\u0645\\u0627\\u0646\\u062f\\u0648-1652977172.pdf\"]', NULL, NULL, '2027-11-23', NULL, 0, 0, '2022-05-19 20:19:32', '2022-05-19 20:19:32'),
(800, 22, 54, 96, 40, 2, 'ديفيلوبيد هوبلس', '0', '[\"uploads\\/orders\\/-1652977198.jpg\"]', NULL, NULL, '2030-02-05', NULL, 0, 0, '2022-05-19 20:19:58', '2022-05-19 20:19:58'),
(801, 21, 58, 39, 37, 2, 'كوماندو', '100سم 250سم 500سم 1 لتر  5 لتر', '[\"uploads\\/orders\\/ \\u0643\\u0648\\u0645\\u0627\\u0646\\u062f\\u0648 \\u062a\\u062c\\u062f\\u064a\\u062f-1652977538.pdf\"]', NULL, NULL, '2022-12-31', NULL, 0, 0, '2022-05-19 20:25:38', '2022-05-19 20:25:38'),
(802, 21, 59, 39, 37, 2, 'كوماندو', 'اجتياز', '[\"uploads\\/orders\\/ \\u0643\\u0648\\u0645\\u0627\\u0646\\u062f\\u0648 (2)-1652977609.pdf\"]', NULL, NULL, '2022-12-31', NULL, 0, 0, '2022-05-19 20:26:49', '2022-05-19 20:26:49'),
(803, 22, 54, 148, 40, 2, 'بفر سوليوشن بي جي 35', '0', '[\"uploads\\/orders\\/ \\u0633\\u0648\\u0644\\u064a\\u0634\\u0646 35 \\u0643\\u064a\\u0645\\u0633\\u062a\\u0631\\u064a-1652978816.jpg\"]', NULL, NULL, '0029-12-12', NULL, 0, 0, '2022-05-19 20:46:56', '2022-05-19 20:46:56'),
(804, 22, 54, 148, 40, 2, 'بوتا برو', '0', '[\"uploads\\/orders\\/ \\u0628\\u0631\\u0648-1652978908.jpg\"]', NULL, NULL, '2030-10-05', NULL, 0, 0, '2022-05-19 20:48:28', '2022-05-19 20:48:28'),
(805, 22, 54, 148, 40, 2, 'بي جي كاب', '0', '[\"uploads\\/orders\\/ \\u062c\\u064a \\u0643\\u0627\\u0628 \\u0643\\u064a\\u0645\\u0633\\u062a\\u0631\\u064a-1652978957.jpg\"]', NULL, NULL, '2029-11-20', NULL, 0, 0, '2022-05-19 20:49:17', '2022-05-19 20:49:17'),
(806, 22, 54, 148, 40, 2, 'بيست تري', '0', '[\"uploads\\/orders\\/ \\u062a\\u0631\\u064a \\u0643\\u064a\\u0645\\u0633\\u062a\\u0631\\u064a-1652979017.jpg\"]', NULL, NULL, '2029-11-20', NULL, 0, 0, '2022-05-19 20:50:17', '2022-05-19 20:50:39'),
(807, 22, 54, 148, 40, 2, 'بيست ليف', '0', '[\"uploads\\/orders\\/ \\u0644\\u064a\\u0641 \\u0643\\u064a\\u0645\\u0633\\u062a\\u0631\\u064a-1652979088.jpg\"]', NULL, NULL, '2029-11-20', NULL, 0, 0, '2022-05-19 20:51:28', '2022-05-19 20:51:28'),
(808, 22, 54, 148, 40, 2, 'جي او', '0', '[\"uploads\\/orders\\/ \\u0627\\u0648-1652979139.jpg\"]', NULL, NULL, '2030-10-22', NULL, 0, 0, '2022-05-19 20:52:19', '2022-05-19 20:52:19'),
(809, 22, 54, 148, 40, 2, 'جي بلانت ميكس', '0', '[\"uploads\\/orders\\/ \\u0628\\u0644\\u0627\\u0646\\u062a \\u0645\\u064a\\u0643\\u0633 \\u0643\\u064a\\u0645\\u0633\\u062a\\u0631\\u064a-1652979199.jpg\"]', NULL, NULL, '2029-12-01', NULL, 0, 0, '2022-05-19 20:53:19', '2022-05-19 20:53:19'),
(810, 22, 54, 148, 40, 2, 'سي فاينال', '0', '[\"uploads\\/orders\\/ \\u0641\\u0627\\u064a\\u0646\\u0627\\u0644-1652979283.jpg\"]', NULL, NULL, '2029-12-01', NULL, 0, 0, '2022-05-19 20:54:43', '2022-05-19 20:54:43'),
(811, 22, 54, 148, 40, 2, 'سي ميكس', '0', '[\"uploads\\/orders\\/ \\u0645\\u064a\\u0643\\u0633 \\u0643\\u064a\\u0645\\u0633\\u062a\\u0631\\u064a-1652979338.jpg\"]', NULL, NULL, '2029-12-01', NULL, 0, 0, '2022-05-19 20:55:38', '2022-05-19 20:55:38'),
(812, 22, 54, 148, 40, 2, 'كارلو', '0', '[\"uploads\\/orders\\/-1652979386.jpg\"]', NULL, NULL, '2029-12-12', NULL, 0, 0, '2022-05-19 20:56:26', '2022-05-19 20:56:26'),
(813, 22, 54, 148, 40, 2, 'كيمستري اوركيد', '0', '[\"uploads\\/orders\\/ \\u0627\\u0648\\u0631\\u0643\\u064a\\u062f-1652979429.jpg\"]', NULL, NULL, '2030-10-05', NULL, 0, 0, '2022-05-19 20:57:09', '2022-05-19 20:57:09'),
(814, 22, 54, 80, 40, 2, 'الجيفروتس', '0', '[\"uploads\\/orders\\/_page-0001-1652979728.jpg\",\"uploads\\/orders\\/_page-0002-1652979728.jpg\"]', NULL, NULL, '2031-09-12', NULL, 0, 0, '2022-05-19 21:02:08', '2022-05-19 21:02:08'),
(815, 22, 54, 80, 40, 2, 'بلانت كيبر', '0', '[\"uploads\\/orders\\/ \\u0643\\u064a\\u0628\\u0631 \\u0632\\u0647\\u0648\\u0631-1652979778.jpg\"]', NULL, NULL, '2029-11-06', NULL, 0, 0, '2022-05-19 21:02:58', '2022-05-19 21:02:58'),
(816, 22, 54, 80, 40, 2, 'تارجو بي', '0', '[\"uploads\\/orders\\/ \\u0628\\u064a-1652979841.jpg\"]', NULL, NULL, '2029-09-01', NULL, 0, 0, '2022-05-19 21:04:01', '2022-05-19 21:04:01'),
(817, 22, 54, 80, 40, 2, 'روتس ستار', '0', '[\"uploads\\/orders\\/ \\u0633\\u062a\\u0627\\u0631-1652979955.jpg\"]', NULL, NULL, '2030-12-23', NULL, 0, 0, '2022-05-19 21:05:55', '2022-05-19 21:05:55'),
(818, 22, 54, 80, 40, 2, 'زهور فيرت 5-0-60', '0', '[\"uploads\\/orders\\/ \\u0641\\u064a\\u0631\\u062a 5-0-60-1652980002.jpg\"]', NULL, NULL, '2029-11-06', NULL, 0, 0, '2022-05-19 21:06:42', '2022-05-19 21:06:42'),
(819, 22, 54, 80, 40, 2, 'زهور فيرت 6-6-43', '0', '[\"uploads\\/orders\\/ \\u0641\\u064a\\u0631\\u062a 6-6-43-1652980038.jpg\"]', NULL, NULL, '2028-10-23', NULL, 0, 0, '2022-05-19 21:07:18', '2022-05-19 21:07:18'),
(820, 22, 54, 80, 40, 2, 'زهور فيرت 12-12-44', '0', '[\"uploads\\/orders\\/ \\u0641\\u064a\\u0631\\u062a 12-12-44-1652980077.jpg\"]', NULL, NULL, '2030-07-12', NULL, 0, 0, '2022-05-19 21:07:57', '2022-05-19 21:07:57'),
(821, 22, 54, 80, 40, 2, 'زهور فيرت 19-19-19', '0', '[\"uploads\\/orders\\/ \\u0641\\u064a\\u0631\\u062a 19-19-19-1652980119.jpg\"]', NULL, NULL, '2028-10-23', NULL, 0, 0, '2022-05-19 21:08:39', '2022-05-19 21:08:39'),
(822, 22, 54, 80, 40, 2, 'زهور فيرت 20-50-10', '0', '[\"uploads\\/orders\\/ \\u0641\\u064a\\u0631\\u062a 20-50-10-1652980166.jpg\"]', NULL, NULL, '2028-10-23', NULL, 0, 0, '2022-05-19 21:09:26', '2022-05-19 21:09:26'),
(823, 22, 54, 80, 40, 2, 'زهور مكس', '0', '[\"uploads\\/orders\\/ \\u0645\\u064a\\u0643\\u0633-1652980224.jpg\",\"uploads\\/orders\\/ \\u0645\\u064a\\u0643\\u06332-1652980224.jpg\"]', NULL, NULL, '2030-07-26', NULL, 0, 0, '2022-05-19 21:10:24', '2022-05-19 21:10:24'),
(824, 22, 54, 80, 40, 2, 'ماتشو كي', '0', '[\"uploads\\/orders\\/ - \\u0643\\u0649-1652980273.jpg\"]', NULL, NULL, '2028-11-04', NULL, 0, 0, '2022-05-19 21:11:13', '2022-05-19 21:11:13'),
(825, 22, 54, 80, 40, 2, 'ماتشو بورون', '0', '[\"uploads\\/orders\\/ \\u0628\\u0648\\u0631\\u0648\\u0646-1652980321.jpg\"]', NULL, NULL, '2029-11-06', NULL, 0, 0, '2022-05-19 21:12:01', '2022-05-19 21:12:01'),
(826, 22, 54, 80, 40, 2, 'ماتشو تونك', '0', '[\"uploads\\/orders\\/ \\u062a\\u0648\\u0646\\u0643-1652980363.jpg\"]', NULL, NULL, '2029-01-10', NULL, 0, 0, '2022-05-19 21:12:43', '2022-05-19 21:12:43'),
(827, 22, 54, 80, 40, 2, 'ماتشو حديد 13% ايديتا', '0', '[\"uploads\\/orders\\/ \\u062d\\u062f\\u064a\\u062f 13-1652980411.jpg\"]', NULL, NULL, '2029-01-08', NULL, 0, 0, '2022-05-19 21:13:31', '2022-05-19 21:13:31'),
(828, 22, 35, 80, 40, 2, 'ماتشو روتنج', '0', NULL, NULL, NULL, '2032-01-31', NULL, 0, 0, '2022-05-19 21:15:25', '2022-05-19 21:15:25'),
(829, 22, 54, 80, 40, 2, 'ماتشو زنك 13% ايديتا', '0', '[\"uploads\\/orders\\/ \\u0632\\u0646\\u0643-1652980585.jpg\"]', NULL, NULL, '2029-01-08', NULL, 0, 0, '2022-05-19 21:16:25', '2022-05-19 21:16:25'),
(830, 22, 54, 80, 40, 2, 'ماتشو سال', '0', '[\"uploads\\/orders\\/ \\u0633\\u0627\\u0644-1652980622.jpg\"]', NULL, NULL, '2029-11-06', NULL, 0, 0, '2022-05-19 21:17:02', '2022-05-19 21:17:02'),
(831, 22, 54, 80, 40, 2, 'ماتشو فوس', '0', '[\"uploads\\/orders\\/ \\u0641\\u0648\\u0633-1652980660.jpg\"]', NULL, NULL, '2028-11-04', NULL, 0, 0, '2022-05-19 21:17:40', '2022-05-19 21:17:40'),
(832, 22, 54, 80, 40, 2, 'ماتشو فيلم', 'مادة ناشرة', '[\"uploads\\/orders\\/ \\u0641\\u064a\\u0644\\u0645-1652980712.jpg\"]', NULL, NULL, '2028-10-23', NULL, 0, 0, '2022-05-19 21:18:32', '2022-05-19 21:20:10'),
(833, 22, 54, 80, 40, 2, 'ماتشو كالسيوم', '0', '[\"uploads\\/orders\\/ \\u0643\\u0627\\u0644\\u0633\\u064a\\u0648\\u0645-1652980852.jpg\"]', NULL, NULL, '2028-11-11', NULL, 0, 0, '2022-05-19 21:20:52', '2022-05-19 21:20:52'),
(834, 22, 54, 80, 40, 2, 'ماتشو كوبر', '0', '[\"uploads\\/orders\\/ \\u0643\\u0648\\u0628\\u0631-1652980904.jpg\"]', NULL, NULL, '2029-11-06', NULL, 0, 0, '2022-05-19 21:21:44', '2022-05-19 21:21:44'),
(835, 22, 54, 80, 40, 2, 'ماتشو كي 2', '0', '[\"uploads\\/orders\\/ \\u0643\\u0649 20-1652980954.jpg\"]', NULL, NULL, '2028-11-04', NULL, 0, 0, '2022-05-19 21:22:34', '2022-05-19 21:22:34'),
(836, 22, 54, 80, 40, 2, 'ماتشو منجنيز 13%', '0', '[\"uploads\\/orders\\/ \\u0645\\u0646\\u062c\\u0646\\u064a\\u0632-1652981000.jpg\"]', NULL, NULL, '2029-01-08', NULL, 0, 0, '2022-05-19 21:23:20', '2022-05-19 21:23:20'),
(837, 22, 54, 80, 40, 1, 'ماتشو هيومكa', '0', '[\"uploads\\/orders\\/ \\u0647\\u064a\\u0648\\u0645\\u064a\\u0643-1652981051.jpg\"]', NULL, NULL, NULL, NULL, 0, 0, '2022-05-19 21:24:11', '2022-05-22 10:35:36'),
(838, 23, 48, 149, 1, 2, 'مركب جديد', 'kdasjkldakldaskdasklda', '[\"uploads\\/orders\\/;;;-1653230645.jpg\",\"uploads\\/orders\\/1 Will and Going to-1653230645.jpg\",\"uploads\\/orders\\/1 Will and Going tocc-1653230645.jpg\"]', NULL, NULL, '2022-04-30', '2022-05-01', 0, 0, '2022-05-22 12:44:05', '2022-05-22 13:03:31'),
(839, 23, 48, 149, 1, 1, 'al', 'as;ldkas;ldkasldas;kldas;kldask;ldas;kldas;dkas;dkas;lkd;asdaks;ld', NULL, NULL, NULL, NULL, NULL, 0, 1, '2022-05-25 09:18:29', '2022-05-25 09:25:34'),
(840, 24, 38, 149, 1, 1, 'das', 'daskda;lsdklasdjklasklasldjaskljasdklas', NULL, NULL, NULL, NULL, NULL, 0, 1, '2022-05-25 09:19:08', '2022-05-25 09:19:08');

-- --------------------------------------------------------

--
-- Table structure for table `orders_histories`
--

CREATE TABLE `orders_histories` (
  `id` bigint(20) UNSIGNED NOT NULL,
  `order_id` bigint(20) UNSIGNED NOT NULL,
  `user_id` bigint(20) UNSIGNED NOT NULL,
  `status_id` bigint(20) UNSIGNED NOT NULL,
  `created_at` timestamp NULL DEFAULT NULL,
  `updated_at` timestamp NULL DEFAULT NULL
) ENGINE=InnoDB DEFAULT CHARSET=utf8mb4 COLLATE=utf8mb4_unicode_ci;

--
-- Dumping data for table `orders_histories`
--

INSERT INTO `orders_histories` (`id`, `order_id`, `user_id`, `status_id`, `created_at`, `updated_at`) VALUES
(1, 837, 1, 1, '2022-05-22 10:33:59', '2022-05-22 10:33:59'),
(2, 837, 1, 1, '2022-05-22 10:35:36', '2022-05-22 10:35:36'),
(3, 838, 1, 2, '2022-05-22 13:02:43', '2022-05-22 13:02:43'),
(4, 838, 1, 2, '2022-05-22 13:03:31', '2022-05-22 13:03:31'),
(5, 839, 1, 1, '2022-05-25 09:25:35', '2022-05-25 09:25:35');

-- --------------------------------------------------------

--
-- Table structure for table `orders_under_work`
--

CREATE TABLE `orders_under_work` (
  `id` bigint(20) UNSIGNED NOT NULL,
  `category_id` bigint(20) UNSIGNED NOT NULL,
  `sub_category_id` bigint(20) UNSIGNED DEFAULT NULL,
  `customer_id` bigint(20) UNSIGNED NOT NULL,
  `status_id` bigint(20) UNSIGNED NOT NULL,
  `sender_name` varchar(255) COLLATE utf8mb4_unicode_ci NOT NULL,
  `sender_phone` varchar(255) COLLATE utf8mb4_unicode_ci NOT NULL,
  `name` varchar(225) COLLATE utf8mb4_unicode_ci NOT NULL,
  `details` text COLLATE utf8mb4_unicode_ci DEFAULT NULL,
  `files` text COLLATE utf8mb4_unicode_ci DEFAULT NULL,
  `reason` text COLLATE utf8mb4_unicode_ci DEFAULT NULL,
  `created_at` timestamp NULL DEFAULT NULL,
  `updated_at` timestamp NULL DEFAULT NULL
) ENGINE=InnoDB DEFAULT CHARSET=utf8mb4 COLLATE=utf8mb4_unicode_ci;

--
-- Dumping data for table `orders_under_work`
--

INSERT INTO `orders_under_work` (`id`, `category_id`, `sub_category_id`, `customer_id`, `status_id`, `sender_name`, `sender_phone`, `name`, `details`, `files`, `reason`, `created_at`, `updated_at`) VALUES
(39, 21, 58, 34, 5, '', '', 'تكلو', 'مطلوب عمل بطاقة استدلاليه\r\nالعبوات المطلوبة', '[\"uploads\\/orders_under_work\\/SAC-1652263742.jpeg\"]', 'العبوات المطلوبة والشركة المستوردة', '2022-05-11 14:09:02', '2022-05-11 14:53:58'),
(40, 23, 48, 34, 5, '', '', 'كورنر', 'مطلوب عمل موافقه', '[\"uploads\\/orders_under_work\\/SAC-1652263812.jpeg\"]', 'موجود ملف مسجل  بنفس الاسم', '2022-05-11 14:10:12', '2022-05-11 14:12:11'),
(41, 23, 50, 34, 4, '', '', 'اوت اوت', 'مطلوب افراج لاوت اوت', '[\"uploads\\/orders_under_work\\/PI-legalization fee for Fipronil, Beta-cyflutrhin and Imidacloprid TC-1652264385.pdf\"]', NULL, '2022-05-11 14:19:45', '2022-05-11 14:20:37'),
(44, 21, 34, 34, 5, '', '', 'تكلو', 'هل تم تقديم الموافقة ؟', NULL, 'لم يطلب', '2022-05-19 14:36:07', '2022-05-19 14:43:31'),
(45, 22, 35, 149, 6, 'راسل جديد', '015640560456', 'مركب مطلوب اثباته', 'مشسنيتشسنيشسنميشستنميشس', NULL, NULL, '2022-05-21 15:28:01', '2022-05-21 15:28:01'),
(46, 23, 48, 149, 5, 'mohamed', '0564056456', 'asda', 'asdasfasfafasfasfafaafasfasfasfasasfasfas', NULL, 'asfasfasfasfa', '2022-05-22 09:51:29', '2022-05-22 10:09:21');

-- --------------------------------------------------------

--
-- Table structure for table `orders_under_work_histories`
--

CREATE TABLE `orders_under_work_histories` (
  `id` bigint(20) UNSIGNED NOT NULL,
  `order_id` bigint(20) UNSIGNED NOT NULL,
  `user_id` bigint(20) UNSIGNED NOT NULL,
  `status_id` bigint(20) UNSIGNED NOT NULL,
  `created_at` timestamp NULL DEFAULT NULL,
  `updated_at` timestamp NULL DEFAULT NULL
) ENGINE=InnoDB DEFAULT CHARSET=utf8mb4 COLLATE=utf8mb4_unicode_ci;

--
-- Dumping data for table `orders_under_work_histories`
--

INSERT INTO `orders_under_work_histories` (`id`, `order_id`, `user_id`, `status_id`, `created_at`, `updated_at`) VALUES
(1, 46, 1, 4, '2022-05-22 09:53:53', '2022-05-22 09:53:53'),
(2, 46, 1, 5, '2022-05-22 10:09:21', '2022-05-22 10:09:21');

-- --------------------------------------------------------

--
-- Table structure for table `orders_under_work_viewers`
--

CREATE TABLE `orders_under_work_viewers` (
  `id` bigint(20) UNSIGNED NOT NULL,
  `order_under_work_id` bigint(20) UNSIGNED NOT NULL,
  `user_id` bigint(20) UNSIGNED NOT NULL,
  `viewed` tinyint(1) NOT NULL,
  `created_at` timestamp NULL DEFAULT NULL,
  `updated_at` timestamp NULL DEFAULT NULL
) ENGINE=InnoDB DEFAULT CHARSET=utf8mb4 COLLATE=utf8mb4_unicode_ci;

--
-- Dumping data for table `orders_under_work_viewers`
--

INSERT INTO `orders_under_work_viewers` (`id`, `order_under_work_id`, `user_id`, `viewed`, `created_at`, `updated_at`) VALUES
(50, 40, 44, 1, '2022-05-11 14:11:07', '2022-05-11 14:16:13'),
(51, 40, 41, 1, '2022-05-11 14:12:09', '2022-05-11 14:13:09'),
(52, 40, 1, 1, '2022-05-11 14:15:37', '2022-05-11 14:15:37'),
(53, 39, 1, 1, '2022-05-11 14:15:40', '2022-05-11 21:28:53'),
(54, 41, 41, 1, '2022-05-11 14:20:17', '2022-05-18 16:35:43'),
(55, 41, 34, 0, '2022-05-11 14:21:17', '2022-05-16 22:41:10'),
(56, 39, 37, 1, '2022-05-11 14:40:53', '2022-05-11 14:54:16'),
(57, 39, 34, 1, '2022-05-11 14:57:56', '2022-05-11 14:57:56'),
(58, 41, 1, 1, '2022-05-11 21:28:57', '2022-05-17 21:46:29'),
(59, 40, 34, 1, '2022-05-11 22:03:50', '2022-05-11 22:03:50'),
(62, 41, 44, 1, '2022-05-15 01:18:59', '2022-05-17 00:59:52'),
(64, 39, 43, 1, '2022-05-17 21:59:04', '2022-05-17 21:59:04'),
(65, 44, 43, 0, '2022-05-19 14:42:47', '2022-05-19 14:43:31'),
(66, 46, 1, 1, '2022-05-22 10:02:30', '2022-05-22 10:09:59'),
(67, 46, 149, 0, '2022-05-22 10:05:25', '2022-05-22 10:09:21');

-- --------------------------------------------------------

--
-- Table structure for table `orders_view`
--

CREATE TABLE `orders_view` (
  `id` bigint(20) UNSIGNED NOT NULL,
  `order_id` bigint(20) UNSIGNED NOT NULL,
  `user_id` bigint(20) UNSIGNED NOT NULL,
  `viewed` tinyint(1) NOT NULL,
  `created_at` timestamp NULL DEFAULT NULL,
  `updated_at` timestamp NULL DEFAULT NULL
) ENGINE=InnoDB DEFAULT CHARSET=utf8mb4 COLLATE=utf8mb4_unicode_ci;

--
-- Dumping data for table `orders_view`
--

INSERT INTO `orders_view` (`id`, `order_id`, `user_id`, `viewed`, `created_at`, `updated_at`) VALUES
(65, 87, 41, 1, '2022-05-11 12:49:03', '2022-05-16 18:46:36'),
(66, 88, 37, 1, '2022-05-11 12:52:20', '2022-05-11 13:04:20'),
(67, 90, 1, 1, '2022-05-11 13:03:24', '2022-05-11 14:14:34'),
(68, 86, 41, 1, '2022-05-11 13:03:57', '2022-05-16 18:46:48'),
(69, 91, 1, 1, '2022-05-11 13:04:07', '2022-05-11 13:04:07'),
(70, 91, 34, 1, '2022-05-11 14:13:18', '2022-05-11 14:13:18'),
(71, 90, 34, 1, '2022-05-11 14:13:35', '2022-05-11 14:13:35'),
(72, 87, 44, 1, '2022-05-11 14:13:45', '2022-05-11 14:13:45'),
(73, 89, 34, 1, '2022-05-11 14:13:45', '2022-05-11 14:13:45'),
(74, 88, 34, 1, '2022-05-11 14:14:12', '2022-05-11 14:14:12'),
(75, 87, 34, 1, '2022-05-11 14:14:15', '2022-05-11 14:14:15'),
(76, 89, 1, 1, '2022-05-11 14:14:43', '2022-05-11 14:14:43'),
(77, 86, 44, 1, '2022-05-11 14:15:07', '2022-05-11 14:15:07'),
(78, 88, 1, 1, '2022-05-11 14:15:30', '2022-05-11 14:15:30'),
(79, 87, 1, 1, '2022-05-11 14:15:33', '2022-05-11 14:15:33'),
(80, 86, 1, 1, '2022-05-11 14:15:35', '2022-05-11 14:15:35'),
(81, 91, 37, 1, '2022-05-11 14:40:36', '2022-05-11 14:40:36'),
(82, 90, 37, 1, '2022-05-11 14:40:45', '2022-05-16 21:37:55'),
(83, 89, 37, 1, '2022-05-11 14:40:49', '2022-05-11 14:40:49'),
(84, 92, 45, 1, '2022-05-11 19:29:21', '2022-05-11 19:29:21'),
(85, 93, 40, 1, '2022-05-11 21:13:00', '2022-05-11 21:13:00'),
(86, 92, 40, 1, '2022-05-11 21:13:09', '2022-05-11 21:13:09'),
(87, 93, 1, 1, '2022-05-11 21:28:33', '2022-05-11 21:28:33'),
(88, 92, 1, 1, '2022-05-11 21:28:47', '2022-05-11 21:28:47'),
(89, 94, 40, 1, '2022-05-11 21:37:54', '2022-05-11 21:37:54'),
(90, 93, 34, 1, '2022-05-11 21:42:05', '2022-05-11 21:42:05'),
(91, 95, 34, 1, '2022-05-11 21:46:12', '2022-05-11 21:46:12'),
(92, 94, 34, 1, '2022-05-11 21:59:20', '2022-05-11 21:59:20'),
(93, 92, 34, 1, '2022-05-11 22:03:43', '2022-05-11 22:03:43'),
(94, 86, 34, 1, '2022-05-11 22:03:47', '2022-05-11 22:03:47'),
(95, 95, 40, 1, '2022-05-12 00:40:58', '2022-05-12 00:40:58'),
(96, 97, 1, 1, '2022-05-12 17:33:40', '2022-05-12 17:33:40'),
(97, 97, 34, 1, '2022-05-12 17:34:59', '2022-05-12 17:34:59'),
(98, 97, 42, 1, '2022-05-12 17:36:47', '2022-05-12 17:36:47'),
(99, 98, 42, 1, '2022-05-12 17:42:42', '2022-05-12 17:42:42'),
(100, 108, 37, 1, '2022-05-12 18:36:04', '2022-05-12 18:36:04'),
(101, 110, 45, 1, '2022-05-12 18:41:40', '2022-05-12 18:41:40'),
(102, 114, 37, 1, '2022-05-12 19:53:21', '2022-05-12 19:53:21'),
(103, 126, 37, 1, '2022-05-12 19:53:24', '2022-05-12 19:53:24'),
(104, 125, 37, 1, '2022-05-12 19:53:27', '2022-05-12 19:53:27'),
(105, 124, 37, 1, '2022-05-12 19:53:30', '2022-05-12 19:53:30'),
(106, 123, 37, 1, '2022-05-12 19:53:33', '2022-05-12 19:53:33'),
(107, 122, 37, 1, '2022-05-12 19:53:36', '2022-05-12 19:53:36'),
(108, 121, 37, 1, '2022-05-12 19:53:39', '2022-05-12 19:53:39'),
(109, 120, 37, 1, '2022-05-12 19:53:41', '2022-05-12 19:53:41'),
(110, 119, 37, 1, '2022-05-12 19:53:43', '2022-05-12 19:53:43'),
(111, 118, 37, 1, '2022-05-12 19:53:46', '2022-05-12 19:53:46'),
(112, 117, 37, 1, '2022-05-12 19:53:47', '2022-05-12 19:53:47'),
(113, 111, 37, 1, '2022-05-12 19:53:51', '2022-05-12 19:53:51'),
(114, 126, 1, 1, '2022-05-13 11:13:48', '2022-05-13 11:13:48'),
(115, 98, 1, 1, '2022-05-13 11:14:40', '2022-05-13 11:14:40'),
(116, 125, 1, 1, '2022-05-13 11:21:07', '2022-05-13 11:21:07'),
(117, 124, 1, 1, '2022-05-13 11:21:27', '2022-05-13 11:21:27'),
(118, 123, 1, 1, '2022-05-13 11:21:43', '2022-05-13 11:21:43'),
(119, 122, 1, 1, '2022-05-13 11:21:51', '2022-05-13 11:21:51'),
(120, 121, 1, 1, '2022-05-13 11:22:04', '2022-05-13 11:22:04'),
(121, 120, 1, 1, '2022-05-13 11:22:17', '2022-05-13 11:22:17'),
(122, 119, 1, 1, '2022-05-13 11:22:41', '2022-05-13 11:22:41'),
(123, 118, 1, 1, '2022-05-13 11:23:03', '2022-05-13 11:23:03'),
(124, 117, 1, 1, '2022-05-13 11:23:32', '2022-05-13 11:23:32'),
(125, 116, 1, 1, '2022-05-13 11:23:40', '2022-05-13 11:26:05'),
(126, 115, 1, 1, '2022-05-13 11:26:10', '2022-05-18 23:35:46'),
(127, 114, 1, 1, '2022-05-13 11:28:40', '2022-05-13 11:28:40'),
(128, 113, 1, 1, '2022-05-13 11:28:57', '2022-05-16 17:17:04'),
(129, 112, 1, 1, '2022-05-13 11:29:41', '2022-05-13 11:29:41'),
(130, 111, 1, 1, '2022-05-13 11:29:46', '2022-05-13 11:29:46'),
(131, 110, 1, 1, '2022-05-13 11:29:52', '2022-05-13 11:29:52'),
(132, 109, 1, 1, '2022-05-13 11:29:59', '2022-05-13 11:29:59'),
(133, 108, 1, 1, '2022-05-13 11:30:07', '2022-05-13 11:30:07'),
(134, 107, 1, 1, '2022-05-13 11:30:15', '2022-05-13 11:30:15'),
(135, 106, 1, 1, '2022-05-13 11:31:15', '2022-05-18 23:54:43'),
(136, 105, 1, 1, '2022-05-13 11:31:56', '2022-05-13 11:31:56'),
(137, 104, 1, 1, '2022-05-13 11:32:03', '2022-05-18 23:44:35'),
(138, 103, 1, 1, '2022-05-13 11:32:37', '2022-05-18 23:45:38'),
(139, 102, 1, 0, '2022-05-13 11:33:13', '2022-05-17 18:48:35'),
(140, 101, 1, 1, '2022-05-13 11:33:19', '2022-05-13 11:33:19'),
(141, 100, 1, 1, '2022-05-13 11:33:26', '2022-05-13 11:33:26'),
(142, 99, 1, 1, '2022-05-13 11:33:29', '2022-05-13 11:33:29'),
(143, 95, 1, 1, '2022-05-13 11:33:33', '2022-05-13 11:33:33'),
(144, 94, 1, 1, '2022-05-13 11:33:50', '2022-05-13 11:33:50'),
(145, 116, 45, 1, '2022-05-14 00:58:18', '2022-05-14 00:58:18'),
(146, 115, 45, 0, '2022-05-14 00:58:58', '2022-05-18 23:35:15'),
(147, 103, 45, 0, '2022-05-14 01:00:52', '2022-05-15 17:56:53'),
(148, 113, 45, 0, '2022-05-15 17:38:17', '2022-05-15 17:52:36'),
(149, 113, 34, 0, '2022-05-15 17:49:21', '2022-05-15 17:52:36'),
(150, 127, 37, 1, '2022-05-15 18:56:39', '2022-05-15 18:56:39'),
(151, 132, 1, 1, '2022-05-16 17:06:44', '2022-05-16 17:06:44'),
(153, 142, 45, 1, '2022-05-16 17:51:14', '2022-05-16 17:51:14'),
(154, 143, 45, 1, '2022-05-16 17:51:22', '2022-05-16 17:51:22'),
(155, 150, 45, 1, '2022-05-16 18:18:50', '2022-05-16 18:18:50'),
(156, 144, 45, 1, '2022-05-16 18:19:28', '2022-05-16 18:19:28'),
(157, 149, 45, 1, '2022-05-16 18:19:41', '2022-05-16 18:19:41'),
(158, 152, 1, 1, '2022-05-16 20:43:54', '2022-05-16 20:43:54'),
(160, 137, 1, 1, '2022-05-16 21:04:28', '2022-05-16 21:05:29'),
(161, 154, 1, 1, '2022-05-16 21:09:01', '2022-05-16 21:09:01'),
(162, 155, 1, 1, '2022-05-16 21:09:11', '2022-05-16 21:09:11'),
(163, 153, 1, 1, '2022-05-16 21:09:35', '2022-05-16 21:09:35'),
(164, 135, 37, 1, '2022-05-16 21:36:58', '2022-05-16 21:36:58'),
(165, 136, 37, 1, '2022-05-16 21:37:09', '2022-05-16 21:37:09'),
(166, 156, 37, 1, '2022-05-16 21:37:24', '2022-05-16 21:37:24'),
(167, 155, 37, 1, '2022-05-16 21:37:25', '2022-05-16 21:37:25'),
(168, 154, 37, 1, '2022-05-16 21:37:27', '2022-05-16 21:37:27'),
(169, 153, 37, 1, '2022-05-16 21:37:28', '2022-05-16 21:37:28'),
(170, 152, 37, 1, '2022-05-16 21:37:30', '2022-05-16 21:37:30'),
(171, 151, 37, 1, '2022-05-16 21:37:32', '2022-05-16 21:37:32'),
(172, 140, 37, 1, '2022-05-16 21:37:33', '2022-05-16 21:37:33'),
(173, 139, 37, 1, '2022-05-16 21:37:35', '2022-05-16 21:37:35'),
(174, 137, 37, 1, '2022-05-16 21:37:36', '2022-05-16 21:37:36'),
(175, 134, 37, 1, '2022-05-16 21:37:38', '2022-05-16 21:37:38'),
(176, 133, 37, 1, '2022-05-16 21:37:40', '2022-05-16 21:37:40'),
(177, 132, 37, 1, '2022-05-16 21:37:42', '2022-05-16 21:37:42'),
(178, 131, 37, 1, '2022-05-16 21:37:43', '2022-05-16 21:37:43'),
(179, 130, 37, 1, '2022-05-16 21:37:46', '2022-05-16 21:37:46'),
(180, 129, 37, 1, '2022-05-16 21:37:47', '2022-05-16 21:37:47'),
(181, 128, 37, 1, '2022-05-16 21:37:52', '2022-05-16 21:37:52'),
(182, 156, 1, 1, '2022-05-16 22:29:43', '2022-05-16 22:29:43'),
(183, 157, 42, 1, '2022-05-17 15:37:45', '2022-05-17 15:37:45'),
(184, 173, 45, 1, '2022-05-17 18:01:59', '2022-05-17 18:01:59'),
(185, 177, 43, 0, '2022-05-17 18:37:09', '2022-05-17 18:37:44'),
(186, 178, 43, 0, '2022-05-17 18:40:00', '2022-05-17 18:41:27'),
(187, 179, 1, 1, '2022-05-17 18:44:02', '2022-05-17 18:44:02'),
(188, 180, 43, 1, '2022-05-17 18:44:36', '2022-05-17 18:45:34'),
(189, 181, 40, 0, '2022-05-17 18:47:53', '2022-05-17 18:49:47'),
(190, 182, 43, 0, '2022-05-17 18:48:08', '2022-05-17 18:50:51'),
(191, 191, 45, 1, '2022-05-17 18:54:49', '2022-05-17 18:54:49'),
(192, 189, 45, 1, '2022-05-17 18:55:07', '2022-05-17 18:55:07'),
(193, 192, 40, 1, '2022-05-17 18:55:27', '2022-05-17 19:07:19'),
(194, 188, 45, 1, '2022-05-17 18:55:34', '2022-05-17 18:55:34'),
(195, 185, 45, 1, '2022-05-17 18:55:53', '2022-05-17 18:55:53'),
(196, 183, 45, 1, '2022-05-17 18:56:09', '2022-05-17 18:56:09'),
(197, 193, 43, 1, '2022-05-17 18:57:21', '2022-05-17 18:59:12'),
(198, 195, 43, 1, '2022-05-17 19:01:22', '2022-05-17 19:01:22'),
(199, 196, 43, 1, '2022-05-17 19:03:31', '2022-05-17 19:03:31'),
(200, 190, 40, 1, '2022-05-17 19:05:18', '2022-05-17 19:05:18'),
(201, 197, 43, 1, '2022-05-17 19:05:32', '2022-05-17 19:05:32'),
(202, 206, 40, 1, '2022-05-17 19:13:56', '2022-05-17 19:13:56'),
(203, 235, 40, 1, '2022-05-17 19:32:38', '2022-05-17 19:32:38'),
(204, 241, 40, 1, '2022-05-17 19:40:19', '2022-05-17 19:40:19'),
(205, 243, 40, 0, '2022-05-17 19:40:34', '2022-05-17 19:41:27'),
(206, 242, 43, 1, '2022-05-17 19:41:13', '2022-05-17 19:41:13'),
(207, 253, 40, 1, '2022-05-17 19:51:05', '2022-05-17 19:54:43'),
(208, 266, 43, 1, '2022-05-17 20:01:56', '2022-05-17 20:01:56'),
(209, 285, 43, 1, '2022-05-17 20:15:19', '2022-05-17 20:15:19'),
(210, 322, 40, 1, '2022-05-17 20:39:57', '2022-05-17 20:48:20'),
(211, 343, 37, 1, '2022-05-17 21:22:22', '2022-05-17 21:22:22'),
(212, 344, 37, 1, '2022-05-17 21:22:54', '2022-05-17 21:22:54'),
(213, 321, 40, 1, '2022-05-17 21:25:56', '2022-05-17 21:25:56'),
(214, 353, 1, 1, '2022-05-18 11:57:16', '2022-05-18 11:57:16'),
(215, 352, 1, 1, '2022-05-18 11:57:32', '2022-05-18 11:57:32'),
(216, 350, 1, 1, '2022-05-18 11:57:44', '2022-05-18 11:57:44'),
(217, 351, 1, 1, '2022-05-18 11:57:56', '2022-05-18 11:57:56'),
(218, 349, 1, 1, '2022-05-18 11:58:07', '2022-05-18 11:58:07'),
(219, 348, 1, 1, '2022-05-18 11:58:18', '2022-05-18 11:58:18'),
(220, 347, 1, 1, '2022-05-18 11:58:27', '2022-05-18 11:58:27'),
(221, 346, 1, 1, '2022-05-18 11:58:40', '2022-05-18 11:58:40'),
(222, 345, 1, 1, '2022-05-18 11:59:00', '2022-05-18 11:59:00'),
(223, 344, 1, 1, '2022-05-18 11:59:29', '2022-05-18 11:59:29'),
(224, 343, 1, 1, '2022-05-18 11:59:35', '2022-05-18 11:59:35'),
(225, 342, 1, 1, '2022-05-18 11:59:48', '2022-05-18 11:59:48'),
(226, 341, 1, 1, '2022-05-18 11:59:57', '2022-05-18 11:59:57'),
(227, 340, 1, 1, '2022-05-18 12:00:09', '2022-05-18 12:00:09'),
(228, 339, 1, 1, '2022-05-18 12:00:17', '2022-05-18 12:00:17'),
(229, 338, 1, 1, '2022-05-18 12:00:29', '2022-05-18 12:00:29'),
(230, 337, 1, 1, '2022-05-18 12:00:34', '2022-05-18 12:00:34'),
(231, 336, 1, 1, '2022-05-18 12:00:40', '2022-05-18 12:00:40'),
(232, 335, 1, 1, '2022-05-18 12:00:48', '2022-05-18 12:00:48'),
(233, 334, 1, 1, '2022-05-18 12:00:51', '2022-05-18 12:00:51'),
(234, 333, 1, 1, '2022-05-18 12:00:55', '2022-05-18 12:00:55'),
(235, 332, 1, 1, '2022-05-18 12:00:57', '2022-05-18 12:00:57'),
(236, 331, 1, 1, '2022-05-18 12:01:02', '2022-05-18 12:01:02'),
(237, 330, 1, 1, '2022-05-18 12:01:07', '2022-05-18 12:01:07'),
(238, 329, 1, 1, '2022-05-18 12:01:12', '2022-05-18 12:01:12'),
(239, 328, 1, 1, '2022-05-18 12:01:15', '2022-05-18 12:01:15'),
(240, 327, 1, 1, '2022-05-18 12:01:18', '2022-05-18 12:01:18'),
(241, 322, 1, 1, '2022-05-18 12:01:30', '2022-05-18 12:01:30'),
(242, 326, 1, 1, '2022-05-18 12:01:43', '2022-05-18 12:01:43'),
(243, 325, 1, 1, '2022-05-18 12:01:53', '2022-05-18 12:01:53'),
(244, 324, 1, 1, '2022-05-18 12:01:56', '2022-05-18 12:01:56'),
(245, 323, 1, 1, '2022-05-18 12:02:00', '2022-05-18 12:02:00'),
(246, 321, 1, 1, '2022-05-18 12:02:06', '2022-05-18 12:02:06'),
(247, 320, 1, 1, '2022-05-18 12:02:14', '2022-05-18 12:02:14'),
(248, 319, 1, 1, '2022-05-18 12:02:19', '2022-05-18 12:02:19'),
(249, 318, 1, 1, '2022-05-18 12:02:25', '2022-05-18 12:02:25'),
(250, 354, 40, 1, '2022-05-18 15:08:31', '2022-05-18 15:08:31'),
(251, 356, 40, 1, '2022-05-18 15:16:41', '2022-05-18 15:16:41'),
(252, 400, 41, 0, '2022-05-18 16:34:35', '2022-05-18 17:27:18'),
(253, 392, 41, 1, '2022-05-18 16:35:33', '2022-05-18 16:35:33'),
(254, 423, 40, 1, '2022-05-18 16:52:27', '2022-05-18 16:52:27'),
(255, 422, 1, 1, '2022-05-18 16:55:17', '2022-05-18 16:55:17'),
(256, 419, 1, 0, '2022-05-18 16:56:15', '2022-05-18 16:57:54'),
(257, 457, 1, 1, '2022-05-18 18:02:49', '2022-05-18 18:02:49'),
(258, 457, 34, 1, '2022-05-18 18:04:57', '2022-05-18 18:04:57'),
(259, 464, 41, 1, '2022-05-18 18:19:37', '2022-05-18 18:19:37'),
(260, 457, 41, 1, '2022-05-18 18:30:37', '2022-05-18 18:30:37'),
(261, 470, 44, 1, '2022-05-18 18:42:50', '2022-05-18 18:42:50'),
(262, 475, 46, 1, '2022-05-18 18:48:19', '2022-05-18 18:48:19'),
(263, 473, 46, 1, '2022-05-18 18:48:50', '2022-05-18 18:48:50'),
(264, 499, 44, 1, '2022-05-18 19:16:35', '2022-05-18 19:16:35'),
(265, 496, 46, 1, '2022-05-18 19:18:16', '2022-05-18 19:18:16'),
(266, 504, 46, 1, '2022-05-18 19:21:26', '2022-05-18 19:21:26'),
(267, 542, 43, 1, '2022-05-18 19:50:51', '2022-05-18 19:50:51'),
(268, 115, 34, 0, '2022-05-18 23:34:36', '2022-05-18 23:35:15'),
(269, 591, 46, 1, '2022-05-19 14:08:21', '2022-05-19 14:09:51'),
(270, 589, 46, 1, '2022-05-19 14:08:53', '2022-05-19 14:08:53'),
(271, 590, 46, 1, '2022-05-19 14:09:05', '2022-05-19 14:09:05'),
(272, 470, 46, 1, '2022-05-19 14:20:12', '2022-05-19 14:20:12'),
(273, 601, 46, 1, '2022-05-19 14:38:43', '2022-05-19 14:38:43'),
(274, 135, 34, 1, '2022-05-19 14:39:11', '2022-05-19 14:39:11'),
(275, 600, 46, 1, '2022-05-19 14:39:12', '2022-05-19 14:39:12'),
(276, 121, 34, 1, '2022-05-19 14:39:56', '2022-05-19 14:39:56'),
(277, 598, 43, 1, '2022-05-19 14:41:38', '2022-05-19 14:41:38'),
(278, 581, 43, 1, '2022-05-19 14:41:42', '2022-05-19 14:41:42'),
(279, 603, 46, 0, '2022-05-19 14:48:02', '2022-05-19 15:50:12'),
(280, 98, 34, 1, '2022-05-19 14:53:05', '2022-05-19 14:53:05'),
(281, 597, 37, 1, '2022-05-19 14:53:06', '2022-05-19 14:53:06'),
(282, 603, 37, 0, '2022-05-19 14:53:30', '2022-05-19 15:50:12'),
(283, 353, 37, 1, '2022-05-19 14:53:58', '2022-05-19 14:53:58'),
(284, 581, 37, 1, '2022-05-19 14:55:27', '2022-05-19 14:55:27'),
(285, 604, 37, 1, '2022-05-19 15:05:35', '2022-05-19 15:05:35'),
(286, 603, 1, 0, '2022-05-19 15:08:42', '2022-05-19 15:50:12'),
(287, 597, 1, 1, '2022-05-19 15:10:30', '2022-05-19 15:10:30'),
(288, 595, 1, 1, '2022-05-19 15:10:53', '2022-05-19 15:10:53'),
(289, 602, 46, 0, '2022-05-19 15:22:06', '2022-05-19 15:49:15'),
(290, 597, 46, 1, '2022-05-19 15:24:15', '2022-05-19 15:24:15'),
(291, 611, 46, 1, '2022-05-19 15:53:07', '2022-05-19 15:53:07'),
(292, 612, 46, 0, '2022-05-19 15:56:27', '2022-05-19 15:56:42'),
(293, 619, 46, 1, '2022-05-19 16:12:07', '2022-05-19 16:12:07'),
(294, 627, 46, 0, '2022-05-19 16:22:38', '2022-05-19 16:23:03'),
(295, 631, 46, 1, '2022-05-19 16:31:52', '2022-05-19 16:31:52'),
(296, 632, 46, 0, '2022-05-19 16:35:57', '2022-05-19 16:36:33'),
(297, 637, 46, 1, '2022-05-19 16:57:28', '2022-05-19 16:57:28'),
(298, 636, 46, 0, '2022-05-19 17:09:00', '2022-05-19 17:09:50'),
(299, 648, 46, 1, '2022-05-19 17:17:27', '2022-05-19 17:17:27'),
(300, 653, 44, 1, '2022-05-19 19:00:48', '2022-05-19 19:00:48'),
(301, 508, 44, 1, '2022-05-19 19:01:45', '2022-05-19 19:01:45'),
(302, 583, 44, 1, '2022-05-19 19:05:31', '2022-05-19 19:05:31'),
(303, 747, 43, 1, '2022-05-19 19:34:01', '2022-05-19 19:34:01'),
(304, 837, 1, 1, '2022-05-22 10:36:48', '2022-05-22 10:36:48'),
(305, 840, 149, 1, '2022-05-25 09:22:59', '2022-05-25 09:22:59'),
(306, 839, 149, 0, '2022-05-25 09:25:03', '2022-05-25 09:25:35');

-- --------------------------------------------------------

--
-- Table structure for table `password_resets`
--

CREATE TABLE `password_resets` (
  `email` varchar(225) COLLATE utf8mb4_unicode_ci NOT NULL,
  `token` varchar(225) COLLATE utf8mb4_unicode_ci NOT NULL,
  `created_at` timestamp NULL DEFAULT NULL
) ENGINE=InnoDB DEFAULT CHARSET=utf8mb4 COLLATE=utf8mb4_unicode_ci;

-- --------------------------------------------------------

--
-- Table structure for table `permessions`
--

CREATE TABLE `permessions` (
  `id` bigint(20) UNSIGNED NOT NULL,
  `group_by` varchar(255) COLLATE utf8mb4_unicode_ci NOT NULL,
  `name` varchar(191) COLLATE utf8mb4_unicode_ci NOT NULL,
  `key` varchar(191) COLLATE utf8mb4_unicode_ci NOT NULL,
  `created_at` timestamp NULL DEFAULT NULL,
  `updated_at` timestamp NULL DEFAULT NULL
) ENGINE=InnoDB DEFAULT CHARSET=utf8mb4 COLLATE=utf8mb4_unicode_ci;

--
-- Dumping data for table `permessions`
--

INSERT INTO `permessions` (`id`, `group_by`, `name`, `key`, `created_at`, `updated_at`) VALUES
(34, 'الصلاحيات', 'عرض الكل', 'roles.index', '2022-02-11 16:29:31', '2022-02-11 16:29:31'),
(35, 'الصلاحيات', 'انشاء', 'roles.create', '2022-02-11 16:29:40', '2022-02-11 16:29:40'),
(36, 'الصلاحيات', 'تعديل', 'roles.edit', '2022-02-11 16:29:48', '2022-02-11 16:29:48'),
(37, 'الصلاحيات', 'ازالة', 'roles.destroy', '2022-02-11 16:29:56', '2022-02-11 16:29:56'),
(61, 'الأقسام', 'عرض الكل', 'categories.index', '2022-04-19 10:43:43', '2022-04-19 10:43:43'),
(62, 'الأقسام', 'انشاء', 'categories.create', '2022-04-19 10:43:53', '2022-04-19 10:43:53'),
(63, 'الأقسام', 'تعديل', 'categories.edit', '2022-04-19 10:44:00', '2022-04-19 10:44:00'),
(64, 'الأقسام', 'ازالة', 'categories.destroy', '2022-04-19 10:44:09', '2022-04-19 10:44:09'),
(65, 'الموظفين', 'عرض الكل', 'users.index', '2022-04-20 12:15:43', '2022-04-20 12:15:43'),
(66, 'الموظفين', 'انشاء', 'users.create', '2022-04-20 12:16:04', '2022-04-20 12:16:04'),
(67, 'الموظفين', 'تعديل', 'users.edit', '2022-04-20 12:16:11', '2022-04-20 12:16:11'),
(68, 'الموظفين', 'ازالة', 'users.destroy', '2022-04-20 12:16:18', '2022-04-20 12:16:18'),
(69, 'الشركات', 'عرض الكل', 'customers.index', '2022-04-20 12:16:57', '2022-04-20 12:16:57'),
(70, 'الشركات', 'انشاء', 'customers.create', '2022-04-20 12:17:08', '2022-04-20 12:17:08'),
(71, 'الشركات', 'تعديل', 'customers.edit', '2022-04-20 12:17:16', '2022-04-20 12:17:16'),
(72, 'الشركات', 'ازالة', 'customers.destroy', '2022-04-20 12:17:26', '2022-04-20 12:17:26'),
(73, 'رصيد الشركات', 'عرض الكل', 'balances.index', '2022-04-20 12:17:56', '2022-04-20 12:17:56'),
(74, 'رصيد الشركات', 'انشاء', 'balances.create', '2022-04-20 12:18:06', '2022-04-20 12:18:06'),
(75, 'رصيد الشركات', 'تعديل', 'balances.edit', '2022-04-20 12:18:13', '2022-04-20 12:18:13'),
(76, 'رصيد الشركات', 'ازالة', 'balances.destroy', '2022-04-20 12:18:22', '2022-04-20 12:18:22'),
(77, 'الأعدادات العامة', 'الأعدادات العامة', 'settings.edit', '2022-04-20 13:56:56', '2022-04-20 13:56:56'),
(78, 'الطلبات', 'عرض الكل', 'orders.index', '2022-04-21 08:38:55', '2022-04-21 08:38:55'),
(79, 'الطلبات', 'انشاء', 'orders.create', '2022-04-21 08:39:06', '2022-04-21 08:39:06'),
(80, 'الطلبات', 'تعديل', 'orders.edit', '2022-04-21 08:39:13', '2022-04-21 08:39:13'),
(81, 'الطلبات', 'ازالة', 'orders.destroy', '2022-04-21 08:39:23', '2022-04-21 08:39:23'),
(82, 'الطلبات', 'اظهار', 'orders.show', '2022-04-21 13:46:55', '2022-04-21 13:46:55'),
(85, 'الرسائل', 'عرض الكل', 'orders_under_work.index', '2022-04-22 00:41:56', '2022-04-22 00:41:56'),
(86, 'الرسائل', 'ازالة', 'orders_under_work.destroy', '2022-04-22 00:42:37', '2022-04-22 00:42:37'),
(88, 'الرسائل', 'اظهار', 'orders_under_work.show', '2022-04-23 10:17:50', '2022-04-23 10:17:50'),
(89, 'الأخبار', 'عرض الكل', 'news.index', '2022-04-23 22:27:30', '2022-04-23 22:27:30'),
(90, 'الأخبار', 'انشاء', 'news.create', '2022-04-23 22:27:42', '2022-04-23 22:27:42'),
(91, 'الأخبار', 'تعديل', 'news.edit', '2022-04-23 22:27:53', '2022-04-23 22:27:53'),
(92, 'الأخبار', 'ازالة', 'news.destroy', '2022-04-23 22:28:01', '2022-04-23 22:28:01'),
(93, 'الأخبار', 'اظهار', 'news.show', '2022-04-24 00:10:14', '2022-04-24 00:10:14'),
(94, 'الأستفسارات', 'عرض الكل', 'inquires.index', '2022-04-25 13:10:15', '2022-04-25 13:10:15'),
(95, 'الأستفسارات', 'اظهار', 'inquires.show', '2022-04-25 13:11:03', '2022-04-25 13:11:03'),
(96, 'الأستفسارات', 'ازالة', 'inquires.destroy', '2022-04-25 13:11:24', '2022-04-25 13:11:24'),
(97, 'الأستفسارات', 'تعديل', 'inquires.edit', '2022-04-25 13:14:32', '2022-04-25 13:14:32'),
(99, 'الرسائل', 'تعديل الحالات', 'orders_under_work.update_status', '2022-04-25 13:20:46', '2022-04-25 13:20:46'),
(100, 'الأستفسارات', 'اضافة الردود', 'inquires.update_reply', '2022-04-25 13:30:48', '2022-04-25 13:30:48'),
(101, 'الرسائل', 'تعديل', 'orders_under_work.edit', '2022-04-28 11:40:36', '2022-04-28 11:40:36'),
(102, 'الطلبات', 'صفحة تنبيهات الطلبات', 'orders.alerts.index', '2022-05-01 09:42:08', '2022-05-01 09:42:08'),
(104, 'الطلبات', 'تنبيهات التجديدات', 'orders.alerts.renovations', '2022-05-01 09:55:02', '2022-05-01 09:55:02'),
(105, 'الرسائل', 'التنبيهات اليومية', 'orders_under_work.alerts', '2022-05-01 10:29:32', '2022-05-01 10:29:32'),
(107, 'الرسائل', 'اظهار تواريخ التعديلات', 'orders_under_work.show_histories', '2022-05-22 10:06:57', '2022-05-22 10:06:57'),
(108, 'الأستفسارات', 'اظهار تواريخ التعديلات', 'inquires.show_histories', '2022-05-22 10:23:32', '2022-05-22 10:23:32'),
(109, 'الطلبات', 'اظهار تواريخ التعديلات', 'orders.show_histories', '2022-05-22 10:33:32', '2022-05-22 10:33:32');

-- --------------------------------------------------------

--
-- Table structure for table `roles`
--

CREATE TABLE `roles` (
  `id` bigint(20) UNSIGNED NOT NULL,
  `name` varchar(225) COLLATE utf8mb4_unicode_ci NOT NULL,
  `created_at` timestamp NULL DEFAULT NULL,
  `updated_at` timestamp NULL DEFAULT NULL
) ENGINE=InnoDB DEFAULT CHARSET=utf8mb4 COLLATE=utf8mb4_unicode_ci;

--
-- Dumping data for table `roles`
--

INSERT INTO `roles` (`id`, `name`, `created_at`, `updated_at`) VALUES
(13, 'مدير قسم', '2022-05-08 17:47:25', '2022-05-08 17:47:25'),
(14, 'مستخدم', '2022-05-08 21:14:46', '2022-05-08 21:14:46'),
(15, 'محاسب', '2022-05-08 21:16:40', '2022-05-08 21:16:40'),
(16, 'ٍSuper', '2022-05-11 13:16:51', '2022-05-11 13:16:51');

-- --------------------------------------------------------

--
-- Table structure for table `roles_permessions`
--

CREATE TABLE `roles_permessions` (
  `id` bigint(20) UNSIGNED NOT NULL,
  `role_id` bigint(20) UNSIGNED NOT NULL,
  `permession_id` bigint(20) UNSIGNED NOT NULL,
  `created_at` timestamp NULL DEFAULT NULL,
  `updated_at` timestamp NULL DEFAULT NULL
) ENGINE=InnoDB DEFAULT CHARSET=utf8mb4 COLLATE=utf8mb4_unicode_ci;

--
-- Dumping data for table `roles_permessions`
--

INSERT INTO `roles_permessions` (`id`, `role_id`, `permession_id`, `created_at`, `updated_at`) VALUES
(737, 14, 69, '2022-05-08 21:19:47', '2022-05-08 21:19:47'),
(738, 14, 70, '2022-05-08 21:19:47', '2022-05-08 21:19:47'),
(739, 14, 71, '2022-05-08 21:19:47', '2022-05-08 21:19:47'),
(740, 14, 78, '2022-05-08 21:19:47', '2022-05-08 21:19:47'),
(741, 14, 79, '2022-05-08 21:19:48', '2022-05-08 21:19:48'),
(742, 14, 80, '2022-05-08 21:19:48', '2022-05-08 21:19:48'),
(743, 14, 82, '2022-05-08 21:19:48', '2022-05-08 21:19:48'),
(744, 14, 102, '2022-05-08 21:19:48', '2022-05-08 21:19:48'),
(745, 14, 104, '2022-05-08 21:19:48', '2022-05-08 21:19:48'),
(746, 14, 85, '2022-05-08 21:19:48', '2022-05-08 21:19:48'),
(747, 14, 88, '2022-05-08 21:19:48', '2022-05-08 21:19:48'),
(748, 14, 99, '2022-05-08 21:19:48', '2022-05-08 21:19:48'),
(749, 14, 101, '2022-05-08 21:19:48', '2022-05-08 21:19:48'),
(750, 14, 105, '2022-05-08 21:19:48', '2022-05-08 21:19:48'),
(751, 14, 89, '2022-05-08 21:19:48', '2022-05-08 21:19:48'),
(752, 14, 93, '2022-05-08 21:19:48', '2022-05-08 21:19:48'),
(753, 14, 94, '2022-05-08 21:19:48', '2022-05-08 21:19:48'),
(754, 14, 95, '2022-05-08 21:19:48', '2022-05-08 21:19:48'),
(755, 14, 97, '2022-05-08 21:19:48', '2022-05-08 21:19:48'),
(756, 14, 100, '2022-05-08 21:19:48', '2022-05-08 21:19:48'),
(757, 13, 69, '2022-05-11 13:10:46', '2022-05-11 13:10:46'),
(758, 13, 70, '2022-05-11 13:10:46', '2022-05-11 13:10:46'),
(759, 13, 71, '2022-05-11 13:10:46', '2022-05-11 13:10:46'),
(760, 13, 78, '2022-05-11 13:10:46', '2022-05-11 13:10:46'),
(761, 13, 79, '2022-05-11 13:10:46', '2022-05-11 13:10:46'),
(762, 13, 80, '2022-05-11 13:10:46', '2022-05-11 13:10:46'),
(763, 13, 82, '2022-05-11 13:10:46', '2022-05-11 13:10:46'),
(764, 13, 102, '2022-05-11 13:10:46', '2022-05-11 13:10:46'),
(765, 13, 104, '2022-05-11 13:10:46', '2022-05-11 13:10:46'),
(766, 13, 85, '2022-05-11 13:10:46', '2022-05-11 13:10:46'),
(767, 13, 86, '2022-05-11 13:10:46', '2022-05-11 13:10:46'),
(768, 13, 88, '2022-05-11 13:10:46', '2022-05-11 13:10:46'),
(769, 13, 99, '2022-05-11 13:10:46', '2022-05-11 13:10:46'),
(770, 13, 101, '2022-05-11 13:10:46', '2022-05-11 13:10:46'),
(771, 13, 105, '2022-05-11 13:10:46', '2022-05-11 13:10:46'),
(772, 13, 89, '2022-05-11 13:10:46', '2022-05-11 13:10:46'),
(773, 13, 90, '2022-05-11 13:10:46', '2022-05-11 13:10:46'),
(774, 13, 91, '2022-05-11 13:10:46', '2022-05-11 13:10:46'),
(775, 13, 93, '2022-05-11 13:10:46', '2022-05-11 13:10:46'),
(776, 13, 94, '2022-05-11 13:10:46', '2022-05-11 13:10:46'),
(777, 13, 95, '2022-05-11 13:10:46', '2022-05-11 13:10:46'),
(778, 13, 97, '2022-05-11 13:10:46', '2022-05-11 13:10:46'),
(779, 13, 100, '2022-05-11 13:10:46', '2022-05-11 13:10:46'),
(835, 15, 69, '2022-05-18 18:37:05', '2022-05-18 18:37:05'),
(836, 15, 70, '2022-05-18 18:37:05', '2022-05-18 18:37:05'),
(837, 15, 71, '2022-05-18 18:37:05', '2022-05-18 18:37:05'),
(838, 15, 73, '2022-05-18 18:37:05', '2022-05-18 18:37:05'),
(839, 15, 74, '2022-05-18 18:37:05', '2022-05-18 18:37:05'),
(840, 15, 75, '2022-05-18 18:37:05', '2022-05-18 18:37:05'),
(841, 15, 78, '2022-05-18 18:37:05', '2022-05-18 18:37:05'),
(842, 15, 79, '2022-05-18 18:37:05', '2022-05-18 18:37:05'),
(843, 15, 80, '2022-05-18 18:37:05', '2022-05-18 18:37:05'),
(844, 15, 82, '2022-05-18 18:37:05', '2022-05-18 18:37:05'),
(845, 15, 102, '2022-05-18 18:37:05', '2022-05-18 18:37:05'),
(846, 15, 104, '2022-05-18 18:37:05', '2022-05-18 18:37:05'),
(847, 15, 89, '2022-05-18 18:37:05', '2022-05-18 18:37:05'),
(848, 15, 90, '2022-05-18 18:37:05', '2022-05-18 18:37:05'),
(849, 15, 91, '2022-05-18 18:37:05', '2022-05-18 18:37:05'),
(850, 15, 93, '2022-05-18 18:37:05', '2022-05-18 18:37:05'),
(894, 16, 34, '2022-05-28 08:41:26', '2022-05-28 08:41:26'),
(895, 16, 35, '2022-05-28 08:41:26', '2022-05-28 08:41:26'),
(896, 16, 36, '2022-05-28 08:41:26', '2022-05-28 08:41:26'),
(897, 16, 37, '2022-05-28 08:41:26', '2022-05-28 08:41:26'),
(898, 16, 61, '2022-05-28 08:41:26', '2022-05-28 08:41:26'),
(899, 16, 62, '2022-05-28 08:41:26', '2022-05-28 08:41:26'),
(900, 16, 63, '2022-05-28 08:41:26', '2022-05-28 08:41:26'),
(901, 16, 64, '2022-05-28 08:41:26', '2022-05-28 08:41:26'),
(902, 16, 65, '2022-05-28 08:41:26', '2022-05-28 08:41:26'),
(903, 16, 66, '2022-05-28 08:41:26', '2022-05-28 08:41:26'),
(904, 16, 67, '2022-05-28 08:41:26', '2022-05-28 08:41:26'),
(905, 16, 68, '2022-05-28 08:41:26', '2022-05-28 08:41:26'),
(906, 16, 69, '2022-05-28 08:41:26', '2022-05-28 08:41:26'),
(907, 16, 70, '2022-05-28 08:41:26', '2022-05-28 08:41:26'),
(908, 16, 71, '2022-05-28 08:41:26', '2022-05-28 08:41:26'),
(909, 16, 72, '2022-05-28 08:41:26', '2022-05-28 08:41:26'),
(910, 16, 73, '2022-05-28 08:41:26', '2022-05-28 08:41:26'),
(911, 16, 74, '2022-05-28 08:41:26', '2022-05-28 08:41:26'),
(912, 16, 75, '2022-05-28 08:41:26', '2022-05-28 08:41:26'),
(913, 16, 76, '2022-05-28 08:41:26', '2022-05-28 08:41:26'),
(914, 16, 77, '2022-05-28 08:41:26', '2022-05-28 08:41:26'),
(915, 16, 78, '2022-05-28 08:41:26', '2022-05-28 08:41:26'),
(916, 16, 79, '2022-05-28 08:41:26', '2022-05-28 08:41:26'),
(917, 16, 80, '2022-05-28 08:41:26', '2022-05-28 08:41:26'),
(918, 16, 81, '2022-05-28 08:41:26', '2022-05-28 08:41:26'),
(919, 16, 82, '2022-05-28 08:41:26', '2022-05-28 08:41:26'),
(920, 16, 102, '2022-05-28 08:41:26', '2022-05-28 08:41:26'),
(921, 16, 104, '2022-05-28 08:41:26', '2022-05-28 08:41:26'),
(922, 16, 85, '2022-05-28 08:41:26', '2022-05-28 08:41:26'),
(923, 16, 86, '2022-05-28 08:41:26', '2022-05-28 08:41:26'),
(924, 16, 88, '2022-05-28 08:41:26', '2022-05-28 08:41:26'),
(925, 16, 99, '2022-05-28 08:41:26', '2022-05-28 08:41:26'),
(926, 16, 101, '2022-05-28 08:41:26', '2022-05-28 08:41:26'),
(927, 16, 105, '2022-05-28 08:41:26', '2022-05-28 08:41:26'),
(928, 16, 89, '2022-05-28 08:41:26', '2022-05-28 08:41:26'),
(929, 16, 90, '2022-05-28 08:41:26', '2022-05-28 08:41:26'),
(930, 16, 91, '2022-05-28 08:41:26', '2022-05-28 08:41:26'),
(931, 16, 92, '2022-05-28 08:41:26', '2022-05-28 08:41:26'),
(932, 16, 93, '2022-05-28 08:41:26', '2022-05-28 08:41:26'),
(933, 16, 94, '2022-05-28 08:41:26', '2022-05-28 08:41:26'),
(934, 16, 95, '2022-05-28 08:41:26', '2022-05-28 08:41:26'),
(935, 16, 96, '2022-05-28 08:41:26', '2022-05-28 08:41:26'),
(936, 16, 97, '2022-05-28 08:41:26', '2022-05-28 08:41:26'),
(937, 16, 100, '2022-05-28 08:41:26', '2022-05-28 08:41:26');

-- --------------------------------------------------------

--
-- Table structure for table `settings`
--

CREATE TABLE `settings` (
  `id` bigint(20) UNSIGNED NOT NULL,
  `type` varchar(225) COLLATE utf8mb4_unicode_ci NOT NULL,
  `value` text COLLATE utf8mb4_unicode_ci DEFAULT NULL,
  `created_at` timestamp NULL DEFAULT NULL,
  `updated_at` timestamp NULL DEFAULT NULL
) ENGINE=InnoDB DEFAULT CHARSET=utf8mb4 COLLATE=utf8mb4_unicode_ci;

--
-- Dumping data for table `settings`
--

INSERT INTO `settings` (`id`, `type`, `value`, `created_at`, `updated_at`) VALUES
(1, 'logo', 'uploads/settings/logo-1650806313.png', '2022-04-24 11:18:03', '2022-04-24 11:18:33'),
(2, 'project_name', 'Sharaf Agro Consult', '2022-04-24 11:18:03', '2022-05-13 11:40:06'),
(3, 'expected_date', '15', '2022-04-25 00:03:03', '2022-05-13 11:40:06'),
(4, 'expiry_date', '15', '2022-05-01 10:08:15', '2022-05-01 10:08:15'),
(5, 'entry', '06:00', '2022-05-26 09:19:54', '2022-05-26 09:20:10'),
(6, 'exit', '14:00', '2022-05-26 09:19:54', '2022-05-26 09:20:19'),
(7, 'delay_allowed', '06:30', '2022-05-26 09:19:54', '2022-05-28 11:25:25');

-- --------------------------------------------------------

--
-- Table structure for table `statuses`
--

CREATE TABLE `statuses` (
  `id` bigint(20) UNSIGNED NOT NULL,
  `name` varchar(225) COLLATE utf8mb4_unicode_ci NOT NULL,
  `default_val` tinyint(1) NOT NULL DEFAULT 0,
  `created_at` timestamp NULL DEFAULT NULL,
  `updated_at` timestamp NULL DEFAULT NULL
) ENGINE=InnoDB DEFAULT CHARSET=utf8mb4 COLLATE=utf8mb4_unicode_ci;

--
-- Dumping data for table `statuses`
--

INSERT INTO `statuses` (`id`, `name`, `default_val`, `created_at`, `updated_at`) VALUES
(1, 'تحت الأنشاء', 1, '2022-04-21 11:31:38', '2022-04-21 11:31:41'),
(2, 'مكتمل', 0, '2022-04-21 11:31:24', '2022-04-21 11:31:24'),
(3, 'تم التقديم', 0, '2022-04-21 11:40:26', '2022-04-21 11:40:26'),
(4, 'تم القبول', 0, '2022-04-22 01:57:01', '2022-04-22 01:57:01'),
(5, 'رفض', 0, '2022-04-22 01:57:15', '2022-04-22 01:57:15'),
(6, 'معلق', 0, '2022-04-22 02:31:00', '2022-04-22 02:31:00'),
(7, 'تم التواصل', 0, NULL, NULL);

-- --------------------------------------------------------

--
-- Table structure for table `sub_categories`
--

CREATE TABLE `sub_categories` (
  `id` bigint(20) UNSIGNED NOT NULL,
  `category_id` bigint(20) UNSIGNED NOT NULL,
  `name` varchar(225) COLLATE utf8mb4_unicode_ci NOT NULL,
  `created_at` timestamp NULL DEFAULT NULL,
  `updated_at` timestamp NULL DEFAULT NULL
) ENGINE=InnoDB DEFAULT CHARSET=utf8mb4 COLLATE=utf8mb4_unicode_ci;

--
-- Dumping data for table `sub_categories`
--

INSERT INTO `sub_categories` (`id`, `category_id`, `name`, `created_at`, `updated_at`) VALUES
(34, 21, 'موافقات استيرادية', '2022-05-08 17:40:27', '2022-05-08 17:40:27'),
(35, 22, 'موافقات استيرادية', '2022-05-08 17:42:24', '2022-05-10 01:53:22'),
(36, 21, 'افراجات جمركية', '2022-05-08 18:19:17', '2022-05-08 18:19:17'),
(38, 24, 'تسجيل', '2022-05-10 02:36:45', '2022-05-10 02:36:45'),
(39, 24, 'موفقات استيرادية', '2022-05-10 02:37:08', '2022-05-10 02:37:08'),
(40, 24, 'تحليل معمل مركزى', '2022-05-10 02:38:26', '2022-05-10 02:38:26'),
(41, 24, 'صحة حيوان', '2022-05-10 02:38:57', '2022-05-10 02:38:57'),
(42, 21, 'تسجيل', '2022-05-10 02:40:28', '2022-05-10 02:40:28'),
(43, 21, 'شحنات', '2022-05-10 02:40:41', '2022-05-10 02:40:41'),
(44, 21, 'تحليل تجريب', '2022-05-10 02:41:40', '2022-05-10 02:41:40'),
(45, 21, 'بصمة', '2022-05-10 02:42:21', '2022-05-10 02:42:21'),
(46, 21, 'PHI', '2022-05-10 02:42:38', '2022-05-10 02:42:38'),
(47, 21, 'دراسات السمية', '2022-05-10 02:45:27', '2022-05-10 02:45:27'),
(48, 23, 'تسجيل', '2022-05-10 02:46:07', '2022-05-10 02:46:07'),
(49, 23, 'موفقات استيرادية', '2022-05-10 02:46:27', '2022-05-10 02:46:27'),
(50, 23, 'افراجات جمركية', '2022-05-10 02:46:56', '2022-05-10 02:46:56'),
(51, 23, 'تحليل NODCAR', '2022-05-10 02:47:29', '2022-05-10 02:47:29'),
(52, 23, 'حشرات', '2022-05-10 02:48:50', '2022-05-10 02:48:50'),
(53, 23, 'ثبات', '2022-05-10 02:49:11', '2022-05-10 02:49:11'),
(54, 22, 'تسجيل سماد', '2022-05-10 02:50:12', '2022-05-10 02:51:09'),
(55, 22, 'تسجيل منظم نمو', '2022-05-10 02:51:38', '2022-05-10 02:51:38'),
(56, 22, 'شحنات', '2022-05-10 02:53:42', '2022-05-10 02:53:42'),
(57, 22, 'تعديل فى شهادة تسجيل', '2022-05-10 02:55:32', '2022-05-10 02:55:32'),
(58, 21, 'بطاقات استدلاليه', '2022-05-11 12:50:58', '2022-05-11 12:50:58'),
(59, 21, 'اجتياز', '2022-05-12 19:12:42', '2022-05-12 19:12:42'),
(60, 23, 'موفقة سير', '2022-05-18 17:05:02', '2022-05-18 17:25:17'),
(61, 23, 'Hard File', '2022-05-18 17:05:43', '2022-05-18 17:05:43'),
(62, 23, 'Company Profile', '2022-05-18 17:06:48', '2022-05-18 17:06:48'),
(63, 25, 'السجل التجارى', '2022-05-18 17:41:56', '2022-05-18 17:41:56'),
(64, 25, 'البطاقة الضريبية', '2022-05-18 17:42:13', '2022-05-18 17:42:13'),
(65, 25, 'وثيقة بيانات ممول', '2022-05-18 17:42:39', '2022-05-18 17:42:39'),
(66, 25, 'بطاقة استيرادية', '2022-05-18 17:42:57', '2022-05-18 17:42:57'),
(67, 25, 'سجل صناعى', '2022-05-18 17:43:14', '2022-05-18 17:43:14'),
(68, 25, 'ترخيص اتجار فى المبيدات', '2022-05-18 17:43:55', '2022-05-18 17:43:55'),
(69, 25, 'ترخيص اتجار فى الاسمدة', '2022-05-18 17:44:13', '2022-05-18 17:44:13'),
(70, 25, 'ترخيص تصنيع اسمدة', '2022-05-18 17:44:34', '2022-05-18 17:44:34'),
(71, 25, 'ترخيص تصنيع فى المبيدات', '2022-05-18 17:45:13', '2022-05-18 17:45:13'),
(72, 25, 'توكيلات المبيدات', '2022-05-18 17:47:18', '2022-05-18 17:47:18'),
(73, 25, 'توكيلات صحة عامة', '2022-05-18 17:47:51', '2022-05-18 17:47:51'),
(74, 25, 'توكيلات اسمدة', '2022-05-18 17:48:18', '2022-05-18 17:48:18');

-- --------------------------------------------------------

--
-- Table structure for table `users`
--

CREATE TABLE `users` (
  `id` bigint(20) UNSIGNED NOT NULL,
  `name` varchar(225) COLLATE utf8mb4_unicode_ci NOT NULL,
  `type` enum('admin','user','sub-admin') COLLATE utf8mb4_unicode_ci NOT NULL,
  `phone` varchar(225) COLLATE utf8mb4_unicode_ci DEFAULT NULL,
  `address` text COLLATE utf8mb4_unicode_ci DEFAULT NULL,
  `email` varchar(225) COLLATE utf8mb4_unicode_ci NOT NULL,
  `username` varchar(225) COLLATE utf8mb4_unicode_ci NOT NULL,
  `avatar` text COLLATE utf8mb4_unicode_ci DEFAULT NULL,
  `banned` tinyint(1) NOT NULL DEFAULT 0,
  `email_verified_at` timestamp NULL DEFAULT NULL,
  `password` varchar(225) COLLATE utf8mb4_unicode_ci NOT NULL,
  `current_password` varchar(255) COLLATE utf8mb4_unicode_ci NOT NULL,
  `remember_token` varchar(100) COLLATE utf8mb4_unicode_ci DEFAULT NULL,
  `created_at` timestamp NULL DEFAULT NULL,
  `updated_at` timestamp NULL DEFAULT NULL
) ENGINE=InnoDB DEFAULT CHARSET=utf8mb4 COLLATE=utf8mb4_unicode_ci;

--
-- Dumping data for table `users`
--

INSERT INTO `users` (`id`, `name`, `type`, `phone`, `address`, `email`, `username`, `avatar`, `banned`, `email_verified_at`, `password`, `current_password`, `remember_token`, `created_at`, `updated_at`) VALUES
(1, 'أحمد شرف', 'admin', '01004813784', NULL, 'ahmed_sharaf_ash@hotmail.com', 'admin', 'uploads/users/02196C15-459E-4114-BB1E-95BF001DAA35-1652426755.jpeg', 0, NULL, '$2y$10$5xBFzkXPM7OeVzo92RK.QuEvubM/TnqZJkHIkulP.6IxH3581YLdy', '', '0zhZUV6oOGWxyIYAMokCU4HWlWXzCnaVr2ynyPe6qhDIxY0iE2HgsIKphnyP', NULL, '2022-05-13 11:25:55'),
(34, 'المصرية للتنميه الزراعية', 'user', '01116702170', 'كفر صقر- الشرقيه', 'agrialmasrya@hotmail.com', 'almasrya', NULL, 0, NULL, '$2y$10$PEwoR7CV7KdXpl7QRhXLYOUCxl1PyrQdOK1QYCABi58t75abBI/WC', '', 'kQ3ulvte1SznDCebgBjSvJRzclkd23QWTcph1JLwm6jcs9yuZRMlnnx2zFqW', '2022-05-08 17:56:12', '2022-05-14 20:47:13'),
(35, 'استرا كيم ايجيبت', 'user', '01144997000', NULL, 'y@gmail.com', 'astra', NULL, 0, NULL, '$2y$10$tjSwN7achfWKRuhg86wL8.75uTOUToYf.xiO2ZJ2wxVECXQ82r9Ku', '', NULL, '2022-05-08 18:03:14', '2022-05-15 01:24:21'),
(37, 'محمد النوبي', 'sub-admin', NULL, NULL, 'mohamedelnobey98@gmail.com', 'm.elnobey', 'uploads/users/IMG-20220512-WA0003-1652358299.jpg', 0, NULL, '$2y$10$OmLaPpyNi/paId11qPTPA.kfLP0Q48APeV.ZsW2r931VWaVPt7YdO', '', 'Vtshx81W0XESUucO3f4nPu1hhj4cXhKSZFvXFRIeAIUSSmhoXo1IM2PUD5NA', '2022-05-08 18:08:39', '2022-05-12 16:24:59'),
(39, 'الخليج للتنمية الزراعية', 'user', '01007003446', NULL, 'info@gmail.com', 'elkhalej', NULL, 0, NULL, '$2y$10$.7NFqt23t3W13Q/ONaajpOr4ufjlC9DPtlgZsixShJqMnn5KMw7BK', '', NULL, '2022-05-08 19:53:13', '2022-05-15 01:28:37'),
(40, 'احمد عادل', 'sub-admin', NULL, NULL, 'ahmed.reko21@gmail.com', 'ِA.adel', 'uploads/users/WhatsApp Image 2022-05-11 at 7.25.58 PM-1652290014.jpeg', 0, NULL, '$2y$10$e7w4xri9FL4wC9DdhGt/le.xGIL5if8b1j29UbblSY9Yw3ReKNCJC', '', 'ICdiSy7Sq3ySJjqlgPTujKFtB85dxZAKeoHwQmPoaWDk8maSEdrotdUcaQl7', '2022-05-10 03:02:46', '2022-05-12 19:16:09'),
(41, 'نجوى ابراهيم', 'sub-admin', NULL, NULL, 'nagwa_sac@hotmail.com', 'Nagwa', NULL, 0, NULL, '$2y$10$7kyI4V4VhTBJxRMDdLizoOt3b4R0kydqK1GrPRQ.z65Gem1pXHcHy', '', 'g71d7IRQimIkpdeY1ZbAaVqThwpwHMoX3t7QJ50JrRHOfXT3T8LzKu1iDfMC', '2022-05-10 03:05:08', '2022-05-11 12:53:14'),
(42, 'عبد الرحمن النادى', 'sub-admin', '01024147947', NULL, 'abdelrhmanelnady7000@gmail.com', 'abdelrhman.elnady', NULL, 0, NULL, '$2y$10$IbGqOa2eg6.Ez/3SnKSK6ezRhGWM7hNFBFV3iAORHL8svrwa0CSni', '', NULL, '2022-05-10 03:08:15', '2022-05-10 03:08:15'),
(43, 'عبد الفتاح عطية', 'sub-admin', NULL, NULL, 'aboretalatiya@gmail.com', 'abdelftah.atiya', NULL, 0, NULL, '$2y$10$Q56yiSnFVmn33NeRHK1czONxhzBBKvX.j29P3Bo6rYLAtuWwxyPCu', '', 'Nk3fEUcJa2n5TrllZ6xEN5rTsYwJtUAjD5jgGy9TKAR7tW1cPxP5SoMAwRYW', '2022-05-10 03:10:30', '2022-05-10 03:10:30'),
(44, 'رضا على', 'sub-admin', NULL, NULL, 'redaa1313@gmail.com', 'ٌReda', 'uploads/users/IMG_20220511_122012-1652267174.jpg', 0, NULL, '$2y$10$0msX.ZZvYGN3s81HhdCRi.AXO68zNi/gudLPKY74X8bi7qw5rdF9C', '', 'SeLLm39RJ91HyY2nCidqYRVT9e9nymj44Z81cliA0lcRjuzmhIxvudSkCVMm', '2022-05-10 03:15:10', '2022-05-11 15:06:14'),
(45, 'دعاء صبرى', 'sub-admin', NULL, NULL, 'doaas5355@gmail.com', 'Doaa', 'uploads/users/Screenshot_٢٠٢٢٠٣١٤-١١٤٥٣١-1652280433.png', 0, NULL, '$2y$10$hATs8r9c4ufWxHPbsOEQQOKmZ5tVGYe0lT8.tnecFrrPYJYLlnY7i', '', NULL, '2022-05-10 03:17:10', '2022-05-17 17:35:15'),
(46, 'hoda mamduh', 'sub-admin', NULL, NULL, 'hoda@gmail.com', 'Hoda', NULL, 0, NULL, '$2y$10$nS95XAm.If3Up47DI/3Kium2DCICHXIPbYRzPNTpEoFOpHm/.gcb2', '', 'NMQRDimphVxqbBOOrdqVbl4oqad755Jpier0tGe8pxLQfghECAZ0VfGFRgUK', '2022-05-10 03:20:24', '2022-05-18 18:14:58'),
(47, 'المتحدة للتنمية الزراعية', 'user', '01000081170', NULL, 'i@gmail.com', 'Elmotaheda', NULL, 0, NULL, '$2y$10$EmskkUGdTRjmigrbXVVkvuJw95JtZkIvnxhcX62dTsOiz2Y4Da1km', '', NULL, '2022-05-10 03:30:35', '2022-05-15 01:27:13'),
(48, 'زين جروب', 'user', '01221000677', 'المنزله', 'inf@gmail.com', 'zeen', NULL, 0, NULL, '$2y$10$m9C3RT7QLMiFxMVjSOmUbu7oGjUkOlRYGGznF9uhU57RIy9K4/Zdm', '', NULL, '2022-05-12 21:12:13', '2022-05-12 21:13:31'),
(49, 'شرف اجرو كونسلت', 'user', '01004813784', 'الهرم - الجيزة', 'info@sharafagro.com', 'Sharaf', 'uploads/users/6351C69F-E7D4-4FA6-A0B2-81C68E3EC94F-1652428575.jpeg', 0, NULL, '$2y$10$2K9hedLVDp2iefZ9gUnQOuPmKitltHsL7.ylE0M4YMNZADlZxGgHe', '', NULL, '2022-05-13 11:56:15', '2022-05-14 20:49:31'),
(50, 'الشرق الأوسط', 'user', '01000081170', NULL, 'm@gmail.com', 'alsharq', NULL, 0, NULL, '$2y$10$qo1l7wBOF6FlzoH0ayWaYewLoOPmoNabgfoSmlrmtN4dTIpxq9Vy2', '', NULL, '2022-05-15 14:56:31', '2022-05-15 14:56:31'),
(51, 'بيورتك للاستيراد والتصدير', 'user', '01000081170', NULL, 'a@gmail.com', 'puretech', NULL, 0, NULL, '$2y$10$0eHmFy9T2g.Bg8XKQLnnIeLz1W72E3y7KrZwaMevj0QZ0WZ4PjtGq', '', NULL, '2022-05-15 15:00:00', '2022-05-15 15:00:00'),
(52, 'تكنوسينس للمستلزمات الزراعيه', 'user', '01092003264', NULL, 'b@gmail.com', 'technoscience', NULL, 0, NULL, '$2y$10$6Jz/b3nvagOtjiTCXuPDM.Cwo.bXRhWRQ/IcWk3tqABGuT2WKNNli', '', NULL, '2022-05-15 15:05:40', '2022-05-15 15:05:40'),
(53, 'سكاي فروت للاستثمار', 'user', '01155556886', NULL, 'c@gmail.com', 'skyfruit', NULL, 0, NULL, '$2y$10$w3AyJzFNFcJcuzZdTIYheet4Kz0zKiPyIQ0ujUsoiuogiDU8igzue', '', NULL, '2022-05-15 15:07:46', '2022-05-15 15:07:46'),
(54, 'الرواد اجرو كيميكالز', 'user', '01017388083', NULL, 'd@gmail.com', 'alrowad', NULL, 0, NULL, '$2y$10$GdkSe9Fg.xJtWBCucXVno.ly.6kOdJDp/K4Ezi7RljqVKvUH1BB0O', '', NULL, '2022-05-15 15:09:54', '2022-05-15 15:09:54'),
(55, 'الأشقر للتجاره والتوكيلات', 'user', '01115006860', NULL, 'e@gmail.com', 'alashkar', NULL, 0, NULL, '$2y$10$jIMnm17mJ2tSYBjDHOh/7e.3LaOg6OPjyKcungOKKhUkyB7t3/UcC', '', NULL, '2022-05-15 15:13:32', '2022-05-15 15:13:32'),
(56, 'الساقيه للتنمية الزراعية', 'user', '01013332220', NULL, 'f@gmail.com', 'elsakya.d', NULL, 0, NULL, '$2y$10$f7IGOABS8KZBHUzTARPhV..JjLuEx5wQvl6LjJnNz4rYMxspMC2Km', '', NULL, '2022-05-15 15:15:51', '2022-05-15 15:15:51'),
(57, 'الساقيه للصناعات الزراعية', 'user', '01013332220', NULL, 'g@gmail.com', 'elsakya.m', NULL, 0, NULL, '$2y$10$fs01UwsHD.8V1nVZ2tvx4enoHlq/oloS3OenR13xE48hD97BvD1TS', '', NULL, '2022-05-15 15:18:15', '2022-05-15 15:18:15'),
(58, 'الهدي للمبيدات والكيماويات', 'user', '0100505214', NULL, 'h@gmail.com', 'elhouda', NULL, 0, NULL, '$2y$10$USCQpi/A5dv0kmFhol2jP.LWX.Z.W/g3bHfvzsNc/egjm2/2Sy9M2', '', NULL, '2022-05-15 15:24:06', '2022-05-15 15:24:06'),
(59, 'اجروفارم', 'user', '01006730988', NULL, 'j@gmail.com', 'agrofarm', NULL, 0, NULL, '$2y$10$3mr26fPmrfm0LGtnoe6LDOAORg1J9J4dabW7y8w8ZFBp9wizs0ZQ.', '', NULL, '2022-05-15 15:25:26', '2022-05-15 15:25:26'),
(60, 'الفاخري', 'user', '01283000646', NULL, 'k@gmail.com', 'alfakhry', NULL, 0, NULL, '$2y$10$piPiE3tgkdwp3wFoY02S5OXlHFWOtki6vh2hVZ2zChy6uw7NV3yqm', '', NULL, '2022-05-15 15:27:05', '2022-05-15 15:27:05'),
(61, 'دماك للتنميه الزراعيه', 'user', '01012243162', NULL, 'l@gmail.com', 'damac', NULL, 0, NULL, '$2y$10$ml4IWlP7HshBrt3PutWDeetD8GPuaJVCDHUmZnZFlI6M9ny7EDXCe', '', NULL, '2022-05-15 15:29:24', '2022-05-15 15:29:24'),
(62, 'لايف', 'user', '01012243162', NULL, 'z@gmail.com', 'life', NULL, 0, NULL, '$2y$10$GvBb6q322ovsnLHBNN3IFektTtwK/dM9nIR5e5308VER7pQQORC4C', '', NULL, '2022-05-15 15:31:05', '2022-05-15 15:31:05'),
(63, 'ليدا بلانت للتوكيلات التجاريه', 'user', '01099222413', NULL, 'x@gmail.com', 'lida', NULL, 0, NULL, '$2y$10$4hp5F6T594E3SNXMzTxAfeAaO5jEBhTYfIJDi7PHgZBo0rMmPswq6', '', NULL, '2022-05-15 15:33:54', '2022-05-15 15:33:54'),
(64, 'سترا اجروكيميكالز', 'user', '01027460000', NULL, 'v@gmail.com', 'setra', NULL, 0, NULL, '$2y$10$jwwjqVrNL1Ng9eqOwr7f1u43/Ct/fl.MFIblviRqPf1/rud6Ol.Z.', '', NULL, '2022-05-15 15:37:35', '2022-05-15 15:37:35'),
(65, 'بلال', 'user', '01273122555', NULL, 'n@gmail.com', 'belal', NULL, 0, NULL, '$2y$10$voh6/p69hXndrSDqrMdFoepZ1rPclUqLPYQ/ENRTgp0UrAdlEepJu', '', NULL, '2022-05-15 15:39:45', '2022-05-15 15:39:45'),
(66, 'فيرا اجرو كيميكالز', 'user', '01553686363', NULL, 'q@gmail.com', 'vera', NULL, 0, NULL, '$2y$10$JY5N9QlRunIvg4R1x9i0RePXskrwTij.zO7k1EvHIeWqQmvqhoNJ2', '', NULL, '2022-05-15 15:43:12', '2022-05-15 15:43:12'),
(67, 'اجرى كونتكت', 'user', '01000048460', NULL, 'w@gmail.com', 'agricontact', NULL, 0, NULL, '$2y$10$IgpGabHMI/gHOmAI.4RlsuXL4f6pAKtwUBZwOCXY6JN5vfcMdbK4G', '', NULL, '2022-05-15 15:45:28', '2022-05-15 15:45:28'),
(68, 'الدولية للتنقنية والتجارة (جهاد أبو ظبى)', 'user', '01008166766', NULL, 'r@gmail.com', 'eldawlia', NULL, 0, NULL, '$2y$10$IOaYUkd1.CXYwiZNLxdaWu0nlc9vOR1KqKrqlBBTHVXf.PYN7/mmS', '', NULL, '2022-05-15 15:47:26', '2022-05-15 15:47:26'),
(69, 'مكتب المهندس (سما ستار)', 'user', '01270477588', NULL, 't@gmail.com', 'sama', NULL, 0, NULL, '$2y$10$tyfj7hnJERNB.28KtDiFs.3dibFhMNyXF/8PYf0MoQZKtRmeQVCjO', '', NULL, '2022-05-15 15:48:26', '2022-05-15 15:48:26'),
(70, 'الهديب للتنميه الزراعيه', 'user', '01113284641', NULL, 'u@gmail.com', 'Elhadeb', NULL, 0, NULL, '$2y$10$j/Q7g1yLWFp25yyzD47dfucOicbLcJvSQ1TQhsEji14pCG5DtvyC6', '', NULL, '2022-05-15 15:51:01', '2022-05-15 15:51:01'),
(71, 'أجرينا للكيماويات', 'user', '01113284641', NULL, 'o@gmail.com', 'agrina', NULL, 0, NULL, '$2y$10$Jyu4BwNG5FsjZ14AA2OLvOQhplbbMow1XFgkyswlyvnL.Pnmv0Nk2', '', NULL, '2022-05-15 15:52:56', '2022-05-15 15:52:56'),
(72, 'كيم تك', 'user', '01142007007', NULL, 'p@gmail.com', 'Chemtec', NULL, 0, NULL, '$2y$10$4f2HXhV707D2V8jfZZ4tS.aDNf9GTAV0mCelFvDchTs1bpm5qWS76', '', NULL, '2022-05-15 15:55:07', '2022-05-15 15:55:07'),
(73, 'كيروكيم للخدمات الزراعية', 'user', '01027250008', NULL, 'as@gmail.com', 'Cairochem', NULL, 0, NULL, '$2y$10$L9p4Rk4mPAE8NlCRyX6eOeMjXtQ4VG6nQrkXrbWPiYCLPFH9cZQjK', '', NULL, '2022-05-15 15:57:45', '2022-05-15 15:57:45'),
(74, 'اكترا', 'user', '01027250008', NULL, 'ad@gmail.com', 'Actra', NULL, 0, NULL, '$2y$10$u82p1789JZk6zso.xYrqzeCb0x/OJpB2tSH.SN5XnJ/0zjIiqRU7G', '', NULL, '2022-05-15 15:59:29', '2022-05-15 15:59:29'),
(75, 'سنترفيد انترناشيونال', 'user', '01000142148', NULL, 'af@gmail.com', 'centerfeed', NULL, 0, NULL, '$2y$10$qI4DpSPbJ04xfnkQdlMhs.z68aEz7rceocgGnhLFvqtLGy9WmAWI6', '', NULL, '2022-05-15 16:04:53', '2022-05-15 16:04:53'),
(76, 'المصريه الخليجه', 'user', '01117002525', NULL, 'ag@gmail.com', 'Egaco', NULL, 0, NULL, '$2y$10$OOVD5U3Abg8rOJDtWm.f/O/KO4eZvcSpRmcUIAGYr3Uwpea.naUQy', '', NULL, '2022-05-15 16:06:12', '2022-05-15 16:06:12'),
(77, 'بلانت كيم', 'user', '01001236186', NULL, 'aj@gmail.com', 'plantcheem', NULL, 0, NULL, '$2y$10$tfsK/CdcWQVysNZ61Xu5ful1sjGWVsQb8Yik84zE6LYVMjknPX.sy', '', NULL, '2022-05-16 12:56:39', '2022-05-16 12:56:39'),
(78, 'فوربست', 'user', '01000007153', NULL, 'ak@gmail.com', 'forbest', NULL, 0, NULL, '$2y$10$x0vvlbtgxzqPF/w6TFmvu.Qy0rwi.ho9QZEU8o2tf43QeaCdN5qz.', '', NULL, '2022-05-16 13:00:15', '2022-05-16 13:00:15'),
(79, 'ايفرجرين', 'user', '01280193401', NULL, 'al@gmail.com', 'Evergreen', NULL, 0, NULL, '$2y$10$HicgL2J408V2/rZE3pc4s.DyUwgtmQSXItFj/DZxw9L7j.Y0.7.n2', '', NULL, '2022-05-16 13:02:08', '2022-05-16 13:02:08'),
(80, 'زهور للمستقبل الزراعي', 'user', '01061219031', NULL, 'az@gmail.com', 'zohour', NULL, 0, NULL, '$2y$10$UUuzZdtVkEkYHzHVSJNz4OtcXLB24GliwoABmqRbQDNTr60kxKc7y', '', NULL, '2022-05-16 13:03:17', '2022-05-16 13:03:17'),
(81, 'اجريماس', 'user', '01001883855', NULL, 'ax@gmail.com', 'agrimas', NULL, 0, NULL, '$2y$10$WjUZvJb2xwH0u7I4RSVf7esHypW5vjklmQvY3t.eHsyEyj2fqxSTe', '', NULL, '2022-05-16 13:10:55', '2022-05-16 13:10:55'),
(82, 'ميزه كيم', 'user', '01093334923', NULL, 'ac@gmail.com', 'mizachem', NULL, 0, NULL, '$2y$10$D0DXBRaDpU.rfpuuIFRZEudc.rkDI.3.YVSxLiiUKEzdCHO4wh2L.', '', NULL, '2022-05-16 13:45:05', '2022-05-16 13:45:05'),
(83, 'ثمار كيم', 'user', '01118177855', NULL, 'av@gmail.com', 'themarchem', NULL, 0, NULL, '$2y$10$gO6kgqTu4Ih0k7wq6Nz0Bu7G8PCneBPi06nMRQOnxpx3FTDzNvhYa', '', NULL, '2022-05-16 13:46:58', '2022-05-16 13:46:58'),
(84, 'الهبه للاستيراد والتصدير', 'user', '01066674888', NULL, 'ab@gmail.com', 'elheba', NULL, 0, NULL, '$2y$10$yxaQHMEWSB7ZvZvh7dBVnOy3mF/ZaVwxcRtHk38VxB2yR3Bp0.xkS', '', NULL, '2022-05-16 13:50:20', '2022-05-16 13:50:20'),
(85, 'جرين هاي للتنميه الزراعيه والاستيراد والتصدير', 'user', '01066674888', NULL, 'an@gmail.com', 'green.high', NULL, 0, NULL, '$2y$10$A9ltlAhCQZn4zwDolU9M7uiJRfZaiDP2b9N1ZUPQ6UetO175KkQrm', '', NULL, '2022-05-16 14:18:04', '2022-05-16 14:18:04'),
(86, 'جرين فارم للتنميه الزراعيه', 'user', '01009799942', NULL, 'am@gmail.com', 'greenfarm', NULL, 0, NULL, '$2y$10$SMEpp/dbDHEjxUiJMS7aQeJZ1lCBbHaFll6C8spqiC0LGXlMzst8q', '', NULL, '2022-05-16 14:20:23', '2022-05-16 14:20:23'),
(87, 'مؤسسه خلاف', 'user', '01005178181', NULL, 'aq@gmail.com', 'khalaf', NULL, 0, NULL, '$2y$10$VQNnLrTo5nwPPAiwpWLLdOmuebVANqd2942i.DFQIP4bg1NRCxf5.', '', NULL, '2022-05-16 14:26:12', '2022-05-16 14:26:12'),
(88, 'سيجما للمبيدات والاسمده', 'user', '01005757478', NULL, 'aw@gmail.com', 'sigma', NULL, 0, NULL, '$2y$10$Ktt6VTSk37l93CcIKjkRAeHsyp253SZMeakmYQaDSCXQh4OTYWHzC', '', NULL, '2022-05-16 14:29:19', '2022-05-16 14:29:19'),
(89, 'عالميه للتجاره الزراعه', 'user', '01012292887', NULL, 'ar@gmail.com', 'alameia', NULL, 0, NULL, '$2y$10$jaJNqYiIcwXE1/FBr.VkoOwhGBiAz3jdqnNfUWgvCO1McrR2dYQ/y', '', NULL, '2022-05-16 14:41:11', '2022-05-16 14:41:11'),
(90, 'التراكيم', 'user', '01002322033', NULL, 'at@gmail.com', 'ultrachem', NULL, 0, NULL, '$2y$10$okAh1kFL02UBNiGkJyUNLOPJlPf5YovDY5gcY5fO35OqBPDnM99Vm', '', NULL, '2022-05-16 14:46:34', '2022-05-16 14:46:34'),
(91, 'الرخاء', 'user', '01121114511', NULL, 'ay@gmail.com', 'rakhaa', NULL, 0, NULL, '$2y$10$ZB2mWj3JcxZoKVSc2XraaO.LVOP.9Kj5/TBpM3TUCfJYPwwdgOtBq', '', NULL, '2022-05-16 14:48:29', '2022-05-16 14:48:29'),
(92, 'رام تريد', 'user', '01005550405', NULL, 'au@gmail.com', 'ramtrade', NULL, 0, NULL, '$2y$10$omdnSIGkCccwbp7PgiIvce4uKh.BFSSk8KU8d2BLwiIB6gnnJqjEm', '', NULL, '2022-05-16 14:50:42', '2022-05-16 14:50:42'),
(93, 'ايفا للتجاره', 'user', '01021565713', NULL, 'ai@gmail.com', 'eva', NULL, 0, NULL, '$2y$10$J5BPTMpULl0Oo.msF.mHCeHiz69hkrrkXdOHmr/0SkSCMbfbP7gU.', '', NULL, '2022-05-16 14:53:22', '2022-05-16 14:53:22'),
(94, 'كروما للصناعه', 'user', '01010111067', NULL, 'sd@gmail.com', 'Chroma', NULL, 0, NULL, '$2y$10$oj6aJBB0ArAUsW64uZurCebb/ykTw3OjBqkLEI2HSXxihKQZCvy6.', '', NULL, '2022-05-16 14:55:01', '2022-05-16 14:55:01'),
(95, 'كنوز', 'user', '01003684605', NULL, 'sf@gmail.com', 'Conooz', NULL, 0, NULL, '$2y$10$/iX.55JBhm9QRrvbKuUx3OPtsFCtO9.8g9JXvoCn4pnCIS9l/2ccu', '', NULL, '2022-05-16 15:02:15', '2022-05-16 15:02:15'),
(96, 'ام اتش اجريكلتشر (محمد حسين)', 'user', '01000236660', NULL, 'sg@gmail.com', 'mhagri', NULL, 0, NULL, '$2y$10$mztYNDYjLUkrvsbCmniNtOdz8jmZGsJJHkq5VsWrz9BjmnBZxPtyG', '', NULL, '2022-05-16 15:06:01', '2022-05-16 15:06:01'),
(97, 'النجمتين للتنميه الصناعيه والزراعيه', 'user', '01222100650', NULL, 'sh@gmail.com', 'elnagmateen', NULL, 0, NULL, '$2y$10$uKUgO6oXevNxOMozAaT6dO2mSbACLKjS8p7COdvPCxA./wEJg/AW.', '', NULL, '2022-05-16 15:08:03', '2022-05-16 15:08:03'),
(98, 'قويسنا للتنميه الزراعيه', 'user', '01099888024', NULL, 'sj@gmail.com', 'queisna', NULL, 0, NULL, '$2y$10$pPE7XkCVumQehwq83tD71eAHZijzwQ2cZNCufkBfi96d//jxvgPYu', '', NULL, '2022-05-16 15:12:18', '2022-05-16 15:12:18'),
(99, 'فينيش للخدمات', 'user', '01066683884', NULL, 'sk@gmail.com', 'finish', NULL, 0, NULL, '$2y$10$g5Cce7X/JhX8wYts14ZGwOFPXmirjUyNPLHbK6tCgcATdVkB.lz56', '', NULL, '2022-05-16 15:27:49', '2022-05-16 15:27:49'),
(100, 'كيماندا', 'user', '01000599678', NULL, 'sl@gmail.com', 'keymanda', NULL, 0, NULL, '$2y$10$vcibeK3cn3rehqT4dnF.i.X0wei0Ja6o390YwyaYJL/OzILlY4Qfy', '', NULL, '2022-05-16 15:31:09', '2022-05-16 15:31:09'),
(101, 'اجري سمارت', 'user', '01015156157', NULL, 'sz@gmail.com', 'agrismart', NULL, 0, NULL, '$2y$10$qHcOMwXpHTSECR4CHtVdo.nIsvHY8/O2VCpy2iwE0F2AjRMhCMYzC', '', NULL, '2022-05-16 15:32:34', '2022-05-17 18:22:10'),
(102, 'جروس كيم', 'user', '01020952952', NULL, 'sx@gmail.com', 'growthchem', NULL, 0, NULL, '$2y$10$2.S/3NbcQtwkC3w48yFsC.c4o2xgALe824CMmgPWORdu/TXsk6F.e', '', NULL, '2022-05-16 15:33:31', '2022-05-16 15:33:31'),
(103, 'القناه', 'user', '01002010212', NULL, 'sc@gmail.com', 'alqanah', NULL, 0, NULL, '$2y$10$2zQXMO5deKdEW3avh3t2W.5.xfrPg3jrtAVPLyHUAWoccRdMm4y0W', '', NULL, '2022-05-16 15:35:46', '2022-05-16 15:35:46'),
(104, 'الرياده للاستيراد والتصدير', 'user', '01010013100', NULL, 'sv@gmail.com', 'elreyada', NULL, 0, NULL, '$2y$10$hki42KSWOjzlwdyZhzaekOaZvJ2uNUNth8JQP/mZIIqYKRDAWzArK', '', NULL, '2022-05-16 15:38:02', '2022-05-16 15:38:02'),
(105, 'ماضي فيرت', 'user', '01005510855', NULL, 'sb@gmail.com', 'madyfert', NULL, 0, NULL, '$2y$10$Vm4kyAqTHFxv10bA3zCrx.zrwqd568JIf1Q0J0BABBLdtBlymPKFW', '', NULL, '2022-05-16 15:39:16', '2022-05-16 15:39:16'),
(106, 'اجريفال', 'user', '01061219031', NULL, 'sn@gmail.com', 'agrifal', NULL, 0, NULL, '$2y$10$0SZWk9RVxB29z8DHdUTvjutnbr0Q0yLSeEjJ2fFFQ.xYObtrKkl8W', '', NULL, '2022-05-16 15:40:24', '2022-05-16 15:40:24'),
(107, 'الفتح سيد', 'user', '01140000636', NULL, 'sq@gmail.com', 'elfathseed', NULL, 0, NULL, '$2y$10$sJFhwlhFz/LAPP72qXYj0e.YG1P1d3BvwLnBQ3suOmNa6aiwy6bvi', '', NULL, '2022-05-16 15:41:58', '2022-05-16 15:41:58'),
(108, 'طيبه للمبيدات', 'user', '01102124671', NULL, 'sw@gmail.com', 'tiba', NULL, 0, NULL, '$2y$10$CV08YNO/zaE92kc4kH3fw.JDKoPidDYgW7cBbuc54FmHR.tWDDp7G', '', NULL, '2022-05-16 15:43:39', '2022-05-16 15:43:39'),
(109, 'دال للاستيراد والتصدير', 'user', '01095100097', NULL, 'se@gmail.com', 'Dal', NULL, 0, NULL, '$2y$10$v6ZDBBTJ173jpxDkFMnMZeUPP7MeRfYBtj400Yw0hAkZwCih2xikG', '', NULL, '2022-05-16 15:45:26', '2022-05-16 15:45:26'),
(110, 'مارفل للتجاره والتوكيلات', 'user', '01002434192', NULL, 'sr@gmail.com', 'marvel', NULL, 0, NULL, '$2y$10$7N6qmzcqFZEDwZlMEE1Kt.a108NdMBgT2hzvBvFuELir5wNKS9sVa', '', NULL, '2022-05-16 15:47:07', '2022-05-16 15:47:07'),
(111, 'الجزيره للتجاره والكيماويات', 'user', '01016167755', NULL, 'st@gmail.com', 'aljazeera', NULL, 0, NULL, '$2y$10$w02QOj1TGBaVr.57d.fAEev9NS6SvCjxOPZop4fW1R.3uxsGwEAKS', '', NULL, '2022-05-16 15:49:03', '2022-05-16 15:49:03'),
(112, 'الإخلاص لتجاره المبيدات والاسمده الزراعيه', 'user', '01090936714', NULL, 'sy@gmail.com', 'elekhlas', NULL, 0, NULL, '$2y$10$MIxqjVU.fW4lKRqUuf9EzOHdeDXfxbhrINIgIM1nOFyGJ4zHY5h9y', '', NULL, '2022-05-16 15:51:34', '2022-05-16 15:51:34'),
(113, 'اجروكير', 'user', '01015437840', NULL, 'su@gmail.com', 'agrocare', NULL, 0, NULL, '$2y$10$axXog5T1HYtC2O8VCw/ktuzc0AFf0lasyXifxRvFq4ZImKarYGscK', '', NULL, '2022-05-16 15:53:23', '2022-05-16 15:53:23'),
(114, 'فاركو', 'user', '01001470474', NULL, 'si@gmail.com', 'pharco', NULL, 0, NULL, '$2y$10$y2VZcfOrfLpjbFgkzUWVJ.z/Gw5fpQo6CoUeymQzAoBsaWFkbA2w2', '', NULL, '2022-05-16 15:55:55', '2022-05-16 15:55:55'),
(115, 'الشيماء اجروبيوتكنولوجى', 'user', '01222459862', NULL, 'so@gmail.com', 'elshimaa', NULL, 0, NULL, '$2y$10$VRCIe3GGI.1nhDEowzlYb.py8V/iBFooLopHzjUBcb5A/XpHWlcWK', '', NULL, '2022-05-16 15:58:08', '2022-05-16 15:58:08'),
(116, 'المدار للتجاره وللاستثمار الزراعي', 'user', '01289888930', NULL, 'sp@gmail.com', 'almadar', NULL, 0, NULL, '$2y$10$WQq2VgVFI0aOkVets4SzHuDGlmCZRbNM8ch3Ww3butoWkTw1iqKWG', '', NULL, '2022-05-16 16:00:19', '2022-05-16 16:00:19'),
(117, 'اجرونيل للاستيراد والتصدير', 'user', '01093900491', NULL, 'sa@gmail.com', 'agronil', NULL, 0, NULL, '$2y$10$Z5jrkohMeDMROQHMp/TlZuf1kjdRplxMs.yh2l8ImOJ6Y5mGKHR/2', '', NULL, '2022-05-16 16:02:18', '2022-05-16 16:02:18'),
(118, 'دايموند', 'user', '01005331067', NULL, 'da@gmail.com', 'Diamond', NULL, 0, NULL, '$2y$10$q/9wCcewnbJMEp88GJruZ.lma6R/W9LLxvKZxzpirtTPLwTEFr6x.', '', NULL, '2022-05-16 16:04:17', '2022-05-16 16:04:17'),
(119, 'ورد', 'user', '01068784526', NULL, 'ds@gmail.com', 'ward', NULL, 0, NULL, '$2y$10$DOVQFrx0Ik3AHJJ9VVpaPOfM8uiT75M.LRD5sDPKoM6xr7cyRKdLa', '', NULL, '2022-05-16 16:05:23', '2022-05-16 16:05:23'),
(120, 'أطياف طيبه', 'user', '01009996788', NULL, 'df@gmail.com', 'atyaf', NULL, 0, NULL, '$2y$10$Vk21ex46u2p/2FPtOfdfz.4mdLXAFwpXayk4XD2IlzgKNbiSmNL3e', '', NULL, '2022-05-16 16:06:51', '2022-05-16 16:06:51'),
(121, 'جرين باور', 'user', '01018124443', NULL, 'dg@gmail.com', 'greenpower', NULL, 0, NULL, '$2y$10$2OKYpQe5zgjBgEHgzVoQ1.4CDe2m8XuvMVxcvnVI3JsLyp1W.0fSS', '', NULL, '2022-05-16 16:10:47', '2022-05-16 16:10:47'),
(122, 'تكنوكيور', 'user', '01060902827', NULL, 'dh@gmail.com', 'tecnocure', NULL, 0, NULL, '$2y$10$8J3qBJF.L4g0vN3LmRDNg.ePiBINxPUxUffcsN1PWjLj/w7AV2kIS', '', NULL, '2022-05-16 16:14:29', '2022-05-16 16:14:29'),
(123, 'جراندا كيم', 'user', '01022550021', NULL, 'dj@gmail.com', 'granda', NULL, 0, NULL, '$2y$10$pvp/s2prtLO0gK8JRzhc3./8UX5Lvazv0HfPa7Fgl7Jd2XFjwpEZC', '', NULL, '2022-05-16 16:19:58', '2022-05-16 16:19:58'),
(124, 'المصطفي', 'user', '01009076961', NULL, 'dk@gmail.com', 'elmostafa', NULL, 0, NULL, '$2y$10$t1AfC4G1iVNJKjNuM.YlXer6Nj4sjRyTkKICpvMwenYGYCFmgyABW', '', NULL, '2022-05-16 16:21:08', '2022-05-16 16:21:08'),
(125, 'فارما كيور', 'user', '01020041003', NULL, 'dl@gmail.com', 'pharmacure', NULL, 0, NULL, '$2y$10$bqyydi0uUPyrALZls4rMvOQSLX7bQyo3XrMh1uJDPB6DlhZL5S5HW', '', NULL, '2022-05-16 16:22:14', '2022-05-16 16:22:14'),
(126, 'اجريكول', 'user', '01000180017', NULL, 'dz@gmail.com', 'agricol', NULL, 0, NULL, '$2y$10$FaDw0PpBz2SzTuhoAUNvXuKT.4PlclVVHrzxqyuKgZJ/fAXoxm6GS', '', NULL, '2022-05-16 16:29:52', '2022-05-16 16:29:52'),
(127, 'اوركيدا', 'user', '01061781022', NULL, 'dx@gmail.com', 'orchida', NULL, 0, NULL, '$2y$10$kAcVbs5wp.gMdsG.dFyqG.SIesUwOsp828Xef0zRFrnkkKQYOHkRy', '', NULL, '2022-05-16 16:31:22', '2022-05-16 16:31:22'),
(128, 'بريميم', 'user', '01098287030', NULL, 'dc@gmail.com', 'premium', NULL, 0, NULL, '$2y$10$wHfjfRMW4xK2q6F81zjje.VYmGfrMSruN1fZKsXUfmhkKWBzj.Ec.', '', NULL, '2022-05-16 16:33:21', '2022-05-16 16:33:21'),
(129, 'هاي فيرت-البراشي', 'user', '01553688883', NULL, 'dv@gmail.com', 'hifert', NULL, 0, NULL, '$2y$10$H3LAfWZpgOQEr3kDH7MvYuwktEcwZG5644cBrL81nxzoK2D6zgLBq', '', NULL, '2022-05-16 16:34:41', '2022-05-16 16:34:41'),
(130, 'جرين لاند', 'user', '01003099479', NULL, 'db@gmail.com', 'greenland', NULL, 0, NULL, '$2y$10$gPihGlQVVv0/zIUFJCzyxu06DzGB1oyEKURnAvZfu5bKSsWPNI6cC', '', NULL, '2022-05-16 16:36:11', '2022-05-16 16:36:11'),
(131, 'المصرية للبذور (نادي عبد الرؤؤف)', 'user', '01006522215', NULL, 'dn@gmail.com', 'masriachem', NULL, 0, NULL, '$2y$10$RIXds37osj6zR/mQEhj8RuLDzJNwZtZ2Dj6s9I5sLdJIsvlCYR11G', '', NULL, '2022-05-16 16:38:45', '2022-05-16 16:38:45'),
(132, 'بلانتا للاستيراد', 'user', '01004720136', NULL, 'dm@gmail.com', 'planta', NULL, 0, NULL, '$2y$10$SecfTKLvaEU5.qvA1joCGeAMXiUcmUhTX4.H3M4KPIh.8bgvkbnnq', '', NULL, '2022-05-16 16:40:13', '2022-05-16 16:40:13'),
(133, 'باسف ليمتد', 'user', '01000710705', NULL, 'dq@gmail.com', 'Basf', NULL, 0, NULL, '$2y$10$ZJO2JzZEt3mI.AXWOGbZzO8uWv8Hq02D2bOtXFiBpvvMpeo.BxO.e', '', NULL, '2022-05-16 16:41:45', '2022-05-16 16:41:45'),
(134, 'جرين هيلز', 'user', '01006506477', NULL, 'dw@gmail.com', 'creenhills', NULL, 0, NULL, '$2y$10$HyMp77pRi/..cp2otj144uWFHVA4fEavKot3dBRP1UqqVCQglYvli', '', NULL, '2022-05-16 16:43:07', '2022-05-16 16:43:07'),
(135, 'نماء مصر', 'user', '01015156800', NULL, 'dr@gmail.com', 'nama', NULL, 0, NULL, '$2y$10$Qw4ikZCkZ4GU8rEa5QiHrudC3K/sezIdbc3LuHfsyuBBcBiSzbWdC', '', NULL, '2022-05-16 16:44:59', '2022-05-16 16:44:59'),
(136, 'مصر للمنظفات', 'user', '01113349637', NULL, 'dt@gmail.com', 'misrdetergents', NULL, 0, NULL, '$2y$10$YUbgQ1bvDG53GlIQ3OyH7ufdnSOtK.oejOGZRa7skLkbjfdn7ZRmK', '', NULL, '2022-05-16 16:46:18', '2022-05-16 16:46:18'),
(137, 'السعيد لتصنيع', 'user', '01061219031', NULL, 'dy@gmail.com', 'elsaeed', NULL, 0, NULL, '$2y$10$WTe12wt.XsVxiFi9YG3PJO4Xip7.r9Owfl4eAJp6St01u1bLIlNv6', '', NULL, '2022-05-16 16:47:25', '2022-05-16 16:47:25'),
(138, 'نماجرو', 'user', '01000606215', NULL, 'di@gmail.com', 'nmagro', NULL, 0, NULL, '$2y$10$KDkckckrLSCRtV.RAWc.Zu/DHbBMAhZ81qjE8i.LYNzmOwzOdl4ua', '', NULL, '2022-05-16 16:50:56', '2022-05-16 16:50:56'),
(139, 'ايجي جرو', 'user', '01228931929', NULL, 'do@gmail.com', 'eggrow', NULL, 0, NULL, '$2y$10$BWAK6fJQFkPI9pGq3e.1fe5mNFKSAsyepCY3pIZMv8GcHeZEdhl1S', '', NULL, '2022-05-16 16:54:47', '2022-05-16 16:54:47'),
(141, 'فارما ايجيبت', 'user', '01113284641', NULL, 'in@gmail.com', 'Pharmaegypt', NULL, 0, NULL, '$2y$10$yyx74f//918giFy1n49AIeKKvJKa4s36UMb28rlu8BGyslqyyYNBS', '', NULL, '2022-05-18 16:06:10', '2022-05-18 16:16:15'),
(142, 'اجرو كيميكالز للمبيدات', 'user', '01229457542', NULL, 'i8@gmail.com', 'agrochemicals', NULL, 0, NULL, '$2y$10$Aaewdwz23DecqQVjWX/Ui.U2q5Si4RJc40dsQ1JF6asyEgwio5IWS', '', NULL, '2022-05-18 19:07:06', '2022-05-18 19:07:06'),
(143, 'ارت فيرت', 'user', '01061219031', NULL, '9I@gmail.com', 'artfert', NULL, 0, NULL, '$2y$10$pwmE5YOXW9SquJl/ArrJ5e0jbmYXFIUtELxrlBdrp2JvFs1uuhSMK', '', NULL, '2022-05-18 19:47:15', '2022-05-18 19:47:15'),
(144, 'زين تريد', 'user', '01221000677', NULL, 'ty@gmail.com', 'zeentrade', NULL, 0, NULL, '$2y$10$X7BOrRXbWqbEIv9HpKLWxeVy37ptHmwqFpZ.8dfs0KMLCFZ0qDxQq', '', NULL, '2022-05-19 15:29:27', '2022-05-19 15:29:27'),
(145, 'محى الدين زين الدين', 'user', '01221000677', NULL, 'qp@gmail.com', 'mohi', NULL, 0, NULL, '$2y$10$6wc0VPo5.p9KAsb69aNO1uo.45aT5Or61aY6VMwxSlUR80HhYVSKG', '', NULL, '2022-05-19 15:40:10', '2022-05-19 15:40:10'),
(146, 'سمارت للخدمات الزراعيه', 'user', '01061219031', NULL, 'sm@gmail.com', 'Smart', NULL, 0, NULL, '$2y$10$Nfi3B85wwODDlZMJkNN9f.LXAJ/42DrlNb3EgknAFSD/i.mKTL9jm', '', NULL, '2022-05-19 19:49:59', '2022-05-19 19:49:59'),
(147, 'سمارت للتصنيع', 'user', '01092090653', NULL, 'i5@gmail.com', 'smartmanu', NULL, 0, NULL, '$2y$10$vZl97F0jKMDlbGVCJtsUheh5ByujFDaMHvYWDYVbbYkolMS6XbHW6', '', NULL, '2022-05-19 19:57:46', '2022-05-19 19:57:46'),
(148, 'كيمسترى شادو', 'user', '01112287962', NULL, '6i@gmail.com', 'i8@gmail.com', NULL, 0, NULL, '$2y$10$MC0RUQS2jTIg48PQFgAKJOh84cVfQRQ0nEesQ6NQU2Iq4lj3ZbUlq', '', NULL, '2022-05-19 20:25:16', '2022-05-19 20:45:08'),
(149, 'elhamd company', 'user', '045064560456', NULL, 'elhamd@gmail.com', 'elhamd', NULL, 0, NULL, '$2y$10$dxyaFMJUCRumJQHe/ic8JOOM2QvI4hir0ELzFVSjvVhttxVsQOC6.', '123456789', NULL, '2022-05-21 15:12:14', '2022-05-21 15:12:14'),
(150, 'matgar', 'user', '02405640564056', NULL, 'asd@asdas.com', 'matgar', NULL, 0, NULL, '$2y$10$7oWele8YL.TgHks7yd558eks873SYFadidmhqfRpqZ/ZC3I9EJJea', '123456789', NULL, '2022-05-22 11:30:14', '2022-05-22 11:30:14'),
(151, 'mozam', 'sub-admin', 'asjkldaj', NULL, 'moza@gmail.com', 'moza', NULL, 0, NULL, '$2y$10$uPL9O6PDCfda3omL4PaMLuziKuC4MJl/DsFu7bSv2Hyl6Ly0BEDae', '123456789', NULL, '2022-05-23 08:50:52', '2022-05-23 08:50:52'),
(152, 'kareem', 'sub-admin', NULL, NULL, 'kareem@gmail.com', 'kareem', NULL, 0, NULL, '$2y$10$/Sx5glUyDC.HCrJCptwIre5puJGOXDZbZ3PtJXEWRKgh16M8Pq6nO', '123456789', NULL, '2022-05-28 11:53:43', '2022-05-28 11:53:43');

-- --------------------------------------------------------

--
-- Table structure for table `users_roles`
--

CREATE TABLE `users_roles` (
  `id` bigint(20) UNSIGNED NOT NULL,
  `user_id` bigint(20) UNSIGNED NOT NULL,
  `role_id` bigint(20) UNSIGNED NOT NULL,
  `created_at` timestamp NULL DEFAULT NULL,
  `updated_at` timestamp NULL DEFAULT NULL
) ENGINE=InnoDB DEFAULT CHARSET=utf8mb4 COLLATE=utf8mb4_unicode_ci;

--
-- Dumping data for table `users_roles`
--

INSERT INTO `users_roles` (`id`, `user_id`, `role_id`, `created_at`, `updated_at`) VALUES
(56, 40, 13, '2022-05-10 03:02:46', '2022-05-10 03:02:46'),
(58, 42, 13, '2022-05-10 03:08:15', '2022-05-10 03:08:15'),
(68, 43, 14, '2022-05-12 19:15:39', '2022-05-12 19:15:39'),
(70, 45, 14, '2022-05-16 16:35:22', '2022-05-16 16:35:22'),
(72, 37, 13, '2022-05-18 17:52:09', '2022-05-18 17:52:09'),
(73, 41, 13, '2022-05-18 18:27:02', '2022-05-18 18:27:02'),
(74, 44, 14, '2022-05-18 18:31:19', '2022-05-18 18:31:19'),
(75, 46, 15, '2022-05-18 18:33:55', '2022-05-18 18:33:55'),
(78, 151, 16, '2022-05-23 08:57:20', '2022-05-23 08:57:20'),
(79, 152, 16, '2022-05-28 11:53:43', '2022-05-28 11:53:43');

-- --------------------------------------------------------

--
-- Table structure for table `user_categories`
--

CREATE TABLE `user_categories` (
  `id` bigint(20) UNSIGNED NOT NULL,
  `user_id` bigint(20) UNSIGNED NOT NULL,
  `category_id` bigint(20) UNSIGNED DEFAULT NULL,
  `created_at` timestamp NULL DEFAULT NULL,
  `updated_at` timestamp NULL DEFAULT NULL
) ENGINE=InnoDB DEFAULT CHARSET=utf8mb4 COLLATE=utf8mb4_unicode_ci;

--
-- Dumping data for table `user_categories`
--

INSERT INTO `user_categories` (`id`, `user_id`, `category_id`, `created_at`, `updated_at`) VALUES
(40, 40, 22, '2022-05-10 03:02:46', '2022-05-10 03:02:46'),
(42, 42, 24, '2022-05-10 03:08:15', '2022-05-10 03:08:15'),
(55, 43, 21, '2022-05-12 19:15:40', '2022-05-12 19:15:40'),
(57, 45, 22, '2022-05-16 16:35:22', '2022-05-16 16:35:22'),
(60, 37, 21, '2022-05-18 17:52:09', '2022-05-18 17:52:09'),
(61, 37, 25, '2022-05-18 17:52:09', '2022-05-18 17:52:09'),
(62, 41, 23, '2022-05-18 18:27:02', '2022-05-18 18:27:02'),
(63, 41, 25, '2022-05-18 18:27:02', '2022-05-18 18:27:02'),
(64, 44, 23, '2022-05-18 18:31:19', '2022-05-18 18:31:19'),
(65, 44, 25, '2022-05-18 18:31:19', '2022-05-18 18:31:19'),
(66, 46, 25, '2022-05-18 18:33:55', '2022-05-18 18:33:55'),
(69, 151, 21, '2022-05-23 08:57:20', '2022-05-23 08:57:20'),
(70, 152, 23, '2022-05-28 11:53:43', '2022-05-28 11:53:43');

-- --------------------------------------------------------

--
-- Table structure for table `user_sub_categories`
--

CREATE TABLE `user_sub_categories` (
  `id` bigint(20) UNSIGNED NOT NULL,
  `user_id` bigint(20) UNSIGNED NOT NULL,
  `sub_category_id` bigint(20) UNSIGNED DEFAULT NULL,
  `created_at` timestamp NULL DEFAULT NULL,
  `updated_at` timestamp NULL DEFAULT NULL
) ENGINE=InnoDB DEFAULT CHARSET=utf8mb4 COLLATE=utf8mb4_unicode_ci;

--
-- Dumping data for table `user_sub_categories`
--

INSERT INTO `user_sub_categories` (`id`, `user_id`, `sub_category_id`, `created_at`, `updated_at`) VALUES
(49, 40, 35, '2022-05-10 03:02:46', '2022-05-10 03:02:46'),
(50, 40, 54, '2022-05-10 03:02:46', '2022-05-10 03:02:46'),
(51, 40, 55, '2022-05-10 03:02:46', '2022-05-10 03:02:46'),
(52, 40, 56, '2022-05-10 03:02:46', '2022-05-10 03:02:46'),
(53, 40, 57, '2022-05-10 03:02:46', '2022-05-10 03:02:46'),
(60, 42, 38, '2022-05-10 03:08:15', '2022-05-10 03:08:15'),
(61, 42, 39, '2022-05-10 03:08:15', '2022-05-10 03:08:15'),
(62, 42, 40, '2022-05-10 03:08:15', '2022-05-10 03:08:15'),
(63, 42, 41, '2022-05-10 03:08:15', '2022-05-10 03:08:15'),
(131, 43, 34, '2022-05-12 19:15:40', '2022-05-12 19:15:40'),
(132, 43, 36, '2022-05-12 19:15:40', '2022-05-12 19:15:40'),
(133, 43, 42, '2022-05-12 19:15:40', '2022-05-12 19:15:40'),
(134, 43, 43, '2022-05-12 19:15:40', '2022-05-12 19:15:40'),
(135, 43, 44, '2022-05-12 19:15:40', '2022-05-12 19:15:40'),
(136, 43, 45, '2022-05-12 19:15:40', '2022-05-12 19:15:40'),
(137, 43, 46, '2022-05-12 19:15:40', '2022-05-12 19:15:40'),
(138, 43, 47, '2022-05-12 19:15:40', '2022-05-12 19:15:40'),
(139, 43, 58, '2022-05-12 19:15:40', '2022-05-12 19:15:40'),
(140, 43, 59, '2022-05-12 19:15:40', '2022-05-12 19:15:40'),
(142, 45, 35, '2022-05-16 16:35:22', '2022-05-16 16:35:22'),
(143, 45, 54, '2022-05-16 16:35:22', '2022-05-16 16:35:22'),
(144, 45, 55, '2022-05-16 16:35:22', '2022-05-16 16:35:22'),
(145, 45, 56, '2022-05-16 16:35:22', '2022-05-16 16:35:22'),
(146, 45, 57, '2022-05-16 16:35:22', '2022-05-16 16:35:22'),
(148, 37, 34, '2022-05-18 17:52:09', '2022-05-18 17:52:09'),
(149, 37, 36, '2022-05-18 17:52:09', '2022-05-18 17:52:09'),
(150, 37, 42, '2022-05-18 17:52:09', '2022-05-18 17:52:09'),
(151, 37, 43, '2022-05-18 17:52:09', '2022-05-18 17:52:09'),
(152, 37, 44, '2022-05-18 17:52:09', '2022-05-18 17:52:09'),
(153, 37, 45, '2022-05-18 17:52:09', '2022-05-18 17:52:09'),
(154, 37, 46, '2022-05-18 17:52:09', '2022-05-18 17:52:09'),
(155, 37, 47, '2022-05-18 17:52:09', '2022-05-18 17:52:09'),
(156, 37, 58, '2022-05-18 17:52:09', '2022-05-18 17:52:09'),
(157, 37, 59, '2022-05-18 17:52:09', '2022-05-18 17:52:09'),
(158, 37, 63, '2022-05-18 17:52:09', '2022-05-18 17:52:09'),
(159, 37, 64, '2022-05-18 17:52:09', '2022-05-18 17:52:09'),
(160, 37, 65, '2022-05-18 17:52:09', '2022-05-18 17:52:09'),
(161, 37, 66, '2022-05-18 17:52:09', '2022-05-18 17:52:09'),
(162, 37, 67, '2022-05-18 17:52:09', '2022-05-18 17:52:09'),
(163, 37, 68, '2022-05-18 17:52:09', '2022-05-18 17:52:09'),
(164, 37, 69, '2022-05-18 17:52:09', '2022-05-18 17:52:09'),
(165, 37, 70, '2022-05-18 17:52:09', '2022-05-18 17:52:09'),
(166, 37, 71, '2022-05-18 17:52:09', '2022-05-18 17:52:09'),
(167, 37, 72, '2022-05-18 17:52:09', '2022-05-18 17:52:09'),
(168, 37, 73, '2022-05-18 17:52:09', '2022-05-18 17:52:09'),
(169, 37, 74, '2022-05-18 17:52:09', '2022-05-18 17:52:09'),
(170, 41, 48, '2022-05-18 18:27:02', '2022-05-18 18:27:02'),
(171, 41, 49, '2022-05-18 18:27:02', '2022-05-18 18:27:02'),
(172, 41, 50, '2022-05-18 18:27:02', '2022-05-18 18:27:02'),
(173, 41, 51, '2022-05-18 18:27:02', '2022-05-18 18:27:02'),
(174, 41, 52, '2022-05-18 18:27:02', '2022-05-18 18:27:02'),
(175, 41, 53, '2022-05-18 18:27:02', '2022-05-18 18:27:02'),
(176, 41, 60, '2022-05-18 18:27:02', '2022-05-18 18:27:02'),
(177, 41, 61, '2022-05-18 18:27:02', '2022-05-18 18:27:02'),
(178, 41, 62, '2022-05-18 18:27:02', '2022-05-18 18:27:02'),
(179, 41, 63, '2022-05-18 18:27:02', '2022-05-18 18:27:02'),
(180, 41, 64, '2022-05-18 18:27:02', '2022-05-18 18:27:02'),
(181, 41, 65, '2022-05-18 18:27:02', '2022-05-18 18:27:02'),
(182, 41, 66, '2022-05-18 18:27:02', '2022-05-18 18:27:02'),
(183, 41, 67, '2022-05-18 18:27:02', '2022-05-18 18:27:02'),
(184, 41, 68, '2022-05-18 18:27:02', '2022-05-18 18:27:02'),
(185, 41, 69, '2022-05-18 18:27:02', '2022-05-18 18:27:02'),
(186, 41, 70, '2022-05-18 18:27:02', '2022-05-18 18:27:02'),
(187, 41, 71, '2022-05-18 18:27:02', '2022-05-18 18:27:02'),
(188, 41, 72, '2022-05-18 18:27:02', '2022-05-18 18:27:02'),
(189, 41, 73, '2022-05-18 18:27:02', '2022-05-18 18:27:02'),
(190, 41, 74, '2022-05-18 18:27:02', '2022-05-18 18:27:02'),
(191, 44, 48, '2022-05-18 18:31:19', '2022-05-18 18:31:19'),
(192, 44, 49, '2022-05-18 18:31:19', '2022-05-18 18:31:19'),
(193, 44, 50, '2022-05-18 18:31:19', '2022-05-18 18:31:19'),
(194, 44, 51, '2022-05-18 18:31:19', '2022-05-18 18:31:19'),
(195, 44, 52, '2022-05-18 18:31:19', '2022-05-18 18:31:19'),
(196, 44, 53, '2022-05-18 18:31:19', '2022-05-18 18:31:19'),
(197, 44, 60, '2022-05-18 18:31:19', '2022-05-18 18:31:19'),
(198, 44, 61, '2022-05-18 18:31:19', '2022-05-18 18:31:19'),
(199, 44, 62, '2022-05-18 18:31:19', '2022-05-18 18:31:19'),
(200, 44, 63, '2022-05-18 18:31:19', '2022-05-18 18:31:19'),
(201, 44, 64, '2022-05-18 18:31:19', '2022-05-18 18:31:19'),
(202, 44, 65, '2022-05-18 18:31:19', '2022-05-18 18:31:19'),
(203, 44, 66, '2022-05-18 18:31:19', '2022-05-18 18:31:19'),
(204, 44, 67, '2022-05-18 18:31:19', '2022-05-18 18:31:19'),
(205, 44, 68, '2022-05-18 18:31:19', '2022-05-18 18:31:19'),
(206, 44, 69, '2022-05-18 18:31:19', '2022-05-18 18:31:19'),
(207, 44, 70, '2022-05-18 18:31:19', '2022-05-18 18:31:19'),
(208, 44, 71, '2022-05-18 18:31:19', '2022-05-18 18:31:19'),
(209, 44, 72, '2022-05-18 18:31:19', '2022-05-18 18:31:19'),
(210, 44, 73, '2022-05-18 18:31:19', '2022-05-18 18:31:19'),
(211, 44, 74, '2022-05-18 18:31:19', '2022-05-18 18:31:19'),
(212, 46, 63, '2022-05-18 18:33:55', '2022-05-18 18:33:55'),
(213, 46, 64, '2022-05-18 18:33:55', '2022-05-18 18:33:55'),
(214, 46, 65, '2022-05-18 18:33:55', '2022-05-18 18:33:55'),
(215, 46, 66, '2022-05-18 18:33:55', '2022-05-18 18:33:55'),
(216, 46, 67, '2022-05-18 18:33:55', '2022-05-18 18:33:55'),
(217, 46, 68, '2022-05-18 18:33:55', '2022-05-18 18:33:55'),
(218, 46, 69, '2022-05-18 18:33:55', '2022-05-18 18:33:55'),
(219, 46, 70, '2022-05-18 18:33:55', '2022-05-18 18:33:55'),
(220, 46, 71, '2022-05-18 18:33:55', '2022-05-18 18:33:55'),
(221, 46, 72, '2022-05-18 18:33:55', '2022-05-18 18:33:55'),
(222, 46, 73, '2022-05-18 18:33:55', '2022-05-18 18:33:55'),
(223, 46, 74, '2022-05-18 18:33:55', '2022-05-18 18:33:55'),
(230, 151, 34, '2022-05-23 08:57:20', '2022-05-23 08:57:20'),
(231, 151, 42, '2022-05-23 08:57:20', '2022-05-23 08:57:20'),
(232, 152, 49, '2022-05-28 11:53:43', '2022-05-28 11:53:43');

--
-- Indexes for dumped tables
--

--
-- Indexes for table `categories`
--
ALTER TABLE `categories`
  ADD PRIMARY KEY (`id`),
  ADD UNIQUE KEY `name` (`name`);

--
-- Indexes for table `customers_balance`
--
ALTER TABLE `customers_balance`
  ADD PRIMARY KEY (`id`),
  ADD UNIQUE KEY `customers_balance_user_id_unique` (`user_id`);

--
-- Indexes for table `customers_responsible`
--
ALTER TABLE `customers_responsible`
  ADD PRIMARY KEY (`id`),
  ADD KEY `customers_responsible_user_id_foreign` (`user_id`);

--
-- Indexes for table `entry_and_exit`
--
ALTER TABLE `entry_and_exit`
  ADD PRIMARY KEY (`id`),
  ADD KEY `entry_and_exit_user_id_foreign` (`user_id`);

--
-- Indexes for table `failed_jobs`
--
ALTER TABLE `failed_jobs`
  ADD PRIMARY KEY (`id`);

--
-- Indexes for table `firebase_tokens`
--
ALTER TABLE `firebase_tokens`
  ADD PRIMARY KEY (`id`),
  ADD UNIQUE KEY `firebase_tokens_token_unique` (`token`),
  ADD KEY `firebase_tokens_user_id_foreign` (`user_id`);

--
-- Indexes for table `inquires_histories`
--
ALTER TABLE `inquires_histories`
  ADD PRIMARY KEY (`id`),
  ADD KEY `inquires_histories_inquire_id_foreign` (`inquire_id`),
  ADD KEY `inquires_histories_user_id_foreign` (`user_id`);

--
-- Indexes for table `inquires_view`
--
ALTER TABLE `inquires_view`
  ADD PRIMARY KEY (`id`),
  ADD UNIQUE KEY `inquires_view_inquire_id_user_id_unique` (`inquire_id`,`user_id`),
  ADD KEY `inquires_view_user_id_foreign` (`user_id`);

--
-- Indexes for table `inquiries`
--
ALTER TABLE `inquiries`
  ADD PRIMARY KEY (`id`),
  ADD KEY `inquiries_category_id_foreign` (`category_id`),
  ADD KEY `inquiries_customer_id_foreign` (`customer_id`),
  ADD KEY `inquiries_sub_category_id_foreign` (`sub_category_id`);

--
-- Indexes for table `migrations`
--
ALTER TABLE `migrations`
  ADD PRIMARY KEY (`id`);

--
-- Indexes for table `news`
--
ALTER TABLE `news`
  ADD PRIMARY KEY (`id`);

--
-- Indexes for table `news_view`
--
ALTER TABLE `news_view`
  ADD PRIMARY KEY (`id`),
  ADD UNIQUE KEY `news_view_new_id_user_id_unique` (`new_id`,`user_id`),
  ADD KEY `news_view_user_id_foreign` (`user_id`);

--
-- Indexes for table `orders`
--
ALTER TABLE `orders`
  ADD PRIMARY KEY (`id`),
  ADD KEY `orders_category_id_foreign` (`category_id`),
  ADD KEY `orders_customer_id_foreign` (`customer_id`),
  ADD KEY `orders_ibfk_1` (`employee_id`),
  ADD KEY `orders_status_id_foreign` (`status_id`),
  ADD KEY `orders_sub_category_id_foreign` (`sub_category_id`);

--
-- Indexes for table `orders_histories`
--
ALTER TABLE `orders_histories`
  ADD PRIMARY KEY (`id`),
  ADD KEY `orders_histories_order_id_foreign` (`order_id`),
  ADD KEY `orders_histories_user_id_foreign` (`user_id`),
  ADD KEY `orders_histories_status_id_foreign` (`status_id`);

--
-- Indexes for table `orders_under_work`
--
ALTER TABLE `orders_under_work`
  ADD PRIMARY KEY (`id`),
  ADD KEY `orders_under_work_category_id_foreign` (`category_id`),
  ADD KEY `orders_under_work_customer_id_foreign` (`customer_id`),
  ADD KEY `orders_under_work_status_id_foreign` (`status_id`),
  ADD KEY `orders_under_work_sub_category_id_foreign` (`sub_category_id`);

--
-- Indexes for table `orders_under_work_histories`
--
ALTER TABLE `orders_under_work_histories`
  ADD PRIMARY KEY (`id`),
  ADD KEY `orders_under_work_histories_order_id_foreign` (`order_id`),
  ADD KEY `orders_under_work_histories_user_id_foreign` (`user_id`),
  ADD KEY `orders_under_work_histories_status_id_foreign` (`status_id`);

--
-- Indexes for table `orders_under_work_viewers`
--
ALTER TABLE `orders_under_work_viewers`
  ADD PRIMARY KEY (`id`),
  ADD UNIQUE KEY `orders_under_work_viewers_order_under_work_id_user_id_unique` (`order_under_work_id`,`user_id`),
  ADD KEY `orders_under_work_viewers_user_id_foreign` (`user_id`);

--
-- Indexes for table `orders_view`
--
ALTER TABLE `orders_view`
  ADD PRIMARY KEY (`id`),
  ADD UNIQUE KEY `orders_view_order_id_user_id_unique` (`order_id`,`user_id`),
  ADD KEY `orders_view_user_id_foreign` (`user_id`);

--
-- Indexes for table `password_resets`
--
ALTER TABLE `password_resets`
  ADD KEY `password_resets_email_index` (`email`);

--
-- Indexes for table `permessions`
--
ALTER TABLE `permessions`
  ADD PRIMARY KEY (`id`),
  ADD UNIQUE KEY `permessions_name_key_unique` (`name`,`key`);

--
-- Indexes for table `roles`
--
ALTER TABLE `roles`
  ADD PRIMARY KEY (`id`),
  ADD UNIQUE KEY `roles_name_unique` (`name`);

--
-- Indexes for table `roles_permessions`
--
ALTER TABLE `roles_permessions`
  ADD PRIMARY KEY (`id`),
  ADD UNIQUE KEY `roles_permessions_role_id_permession_id_unique` (`role_id`,`permession_id`),
  ADD KEY `roles_permessions_permession_id_foreign` (`permession_id`);

--
-- Indexes for table `settings`
--
ALTER TABLE `settings`
  ADD PRIMARY KEY (`id`),
  ADD UNIQUE KEY `settings_type_unique` (`type`);

--
-- Indexes for table `statuses`
--
ALTER TABLE `statuses`
  ADD PRIMARY KEY (`id`);

--
-- Indexes for table `sub_categories`
--
ALTER TABLE `sub_categories`
  ADD PRIMARY KEY (`id`),
  ADD KEY `sub_categories_category_id_foreign` (`category_id`);

--
-- Indexes for table `users`
--
ALTER TABLE `users`
  ADD PRIMARY KEY (`id`),
  ADD UNIQUE KEY `users_email_unique` (`email`),
  ADD UNIQUE KEY `users_username_unique` (`username`);

--
-- Indexes for table `users_roles`
--
ALTER TABLE `users_roles`
  ADD PRIMARY KEY (`id`),
  ADD UNIQUE KEY `users_roles_user_id_role_id_unique` (`user_id`,`role_id`),
  ADD KEY `users_roles_role_id_foreign` (`role_id`);

--
-- Indexes for table `user_categories`
--
ALTER TABLE `user_categories`
  ADD PRIMARY KEY (`id`),
  ADD UNIQUE KEY `user_categories_user_id_category_id_unique` (`user_id`,`category_id`),
  ADD KEY `user_categories_category_id_foreign` (`category_id`);

--
-- Indexes for table `user_sub_categories`
--
ALTER TABLE `user_sub_categories`
  ADD PRIMARY KEY (`id`),
  ADD UNIQUE KEY `user_sub_categories_user_id_sub_category_id_unique` (`user_id`,`sub_category_id`),
  ADD KEY `user_sub_categories_sub_category_id_foreign` (`sub_category_id`);

--
-- AUTO_INCREMENT for dumped tables
--

--
-- AUTO_INCREMENT for table `categories`
--
ALTER TABLE `categories`
  MODIFY `id` bigint(20) UNSIGNED NOT NULL AUTO_INCREMENT, AUTO_INCREMENT=26;

--
-- AUTO_INCREMENT for table `customers_balance`
--
ALTER TABLE `customers_balance`
  MODIFY `id` bigint(20) UNSIGNED NOT NULL AUTO_INCREMENT, AUTO_INCREMENT=15;

--
-- AUTO_INCREMENT for table `customers_responsible`
--
ALTER TABLE `customers_responsible`
  MODIFY `id` bigint(20) UNSIGNED NOT NULL AUTO_INCREMENT, AUTO_INCREMENT=181;

--
-- AUTO_INCREMENT for table `entry_and_exit`
--
ALTER TABLE `entry_and_exit`
  MODIFY `id` bigint(20) UNSIGNED NOT NULL AUTO_INCREMENT, AUTO_INCREMENT=9;

--
-- AUTO_INCREMENT for table `failed_jobs`
--
ALTER TABLE `failed_jobs`
  MODIFY `id` bigint(20) UNSIGNED NOT NULL AUTO_INCREMENT;

--
-- AUTO_INCREMENT for table `firebase_tokens`
--
ALTER TABLE `firebase_tokens`
  MODIFY `id` bigint(20) UNSIGNED NOT NULL AUTO_INCREMENT, AUTO_INCREMENT=23;

--
-- AUTO_INCREMENT for table `inquires_histories`
--
ALTER TABLE `inquires_histories`
  MODIFY `id` bigint(20) UNSIGNED NOT NULL AUTO_INCREMENT, AUTO_INCREMENT=2;

--
-- AUTO_INCREMENT for table `inquires_view`
--
ALTER TABLE `inquires_view`
  MODIFY `id` bigint(20) UNSIGNED NOT NULL AUTO_INCREMENT, AUTO_INCREMENT=43;

--
-- AUTO_INCREMENT for table `inquiries`
--
ALTER TABLE `inquiries`
  MODIFY `id` bigint(20) UNSIGNED NOT NULL AUTO_INCREMENT, AUTO_INCREMENT=25;

--
-- AUTO_INCREMENT for table `migrations`
--
ALTER TABLE `migrations`
  MODIFY `id` int(10) UNSIGNED NOT NULL AUTO_INCREMENT, AUTO_INCREMENT=60;

--
-- AUTO_INCREMENT for table `news`
--
ALTER TABLE `news`
  MODIFY `id` bigint(20) UNSIGNED NOT NULL AUTO_INCREMENT, AUTO_INCREMENT=30;

--
-- AUTO_INCREMENT for table `news_view`
--
ALTER TABLE `news_view`
  MODIFY `id` bigint(20) UNSIGNED NOT NULL AUTO_INCREMENT, AUTO_INCREMENT=45;

--
-- AUTO_INCREMENT for table `orders`
--
ALTER TABLE `orders`
  MODIFY `id` bigint(20) UNSIGNED NOT NULL AUTO_INCREMENT, AUTO_INCREMENT=841;

--
-- AUTO_INCREMENT for table `orders_histories`
--
ALTER TABLE `orders_histories`
  MODIFY `id` bigint(20) UNSIGNED NOT NULL AUTO_INCREMENT, AUTO_INCREMENT=6;

--
-- AUTO_INCREMENT for table `orders_under_work`
--
ALTER TABLE `orders_under_work`
  MODIFY `id` bigint(20) UNSIGNED NOT NULL AUTO_INCREMENT, AUTO_INCREMENT=47;

--
-- AUTO_INCREMENT for table `orders_under_work_histories`
--
ALTER TABLE `orders_under_work_histories`
  MODIFY `id` bigint(20) UNSIGNED NOT NULL AUTO_INCREMENT, AUTO_INCREMENT=3;

--
-- AUTO_INCREMENT for table `orders_under_work_viewers`
--
ALTER TABLE `orders_under_work_viewers`
  MODIFY `id` bigint(20) UNSIGNED NOT NULL AUTO_INCREMENT, AUTO_INCREMENT=68;

--
-- AUTO_INCREMENT for table `orders_view`
--
ALTER TABLE `orders_view`
  MODIFY `id` bigint(20) UNSIGNED NOT NULL AUTO_INCREMENT, AUTO_INCREMENT=307;

--
-- AUTO_INCREMENT for table `permessions`
--
ALTER TABLE `permessions`
  MODIFY `id` bigint(20) UNSIGNED NOT NULL AUTO_INCREMENT, AUTO_INCREMENT=110;

--
-- AUTO_INCREMENT for table `roles`
--
ALTER TABLE `roles`
  MODIFY `id` bigint(20) UNSIGNED NOT NULL AUTO_INCREMENT, AUTO_INCREMENT=17;

--
-- AUTO_INCREMENT for table `roles_permessions`
--
ALTER TABLE `roles_permessions`
  MODIFY `id` bigint(20) UNSIGNED NOT NULL AUTO_INCREMENT, AUTO_INCREMENT=938;

--
-- AUTO_INCREMENT for table `settings`
--
ALTER TABLE `settings`
  MODIFY `id` bigint(20) UNSIGNED NOT NULL AUTO_INCREMENT, AUTO_INCREMENT=8;

--
-- AUTO_INCREMENT for table `statuses`
--
ALTER TABLE `statuses`
  MODIFY `id` bigint(20) UNSIGNED NOT NULL AUTO_INCREMENT, AUTO_INCREMENT=8;

--
-- AUTO_INCREMENT for table `sub_categories`
--
ALTER TABLE `sub_categories`
  MODIFY `id` bigint(20) UNSIGNED NOT NULL AUTO_INCREMENT, AUTO_INCREMENT=75;

--
-- AUTO_INCREMENT for table `users`
--
ALTER TABLE `users`
  MODIFY `id` bigint(20) UNSIGNED NOT NULL AUTO_INCREMENT, AUTO_INCREMENT=153;

--
-- AUTO_INCREMENT for table `users_roles`
--
ALTER TABLE `users_roles`
  MODIFY `id` bigint(20) UNSIGNED NOT NULL AUTO_INCREMENT, AUTO_INCREMENT=80;

--
-- AUTO_INCREMENT for table `user_categories`
--
ALTER TABLE `user_categories`
  MODIFY `id` bigint(20) UNSIGNED NOT NULL AUTO_INCREMENT, AUTO_INCREMENT=71;

--
-- AUTO_INCREMENT for table `user_sub_categories`
--
ALTER TABLE `user_sub_categories`
  MODIFY `id` bigint(20) UNSIGNED NOT NULL AUTO_INCREMENT, AUTO_INCREMENT=233;

--
-- Constraints for dumped tables
--

--
-- Constraints for table `customers_balance`
--
ALTER TABLE `customers_balance`
  ADD CONSTRAINT `customers_balance_user_id_foreign` FOREIGN KEY (`user_id`) REFERENCES `users` (`id`) ON DELETE CASCADE;

--
-- Constraints for table `customers_responsible`
--
ALTER TABLE `customers_responsible`
  ADD CONSTRAINT `customers_responsible_user_id_foreign` FOREIGN KEY (`user_id`) REFERENCES `users` (`id`) ON DELETE CASCADE;

--
-- Constraints for table `entry_and_exit`
--
ALTER TABLE `entry_and_exit`
  ADD CONSTRAINT `entry_and_exit_user_id_foreign` FOREIGN KEY (`user_id`) REFERENCES `users` (`id`) ON DELETE CASCADE ON UPDATE CASCADE;

--
-- Constraints for table `firebase_tokens`
--
ALTER TABLE `firebase_tokens`
  ADD CONSTRAINT `firebase_tokens_user_id_foreign` FOREIGN KEY (`user_id`) REFERENCES `users` (`id`) ON DELETE CASCADE;

--
-- Constraints for table `inquires_histories`
--
ALTER TABLE `inquires_histories`
  ADD CONSTRAINT `inquires_histories_inquire_id_foreign` FOREIGN KEY (`inquire_id`) REFERENCES `inquiries` (`id`) ON DELETE CASCADE,
  ADD CONSTRAINT `inquires_histories_user_id_foreign` FOREIGN KEY (`user_id`) REFERENCES `users` (`id`) ON DELETE CASCADE;

--
-- Constraints for table `inquires_view`
--
ALTER TABLE `inquires_view`
  ADD CONSTRAINT `inquires_view_inquire_id_foreign` FOREIGN KEY (`inquire_id`) REFERENCES `inquiries` (`id`) ON DELETE CASCADE ON UPDATE CASCADE,
  ADD CONSTRAINT `inquires_view_user_id_foreign` FOREIGN KEY (`user_id`) REFERENCES `users` (`id`) ON DELETE CASCADE ON UPDATE CASCADE;

--
-- Constraints for table `inquiries`
--
ALTER TABLE `inquiries`
  ADD CONSTRAINT `inquiries_category_id_foreign` FOREIGN KEY (`category_id`) REFERENCES `categories` (`id`) ON DELETE CASCADE ON UPDATE CASCADE,
  ADD CONSTRAINT `inquiries_customer_id_foreign` FOREIGN KEY (`customer_id`) REFERENCES `users` (`id`) ON DELETE CASCADE ON UPDATE CASCADE,
  ADD CONSTRAINT `inquiries_sub_category_id_foreign` FOREIGN KEY (`sub_category_id`) REFERENCES `sub_categories` (`id`) ON DELETE CASCADE ON UPDATE CASCADE;

--
-- Constraints for table `news_view`
--
ALTER TABLE `news_view`
  ADD CONSTRAINT `news_view_new_id_foreign` FOREIGN KEY (`new_id`) REFERENCES `news` (`id`) ON DELETE CASCADE ON UPDATE CASCADE,
  ADD CONSTRAINT `news_view_user_id_foreign` FOREIGN KEY (`user_id`) REFERENCES `users` (`id`) ON DELETE CASCADE ON UPDATE CASCADE;

--
-- Constraints for table `orders`
--
ALTER TABLE `orders`
  ADD CONSTRAINT `orders_category_id_foreign` FOREIGN KEY (`category_id`) REFERENCES `categories` (`id`) ON DELETE CASCADE ON UPDATE CASCADE,
  ADD CONSTRAINT `orders_customer_id_foreign` FOREIGN KEY (`customer_id`) REFERENCES `users` (`id`) ON DELETE CASCADE ON UPDATE CASCADE,
  ADD CONSTRAINT `orders_ibfk_1` FOREIGN KEY (`employee_id`) REFERENCES `users` (`id`) ON DELETE CASCADE ON UPDATE CASCADE,
  ADD CONSTRAINT `orders_status_id_foreign` FOREIGN KEY (`status_id`) REFERENCES `statuses` (`id`) ON DELETE CASCADE ON UPDATE CASCADE,
  ADD CONSTRAINT `orders_sub_category_id_foreign` FOREIGN KEY (`sub_category_id`) REFERENCES `sub_categories` (`id`) ON DELETE CASCADE ON UPDATE CASCADE;

--
-- Constraints for table `orders_histories`
--
ALTER TABLE `orders_histories`
  ADD CONSTRAINT `orders_histories_order_id_foreign` FOREIGN KEY (`order_id`) REFERENCES `orders` (`id`) ON DELETE CASCADE,
  ADD CONSTRAINT `orders_histories_status_id_foreign` FOREIGN KEY (`status_id`) REFERENCES `statuses` (`id`) ON DELETE CASCADE,
  ADD CONSTRAINT `orders_histories_user_id_foreign` FOREIGN KEY (`user_id`) REFERENCES `users` (`id`) ON DELETE CASCADE;

--
-- Constraints for table `orders_under_work`
--
ALTER TABLE `orders_under_work`
  ADD CONSTRAINT `orders_under_work_category_id_foreign` FOREIGN KEY (`category_id`) REFERENCES `categories` (`id`) ON DELETE CASCADE ON UPDATE CASCADE,
  ADD CONSTRAINT `orders_under_work_customer_id_foreign` FOREIGN KEY (`customer_id`) REFERENCES `users` (`id`) ON DELETE CASCADE ON UPDATE CASCADE,
  ADD CONSTRAINT `orders_under_work_status_id_foreign` FOREIGN KEY (`status_id`) REFERENCES `statuses` (`id`) ON DELETE CASCADE ON UPDATE CASCADE,
  ADD CONSTRAINT `orders_under_work_sub_category_id_foreign` FOREIGN KEY (`sub_category_id`) REFERENCES `sub_categories` (`id`) ON DELETE CASCADE ON UPDATE CASCADE;

--
-- Constraints for table `orders_under_work_histories`
--
ALTER TABLE `orders_under_work_histories`
  ADD CONSTRAINT `orders_under_work_histories_order_id_foreign` FOREIGN KEY (`order_id`) REFERENCES `orders_under_work` (`id`) ON DELETE CASCADE,
  ADD CONSTRAINT `orders_under_work_histories_status_id_foreign` FOREIGN KEY (`status_id`) REFERENCES `statuses` (`id`) ON DELETE CASCADE,
  ADD CONSTRAINT `orders_under_work_histories_user_id_foreign` FOREIGN KEY (`user_id`) REFERENCES `users` (`id`) ON DELETE CASCADE;

--
-- Constraints for table `orders_under_work_viewers`
--
ALTER TABLE `orders_under_work_viewers`
  ADD CONSTRAINT `orders_under_work_viewers_order_under_work_id_foreign` FOREIGN KEY (`order_under_work_id`) REFERENCES `orders_under_work` (`id`) ON DELETE CASCADE ON UPDATE CASCADE,
  ADD CONSTRAINT `orders_under_work_viewers_user_id_foreign` FOREIGN KEY (`user_id`) REFERENCES `users` (`id`) ON DELETE CASCADE ON UPDATE CASCADE;

--
-- Constraints for table `orders_view`
--
ALTER TABLE `orders_view`
  ADD CONSTRAINT `orders_view_order_id_foreign` FOREIGN KEY (`order_id`) REFERENCES `orders` (`id`) ON DELETE CASCADE ON UPDATE CASCADE,
  ADD CONSTRAINT `orders_view_user_id_foreign` FOREIGN KEY (`user_id`) REFERENCES `users` (`id`) ON DELETE CASCADE ON UPDATE CASCADE;

--
-- Constraints for table `roles_permessions`
--
ALTER TABLE `roles_permessions`
  ADD CONSTRAINT `roles_permessions_permession_id_foreign` FOREIGN KEY (`permession_id`) REFERENCES `permessions` (`id`) ON DELETE CASCADE ON UPDATE CASCADE,
  ADD CONSTRAINT `roles_permessions_role_id_foreign` FOREIGN KEY (`role_id`) REFERENCES `roles` (`id`) ON DELETE CASCADE ON UPDATE CASCADE;

--
-- Constraints for table `sub_categories`
--
ALTER TABLE `sub_categories`
  ADD CONSTRAINT `sub_categories_category_id_foreign` FOREIGN KEY (`category_id`) REFERENCES `categories` (`id`) ON DELETE CASCADE;

--
-- Constraints for table `users_roles`
--
ALTER TABLE `users_roles`
  ADD CONSTRAINT `users_roles_role_id_foreign` FOREIGN KEY (`role_id`) REFERENCES `roles` (`id`) ON DELETE CASCADE ON UPDATE CASCADE,
  ADD CONSTRAINT `users_roles_user_id_foreign` FOREIGN KEY (`user_id`) REFERENCES `users` (`id`) ON DELETE CASCADE ON UPDATE CASCADE;

--
-- Constraints for table `user_categories`
--
ALTER TABLE `user_categories`
  ADD CONSTRAINT `user_categories_category_id_foreign` FOREIGN KEY (`category_id`) REFERENCES `categories` (`id`) ON DELETE CASCADE,
  ADD CONSTRAINT `user_categories_user_id_foreign` FOREIGN KEY (`user_id`) REFERENCES `users` (`id`) ON DELETE CASCADE;

--
-- Constraints for table `user_sub_categories`
--
ALTER TABLE `user_sub_categories`
  ADD CONSTRAINT `user_sub_categories_sub_category_id_foreign` FOREIGN KEY (`sub_category_id`) REFERENCES `sub_categories` (`id`) ON DELETE CASCADE,
  ADD CONSTRAINT `user_sub_categories_user_id_foreign` FOREIGN KEY (`user_id`) REFERENCES `users` (`id`) ON DELETE CASCADE;
COMMIT;

/*!40101 SET CHARACTER_SET_CLIENT=@OLD_CHARACTER_SET_CLIENT */;
/*!40101 SET CHARACTER_SET_RESULTS=@OLD_CHARACTER_SET_RESULTS */;
/*!40101 SET COLLATION_CONNECTION=@OLD_COLLATION_CONNECTION */;
